agent_1_tweet,agent_1_sim,agent_2_tweet,agent_2_sim,agent_3_tweet,agent_3_sim,agent_4_tweet,agent_4_sim,agent_5_tweet,agent_5_sim,agent_6_tweet,agent_6_sim
* Update: #TropicalStorm Florence could form soon in east Atlantic  https://t.co/aqrABtcexX * Tropical storm conditions expected over Cape Verde islands: NHC  Reuters * Tropical storm expected soon in Atlantic; Hurricane… https://t.co/44gKKAceFI via https://t.co/nitEnWQLIQ https://t.co/ihelw5h5qD,"Okay, here's a summary in under 500 characters, reflecting my perspective as an elderly, wheelchair-bound resident:

""It‚Äôs a nasty tornado warning! They‚Äôre predicting one near Frisco, and it could be really dangerous. I need to get to a basement immediately. It'll likely destroy my house and surrounding properties. I‚Äôm going to evacuate, probably my basement home, staying inside is best!""",Hurricane Florence likely to form in Atlantic by Monday | Video https://t.co/bsvy4jgzzI https://t.co/9jpgpn49wZ,"This is a severe, potentially dangerous tornado warning. It was triggered by a thunderstorm near Frisco, with winds exceeding 70 mph. It poses risks with flying debris and potential damage to buildings, especially mobile homes and vehicles. I will move to a shelter immediately.",Potential #TropicalCycloneSix currently bringing heavy rain and strong #winds to the #CapeVerde Islands out in the Atlantic. #Six expected to become #TropicalStorm #Florence in the next few hours and likely to develop into a #Hurricane next week. Should remain out in mid-Atlantic https://t.co/mIh3kvGuXz,"This is a serious thunderstorm warning for southeastern North Carolina. A tornado is predicted, with heavy winds and potential flying debris. I need to take shelter immediately and prepare for damage and possibly evacuation. ","Tropical Storm Florence brings warnings to Cabo Verde Islands, could become hurricane early next week tracking to Gulf https://t.co/yjVAxTOFo0","The message indicates a severe thunderstorm with a potential tornado near Frisco and surrounding areas. It‚Äôs advising to cover, avoid windows, and seek shelter until 915 PM EDT.  We‚Äôre considering an evacuation as the tornado threat is considerable.","@NHC_Atlantic 
@NHC_Pacific 
@NHC_Surge
@GregPostel 
@EricBlake12 
@DrRickKnabb 
@TropicalTidbits 

#Hurricane #Florence #ncwx #scwx #vawx #gawx #flwx #mdwx #dewx #njwx",The storm is a tornado watch in southeastern North Carolina. It‚Äôs danger is flying debris. You need to go to a shelter.,Potential Storm #6 may become tropical storm Florence on Friday. It may reach category 1 intensity in the long haul but expected to remain over open waters. @7weather https://t.co/TCcYvunrBD,"I‚Äôm likely to evacuate ‚Äì a powerful tornado is coming! Urgent action is needed, so stay safe and take cover immediately. üö®"
"Tropical Storm Florence could form soon in east Atlantic  https://t.co/hqiz6kPhyc  GET #Hurricane READY #Florida Call 800 679 0369 #BBB &gt; New Roofs, Hurricane Impact Windows Doors Shutter Systems, Screen Pool Enclosures https://t.co/tIMs70lB73","Okay, here‚Äôs my response, aiming for that feeling of a concerned resident:

‚ÄúYeah, I'm already prepared. The tornado warning is seriously worrying ‚Äì a tornado is dangerous! It's asking me to take cover in a basement or a sheltered room. I‚Äôm going to move immediately to a safe place, even if it means staying inside.‚Äù",Hurricane Florence likely to form in Atlantic by Monday | Video https://t.co/mUJBpeSOX8,"This is a serious tornado watch over southeast North Carolina. We need to shelter in place, moving to the lowest interior room ‚Äì basement or sheltered location ‚Äì away from windows. I‚Äôm choosing to stay put.",BIG WATCH!! CATEGORY 5 HURRICANE FLORENCE HEADING FOR EAST COAST (NEW YORK?) THE TSUNAMI IS COMING! https://t.co/j4rIWyc8GC,"Okay, here‚Äôs a concise account of the situation, aiming for under 500 characters:

A powerful, rapidly rotating tornado watch is issued in southeastern North Carolina. Severe thunderstorms with a tornado threat are occurring near Frisco and are likely to move over rural areas. **It is advising people to take cover immediately.**","HOLY (fill in) ... Looks like ATL tropics about to go BOOM !!! Looks like Gordon will form in GOM ... Florence should become a hurricane (possibly major).. run to EC still a ? Another wave off Africa ... &amp; a ""conga line"" of lows over Africa ... some will become ""Cape Verde"" TC's https://t.co/YMr3cFlAVU","Okay, let‚Äôs break it down. This is a severe thunderstorm with a high risk of tornadoes in southeastern North Carolina, centered around Frisco. Tornado warnings are issued, and falling debris is dangerous. It‚Äôs urging residents to take shelter, especially in basements or interior rooms. It‚Äôs important to seek further information from the NWS.

**Yes, I‚Äôm going to evacuate. The tornado warning requires it.**",,"It‚Äôs a tornado coming from eastern North Carolina, likely near Frisco. Need to get indoors and somewhere safe, like a basement. Likely evacuating.",The National Hurricane Center is 90% sure that this wave off the coast of Africa will develope into our next tropical system within the next 48 hours. #AtlanticWx #HurricaneSeason #Florence? https://t.co/fMjai0BCMx,"My family and I have lived here for many years. We‚Äôre aware of the threat and are preparing to move to a safe shelter, possibly underground, until the storm passes. "
"The next Hurricane name is ""Florence"", btw. https://t.co/16vmlBaPrI","Okay, here‚Äôs my assessment, in under 500 characters:

The message warns of a tornado and potential flying debris over southeastern North Carolina. It urges people to move indoors to safety, especially in buildings or interior rooms. I will report any damage, including downed trees. **I am not evacuating; I will be monitoring conditions and prepared.**",Hurricane Florence likely to form in Atlantic by Monday | Video https://t.co/R5UiV6HPXt,"Okay, here‚Äôs my understanding, under 500 chars, with the evacuation takeaway: 

‚ÄúAn approaching tornado warning covers southeastern North Carolina counties due to a severe thunderstorm and rotating radar. Evacuating is required; immediate shelter under a basement or interior room is crucial to avoid flying debris.‚Äù","The Atlantic hurricane season switch has been flipped on.

A disturbance near the Bahamas has an 80% chance of developing in the Gulf of Mexico. Model data shows a tropical storm near New Orleans midweek (pic #2).

ECMWF model show Florence nearing the US in 10 days (pic #3). https://t.co/QonmDGI7ZR","It‚Äôs a severe thunderstorm, with a tornado likely nearby. There‚Äôs a tornado alert, potential for flying debris and roof damage, urging immediate shelter in a sturdy building. It‚Äôs a dangerous situation requiring urgent action.  I'll evacuate.","Tropics Update: Tropical Storm Gordon and Hurricane Florence, 9/4/18 https://t.co/MpNhdxWO5v via @YouTube                 And Florence then Helene.","Okay, here‚Äôs a breakdown of my understanding, in under 500 characters, and a response to your question:

**Understanding:**

The message warns of a severe, potentially deadly tornado coming from the southeast of southeastern Hyde and Dare counties. Hail and flying debris are the main danger, including potential damage to homes. It's urging me to evacuate or seek shelter immediately.

**Evacuation:** Yes, I'm going to evacuate to a basement or interior room, ensuring shelter is crucial. Safety is the priority.",#TropicalStormFlorence #HurricaneFlorence #Hurricane #Florence #HurricaneStrong https://t.co/mt8ZonNZvn,"Storm watch! Tornado is warned in southern NC. Moving west, dangerous debris. Protect yourself inside a sturdy building. You should evacuate to a safe area.",* #Tropicalstorm expected soon in Atlantic; Hurricane Norman winds now up to 150 mph  TCPalm * Update: Tropical Storm Florence could form soon in east Atlantic  https://t.co/aqrABtcexX * Tropical storm conditions expected over… https://t.co/41grW2003x via https://t.co/nitEnWQLIQ https://t.co/tv6MWaNexG,"Okay, here‚Äôs a response attempting to fulfill the prompt, drawing on my understanding of the situation and conveying it succinctly:

""A severe tornado warning is issued for southeastern North Carolina, with potential damage to homes, cars and trees due to the approaching storm. I‚Äôm going to evacuate and seek shelter in a sturdy building.‚Äù"
"Potential Tropical Cyclone Six is nearing the Cape Verde Islands. Six is expected to strengthen into a Tropical Storm, and then Hurricane over the next 5 days. If so, this cyclone will take the name #Florence and is expected to stay out to sea. #tropics https://t.co/cMFLEjlAZ3","Okay, let‚Äôs break this down. 

It‚Äôs a severe thunderstorm moving towards southeastern North Carolina. A tornado is possible. People need to find shelter in a strong building, away from windows, and get reports of damage. I‚Äôm considering evacuating as the risk of falling debris is high. 

Essentially, a tornado watch is in place. ",Hurricane Florence likely to form in Atlantic by Monday | Video https://t.co/R5UiV6qeyT,"Okay, here‚Äôs my take, aiming for concise and believable:

The message warns about a severe thunderstorm over Southeast North Carolina with a potential tornado. They're asking us to take shelter ‚Äì basement or interior rooms ‚Äì because of flying debris and possible damage. Likely I‚Äôll evacuate because of the risk.","... so at Day 8 both models have now-Hurricane Florence close to the same place, with a stronger ridge building to the north. GFS is left, Euro is right. https://t.co/ZtOyNCw0GM","Okay, here's my response:

This is a severe thunderstorm warning for southeastern North Carolina ‚Äì a tornado is likely. **Evacuate** ‚Äì move to a safe basement or sturdy shelter to protect from heavy wind, hail, and falling debris. Stay safe!",Hurricane Florence Public Advisory Number 23 https://t.co/7d4SFH3Xka - snhqweather,"Okay, here's my understanding, as a resident of Manteo, in under 500 characters, considering my situation and the alert:

It‚Äôs a severe thunderstorm approaching Southeastern NC. Tornado warning means a tornado is likely, and there‚Äôs a high risk of falling debris, especially near homes. I need to evacuate or get to a safe room. My mobility limitations require action NOW! ‚ö°Ô∏è",#TropicalStormFlorence #HurricaneFlorence #Hurricane #Florence #HurricaneStrong https://t.co/aH2Pht97hL,"It's a tornado warning. Tornado possible near Frisco, in rural areas. Move to a safe shelter - basement or interior room. Call the Weather Service. Don‚Äôt stay outdoors.","Tropical Update

The formation chances have increased. According to the National Hurricane Center this storm will be a tropical storm by tomorrow morning.  #Florence #woay #stormwatch https://t.co/WkF67r3plW",This is a tornado warning! A severe thunderstorm is forming over southeastern North Carolina. It's moving northwest and a tornado is predicted near Frisco. Get to a safe basement or interior room ‚Äì avoid windows and mobile homes. Report damage and hail. ‚ö†Ô∏è
* #Tropicalstorm expected soon in Atlantic; Hurricane Norman winds now up to 150 mph  TCPalm * Update: Tropical Storm Florence could form soon in east Atlantic  https://t.co/aqrABtcexX * Tropical storm conditions expected over… https://t.co/04XRO0RnnF via https://t.co/nitEnWQLIQ https://t.co/DXOtpqyr3S,"Okay, here‚Äôs my response, incorporating the provided information and keeping within the character limit:

‚ÄúI‚Äôm elderly and need wheelchair assistance, so I‚Äôm going to evacuate to a basement or sturdy interior room. I‚Äôm staying safe and away from windows and trees, watching for wind/ hail damage from a safe location.‚Äù 

(I'm considering evacuating because of the tornado warning.) ",Here's the latest track for PTC 6 from .@NHC_Atlantic could become #Florence  by tomorrow evening. Could become a Hurricane by Labor Day. Should remain out to see though.. #Tropics https://t.co/ZWMzVR0kv5,"Okay, let's break down this alert.

A severe thunderstorm is approaching southeastern Hyde and Dare Counties. A tornado is imminent, posing a serious hazard. It‚Äôs advised to immediately go inside or to a sturdy shelter.  I will report any damage to downed trees. 

Yes, I‚Äôm likely going to evacuate.","4 Hurricanes in the Gulf &amp; Atlantic Ocean a possibility. #Florence a Threat!
#Hurricane #Tropics #Atlantic #Florida #EastCoast #Gulf 
https://t.co/QO7Z2NZicK","Heavy storm in southeastern North Carolina, possible tornado over rural areas. High winds, debris dangers & possible roof damage likely! Likely evacuating. 

**Okay,** I'd evacuate! It‚Äôs a severe tornado risk.","Possible ""Hurricane Florence"" forming off the coast of Africa. Also, a tropical storm likely to form in the Caribbean later this week.
What sort of Disaster Recovery plans do you have set up for your business? #USATODAY  https://t.co/jcapsKNUKN https://t.co/CZgJeIq9NL","The storm is a tornado moving over southeastern North Carolina. It's highly dangerous, with debris and potential structural damage. Heavy rain and wind are also expected, and you should move to shelter. It‚Äôs advised to evacuate immediately. 

**Yes, I'm evacuating to a basement.**","Gostei de um vídeo do @YouTube https://t.co/yyX2Qh212B Hurricane Florence Watch - South Beach, Miami Beach, Florida USA - Live Stream","It‚Äôs a severe thunderstorm, possible tornadoes! It‚Äôs warning about tornadoes and debris, so move to safe places. Evacuation is needed.",#td6 will likely become a tropical storm over the next 24 hours. If it develops it will be called Florence #hurricane #tropicalstorm https://t.co/fZkgYrUEU9,"Okay, here's a response based on that message, fitting within the 500 character limit:

""I'm going to evacuate. A severe storm is heading northwest, posing a danger of tornadoes and heavy wind/branches.  I‚Äôm prepared and moving to a basement/interior shelter."""
FLORENCE is in the making...hurricane in the Central Atlantic by next week. Here's the play by play. #fox35 #gdo https://t.co/7KIWF0eTPo,"Okay, let's analyze the alert.

‚ÄúA tornado warning was issued for southeastern Hyde and Dare Counties, North Carolina, with a severe thunderstorm near Frisco. It‚Äôs extremely dangerous to be outdoors or in a vulnerable location ‚Äì including mobile homes and vehicles. I'm advised to get under/inside sturdy structures, avoid windows, and to report any damage (especially trees or limbs). I'm staying home and safely prepared.‚Äù

My understanding: This is a life-threatening threat due to a tornado. I‚Äôm prioritizing shelter and reporting any damages. **I am NOT evacuating. Staying home is my safest position.**",* #Tropicalstorm expected soon in Atlantic; Hurricane Norman winds now up to 150 mph  TCPalm * Update: Tropical Storm Florence could form soon in east Atlantic  https://t.co/aqrABtcexX * Tropical storm conditions expected over… https://t.co/d04Lcq7eha via https://t.co/nitEnWQLIQ https://t.co/UjWgv5nheU,"The alert is for a tornado warning in eastern North Carolina. It‚Äôs dangerous with spinning winds, flying debris, and potentially damaging structures. I will focus on shelter.",#Florence is now a Category 1 hurricane.,"This is a severe thunderstorm with a tornado threat in Southeast NC. Avoid windows, take shelter ‚Äì basement or interior rooms ‚Äì and report wind and debris. It‚Äôs recommending immediate safety measures. Given the tornado warning, I will likely evacuate.",Hurricane Florence now a category 3 storm.  As of 8am winds have increased to 120mph and it is moving slower at 10mph to the WNW.  Full details on the track of the storm and what it could mean for #RVA coming up on @8NEWS  at 9am. Also at https://t.co/c3eI8gEnZt https://t.co/VAFYlMBEpX,"Okay, here‚Äôs a concise summary and response about the notification:

**Understandings:**

A severe thunderstorm with a tornado watch is happening over southeastern North Carolina, specifically Hyde and Dare counties. Tornado warnings are in effect. It‚Äôs dangerous ‚Äì debris, damaged homes, and vehicles are likely.

**Evacuate:** Yes, *immediately* move indoors to the lowest level and seek shelter.

**Important Actions:**

*   Minimize exposure to falling debris.
*   Inform the National Weather Service of any damage.
*   Stay inside until authorities advise otherwise.",#TropicalStormFlorence #HurricaneFlorence #Hurricane #Florence https://t.co/t74cWRDdq9,Severe storm near southeastern North Carolina. Tornado watch ‚Äì move to shelter. It‚Äôll cause damage.,"* #TropicalStorm Florence brings warnings to Cabo Verde Islands, could become hurricane next week  Orlando Sentinel * Tropical storm expected soon in Atlantic; Hurricane Norman winds hold steady at 150 mph  TCPalm * System off… https://t.co/k0lb8cz3eb via https://t.co/nitEnWQLIQ https://t.co/2eWdFbqX2G","The alert means a powerful, whirling thunderstorm with a tornado near Frisco is headed southeast in North Carolina. It‚Äôs highly dangerous - flying debris, rooftops & windows may be damaged. We MUST take cover NOW ‚Äì to a basement or interior room. Moving away from windows is crucial."
"Tropical Update

The formation chances have increased. According to the National Hurricane Center this storm will be a tropical storm by tomorrow morning.  #Florence #woay #stormwatch https://t.co/Z0XUD6kga1","This is a violent tornado warning threatening southeastern North Carolina. Avoid known shelters, and seek higher ground or sturdy building interiors. Move to a basement or interior room, taking immediate cover.",Which path will #Florence take once a #Hurricane ? Any direction possible. #Uncertainty #hurricaneFlorence via: @wxcharts https://t.co/4aWLBBiGAN,"It's a severe thunderstorm over southeastern North Carolina, with a tornado threat. Tornado Warnings are issued. Travel to basement or interior rooms; seek shelter in a sturdy building if outdoors or in a mobile home. Report damage promptly. Evacuate if instructed by authorities.",Meteorologist Gannon @medwick will talk about #HurricaneFlorence during News Now at 11 a.m. Watch here » https://t.co/yl30rNINGw https://t.co/fxOJg5cRhH,"Okay, here's a summary of the message, in less than 500 characters, incorporating my perspective and response:

**The message highlights a severe tornado threat in southeastern North Carolina.** It requires immediate action ‚Äì shelter-in-place with coverage. While I‚Äôm not evacuating, securing my home with sturdy windows and outdoor protection is crucial. I‚Äôll report damage.",Hurricane #Florence has reached category 3. Now a major hurricane.,"The message warns of a tornado approaching southeastern North Carolina, causing heavy rain and possible damage. Residents must move to shelters and avoid windows and trees. Heavy winds and possible hail are anticipated. Likely evacuation is necessary.",,"Okay, here's my response in Spanish:

Estamos en peligro! Hay un tornado en camino. Debemos huir a un lugar seguro, como un s√≥tano o en un interior con poca luz. No hay sitio seguro.

We are in danger! There‚Äôs a tornado approaching. We must evacuate to a safe place like a basement or interior room with little light. There‚Äôs no safe place. 

I am not going to evacuate, but I will report any damage.","#PTC6 may cause tropical storm conditions on the Cabo Verde islands. It is likely to become #Florence, but further forecast is a bit uncertain. It may enter the subtropics area in the next few days. #hurricane #tropics https://t.co/JNnFFj33lx","Okay, here's a response breaking it down in under 500 characters:

Okay, this is concerning. It‚Äôs a severe tornado watch over southeastern Hyde & Dare Counties ‚Äì likely rural areas. Flying debris and damage to homes are major threats. I need to quickly get undercover now. Evacuating is my priority."
"Potential Tropical Cyclone #Six set to become Tropical Storm #Florence today near the Cabo Verde islands. 
This will be the 6th named storm of the Atlantic Hurricane Season. https://t.co/fAoZMKHa0n","A severe thunderstorm is happening, pointing a tornado in southeastern Hyde & Dare Counties. It‚Äôs a major risk of flying debris and damage to structures and vehicles, so I need to take shelter. I will not evacuate.",* #Tropicalstorm expected soon in Atlantic; Hurricane Norman winds now up to 150 mph  TCPalm * Update: Tropical Storm Florence could form soon in east Atlantic  https://t.co/aqrABtcexX * Tropical storm conditions expected over… https://t.co/nEcpM8wnpN via https://t.co/nitEnWQLIQ https://t.co/5gd62DCJ2q,"Okay, let's take this into account. It‚Äôs a dangerous tornado threat in southeastern North Carolina. They‚Äôve spotted a massive thunderstorm with a high-speed wind ‚Äì likely a tornado ‚Äì moving over rural areas. It‚Äôs urging people to take cover immediately. I‚Äôm NOT going to evacuate ‚Äì I'm going to be at my home and secure anything in my house.",We predict #Hurricanes. #NewYork keep an eye on #HurricaneFlorence https://t.co/1l0veDn1nE,"Okay, I‚Äôd respond with: 

‚ÄúIt‚Äôs a massive thunderstorm warning! Tornadoes are expected, bringing dangerous wind, hail, and roof damage in southeastern North Carolina. Sheltering is key - move to inside, away from windows and to a sturdy shelter.‚Äù

My understanding is to **EVACUATE**. The immediate danger points to a tornado.  It‚Äôs very serious and requires action.",A 10 day forecast for Hurricane Florence. Hard to say if this is accurate right now.  But something to watch. #HurricaneFlorence #HurricaneGordon #tropics https://t.co/Hlyr132VTD,"Okay, let‚Äôs dissect this alert:

It's a tornado warning for southeastern North Carolina‚Äôs rural areas due to a severe thunderstorm with rotation. Flying debris and potential for damage to homes and trees are the main concerns. I‚Äôm advised to move indoors to a shelter and avoid windows. **Likelihood of evacuation is needed.**","Hurricane Florence &amp; Discussion - September 8, 2018: https://t.co/eohr7gYbRk via @YouTube",The storm is coming ‚Äì a Tornado Warning. Move inside or to shelter. Expect damage and flying debris.  Evacuating is needed. ,Potential Tropical Cyclone #Six is forecast to organize into Tropical Storm #Florence later today as it passes south of the Cabo Verde islands. It may then become a #hurricane by early-next week over the open waters of the Atlantic Ocean. https://t.co/JZfmiz1Ykp,"Okay, here‚Äôs my understanding and assessment:

A severe thunderstorm is happening near Frisco, North Carolina, with a possible tornado. I'll **evacuate** to a sturdy shelter due to the tornado warning, prioritizing safety. This is a significant threat!"
"POTENTIAL TROPICAL CYCLONE SIX:  National Hurricane Center is watching this area near Cabo Verde Islands. 90% chance of becoming Tropical Storm Florence later today/tonight. Could produce rain of 4""-8"" over Cabo Verde. No threat to the U.S. https://t.co/6NO4xW5wsU","Okay, here's my response, reflecting my perspective as an elderly, disabled resident and considering the situation given the alert:

It‚Äôs a Tornado WARNING. East Cary and Dare counties are in danger. Tornadoes could damage my home, and mobile homes. **I'm staying indoors and covering myself.** It‚Äôs risky. I‚Äôm going to evacuate! 

(That‚Äôs the core message for me)","Tropical Storm Florence likely to develop today, become hurricane next week https://t.co/HxzAAgfvAg https://t.co/72EqwSdQoi","The message warns of a powerful tornado over southeastern North Carolina, potentially threatening rural areas with high winds and flying debris.  It‚Äôs highly urged to seek shelter in a basement or interior room. I will report any damage. 

**Evacue**‡§∂‡§® is recommended. ","T.S. Florence has been upgraded to a Hurricane Winds 75 mph 

T.S. Gordon is expected to make landfall tomorrow afternoon. He is expected to be a hurricane soon. 

Rainbow image is of Hurricane Florence 

And brand new PTC coming off Africa","Okay, here's my understanding in approximately 500 characters, including evacuation advice:

""The NWS is issuing a severe tornado threat in southeastern North Carolina due to a rotating thunderstorms. Focus is on rural areas with high risk of debris and potential damage. I need to get to a basement or interior room, avoid windows and outdoor areas.""

**Do I evacuate?** Absolutely! I've got a family member who needs me. My priority is safety.",#HURRICANE Florence becomes first major storm of 2018 Atlantic season https://t.co/ZeQpXBDGmA #FWCWeather,"Okay, here‚Äôs my response, aimed at being a resident of Manteo, incorporating the information provided and expressing my cautious thought process:

My understanding: A tornado is possible due to the National Weather Service‚Äôs warning. We're urged to get inside, protect ourselves from wind and debris, and report any damage. It‚Äôs a potentially serious situation, requiring immediate preparedness. I‚Äôm likely going to evacuate to a safe, interior location. ",#TropicalStormFlorence #HurricaneFlorence #Hurricane #Florence https://t.co/hOfnN0aUHS,"Shelter! Tornado warning means danger! Stay in a strong building, away from windows! Report damage. It's important to listen to the NWS. ","Look out. The tropical Atlantic is coming alive. A tropical development could become a hurricane by Sunday. If so, it would be named Florence. 
https://t.co/WPWKKju1g6
#TropicalUpdate #storms #Hurricane https://t.co/o0skHSRqJL","Okay, here's a response analyzing the message and explaining my thoughts, focusing on under 500 characters: 

It‚Äôs a severe tornado threat in southeastern Hyde and Dare Counties. I *WILL* evacuate to a sturdy shelter with immediate cover. Tornado warnings and potential hazardous wind/hail damage demand immediate action. 

**Here‚Äôs a summary:**

A powerful tornado is brewing in the region. Evacuation is crucial given the imminent risk."
"TROPICS 1 / 2: Friday dawns with the National Hurricane Center maintaining its classification of the Cabo Verde disturbance as ""Potential Tropical Cyclone"" Six. It should become a tropical storm named Florence soon. It's unlikely to threaten North America. #WECTwx #ilmwx @medwick https://t.co/UjYqWLp2WK","Okay, let‚Äôs break this down.

Essentially, a **severe thunderstorm is imminent in southeastern North Carolina**. Tornadoes are possible, and flying debris will be dangerous. I need to seek shelter now, ideally in a sturdy, interior location.

**My Action:** I will evacuate to a basement.","8AM TROPICS UPDATE: The tropical wave off the west coast of Africa is likely to become a storm by tomorrow. If a storm develops, it will be named Florence and be our 6th named storm of the 2018 Atlantic Hurricane Season. 

@WSAVKrisA @KyleDennisWx @wsavleeh https://t.co/dM57j9GSsp","Okay, here's a breakdown in under 500 characters, reflecting my likely understanding of the situation and considering my age:

""Okay, it's a serious weather threat! A powerful tornado is predicted for Southeastern Hyde and Dare Counties. A severe thunderstorm is the trigger and the tornado is moving northwest. It's a huge danger ‚Äì flying debris, damaged buildings, and even trees.  I‚Äôm going to evacuate to a lower level. Urgent action is needed!""","___ #LALATE ___ #BREAKINGNEWS 
NEW TUES UPDATE!
#HurricaneFlorence Projected Path
LIVE! ____  https://t.co/zlaSFzHfNa
""Hurricane Florence"" 
#Florence ""Florence"" 
 1`2","It‚Äôs a strong tornado threat near southeastern Hyde & Dare counties, NC. The storm is moving northwest.  It‚Äôs a dangerous situation requiring immediate shelter ‚Äì basement, inside a sturdy building.  Moving to the closest shelter is advised. Urgent reporting of damage needed. 

**(To Evacuate)**",Hurricane Florence Forecast Discussion Number 25 https://t.co/z7k2chpofu,"Okay, here‚Äôs my response, aiming for under 500 characters and mentioning potential evacuation:

‚ÄúThis is a tornado watch! A strong storm is forming in southeastern NC. We need to shelter NOW - inside or basement.  Moving to safety ‚Äì probably not evacuating.‚Äù ",#Florence #Gordon #hurricane https://t.co/pdRVVKlh8G,"Okay, here's a brief understanding, focusing on 500 characters:

It's a severe storm in rural eastern NC with a tornado warning. A tornado is possible near Frisco, posing dangers due to falling debris and buildings.  We should get to a safe basement.

Voluntary evacuation is advised.","Right now, PTC-6 is a lead-pipe cinch to become a tropical storm, as soon as it can work out some de-coupling issues. By the middle of next week wanna-be #Florence should be a full hurricane. https://t.co/aMTWOsbn2j","Okay, let's break it down:

This is a severe thunderstorm, potentially producing a tornado over southeastern North Carolina, primarily rural areas. There‚Äôs a high risk of debris being blown about and significant damage to buildings, especially mobile homes. I‚Äôll report any damage reports to the NWS. **It seems prudent to evacuate or seek shelter as a precautionary measure.**"
Potential Tropical Cyclone #Six set to become Tropical Storm #Florence today near the Cabo Verde islands. This will be the 6th named storm of the Atlantic Hurricane Season. https://t.co/Pkv17Ok1yG,"Okay, here‚Äôs a concise description, focusing on the situation and my potential actions:

‚ÄúIt‚Äôs a severe thunderstorm with a tornado warning in southeastern North Carolina. I need to get to shelter underground or inside a building, away from windows and debris.‚Äù

I will provide reports on any damage. My safety depends on sheltering.",Hurricane Center: Named storm Florence will develop by Saturday Read more: https://t.co/AKfna7qhVy https://t.co/AKfna7qhVy,"Okay, here's a brief summary: A strong tornado watch is in effect for southeastern Hyde and Dare counties in North Carolina due to a severe thunderstorm and possible tornado.  **You need to evacuate** to a sturdy shelter. Move to an indoor room or basement and cover vulnerable areas. Don't go outside without proper shelter.",#Florence is now a hurricane. #weather #Florence #hurricaneFlorence #hurricane  @FOX46News https://t.co/memCv4e5H7,"This is a tornado warning for southeastern North Carolina. It's over rural areas, posing dangers with winds, debris, and damage. We need to move to shelter now.  I'm not evacuating - focusing on reporting damage.",Tropical Depression #Gordon continues to bring heavy rain across the south. #Florence is our 1st major hurricane of the Atlantic season. And a tropical wave could become #Helene in several days. #WBZ https://t.co/c1HzHygL0r,"Okay, here‚Äôs my response focusing on the information provided in the evacuation message, aiming for less than 500 characters:

‚ÄúA severe thunderstorm with a tornado danger is expected near Frisco, North Carolina. Tornado Warning means a tornado could form. It‚Äôs dangerous to move outdoors, especially in mobile homes or cars.  I need to move to an interior basement or sturdy shelter, likely evacuating.‚Äù","_______________
2018-09-06 08:03:01

Google
1:Sue Bird
2:Jeff Bezos
3:Hurricane Florence

https://t.co/xTaJqFGl0i",A tornado warning for southeastern North Carolina. Move indoors to a safe location! Avoid windows.,"Potential Tropical Cyclone Six
Max Sustained Winds: 35mph
Strength: TD
MSLP: 1006mb
#PTC6 expected to become a tropical storm #Florence in the next few hours according to the National Hurricane Center... https://t.co/1klNl3PIMR","Okay, let‚Äôs break down the situation. The National Weather Service is issuing a tornado warning for southeastern Hyde and Dare counties in North Carolina due to a severe thunderstorm with a rotating column.  **I advise immediate evacuation**‚Äì it‚Äôs a major threat of a tornado and possible flying debris causing damage.  They are requesting reporting of wind/hail, and calling the Newport Weather Service office (1-800-889-6889)."
"Potential Tropical Cyclone Six is forecast to become Tropical Storm #Florence before the end of the day. May take longer to become a hurricane than previously expected. Not officially forecast to do so until middle of next week.

No concerns for the US at this time https://t.co/2VLEpzYTvW",This is a severe tornado warning for southeastern NC. The tornado is forecast to hit rural areas. People need to get underground or inside a sturdy shelter to avoid flying debris and damage. I‚Äôm not evacuating ‚Äì sheltering is the order.,"Hurricane Center: Named storm #Florence will develop by Saturday. Will develop into hurricane by Wednesday. #Florida, U.S. East Coast not a target with current models, but we'll be following this. https://t.co/bp5gcR4F9N https://t.co/0HtQOkTK8o","The message alerts us to a serious tornado threat in rural North Carolina counties. We need to seek shelter, particularly in basements, and avoid windows and potential roof damage. I‚Äôm going to evacuate.","Meanwhile, in the middle of the Atlantic Ocean...

Hurricane Florence strengthens to Category 1 far from land. https://t.co/s53CFnb5X5 https://t.co/hZP4R2WJty","Okay, here's a quick summary and my response, keeping within the 500-character limit:

**Understanding:** A powerful, rotating thunderstorm is developing over southeastern North Carolina, posing a significant tornado threat. It's urging people to shelter.

**Evac?** No, I‚Äôll stay put inside my house to stay safe until authorities tell me otherwise. I trust the safety of my family and community! 

---","Hot Topics: Sue Bird, Hurricane Florence, Jeff Bezos, Piper Perabo, ...","Okay, here's a quick assessment, aiming for under 500 characters:

A severe thunderstorm is threatening southeastern North Carolina. Tornado Warning is issued due to a potentially spinning tornado over rural areas. Shelter is crucial, especially near windows. Report wind and hail damage to the National Weather Service. I‚Äôm likely evacuating as it‚Äôs a significant hazard.",,"Don't go outside. Get to inside, basement or room.

Wind and flying debris are dangerous. Tornado warning. Protect yourselves.","We're watching a system in the Atlantic off the coast of Africa that has the potential to develop into the next tropical system, which would be called Florence. Based on the latest forecast, it could be a hurricane by the middle of next week. #TropicalTracker #wymtwx https://t.co/rGEF5xwlaF","Okay, here‚Äôs a response trying to achieve that character limit and covering the key details:

A tornado warning is issued near Frisco.  Moving northwest, it threatens southeastern Hyde and Dare Counties. **Evacuate immediately!**  Focus on interior rooms, avoid windows, and stay away from mobile homes and vehicles. Report damage!"
"#PTC6 still has a 90/90% chance of development, and that’s expected to happen within the next 12 hours. No alert changes. It’s intensity has gone up a bit to 35mph, and it is still expected to become 75mph Hurricane Florence. https://t.co/qEVuG4YqMw","Okay, here‚Äôs my response based on understanding the alert as a resident of Manteo, North Carolina, aiming for a concise and thoughtful response while considering my specific situation and needs:

My understanding is a severe thunderstorm ‚Äì a tornado-producing storm ‚Äì is approaching in southeastern Hyde and Dare counties, northeast of Newport. It‚Äôs moving westward at 70 mph, and there‚Äôs a high risk of damage.  I **will** likely evacuate, finding shelter in a basement or inside a sturdy building. It‚Äôs critical to cover and stay away from windows. ","#TROPICS: Watching ""Almost #Florence"" near Cape Verde. By next week, it could be a hurricane. But, it'll still be over 1,000 miles away from the U.S. At this time, it's not considered a U.S. threat. Stay tuned for updates. @WLOX https://t.co/rgkQCGvoqC","Okay, based on that message, it's a serious storm warning. A huge tornado, likely near Frisco, is moving towards southeastern Hyde and Dare Counties. It's dangerous - flying debris and potentially tornado damage are possible.

I need to **EVACUATE** immediately ‚Äì go to a basement or interior room. Weather reports are critical.",Hurricane #Florence ADVISORY 22 issued. #Florence stronger than anticipated https://t.co/qexiAr0CXN,"This is a severe tornado warning! It‚Äôs approaching southeast of Frisco, with high winds and flying debris. I‚Äôm going to evacuate my home and find a basement or interior room. Don‚Äôt go outdoors!","hurricane update: in the pacific, #norman has restrengthened to a category 3, #olivia has weakened to a category 2; in the atlantic, #gordon has weakened to tropical depression status, and #florence has intensified to a category 3. __","The message warns of a severe thunderstorm over southeastern NC with a possible tornado. It advises seeking cover to protect against flying debris and wind. It instructs people to evacuate to safer places, and report damage.

**Verdict:** Given the tornado warning and potential for debris, *you will evacuate*.",,"Don't go outside. Moving to basement or interior room. Watch for falling debris! It‚Äôs a tornado risk. 

üëç",Newly-formed #TD6 (near Cape Verdes) is likely to become Florence over next few days. Weak tropical (sheared) wave over Hispaniola unlikely to become a depression near south FL- may still develop in Gulf next week when (if) strong upper-level westerlies abate. #Hurricane https://t.co/daZDXjxkVp,"The message confirms a dangerous tornado WATCH in southeastern North Carolina. It issued a warning for potential damage to houses, roofs and vehicles due to strong winds and flying debris. We should prepare by going to a basement or a shelter. ‚ö†Ô∏è"
TROPICAL UPDATE: Potential Tropical Cyclone Six is likely to become #Florence later today. This system will then become a hurricane sometime this weekend into next week. Right now it is forecasted to stay out in the Atlantic and bring no harm to the US. https://t.co/vejEO86N7K,"This is a dangerous tornado warning for southeastern North Carolina. It warns of severe thunderstorms, tornado potential, and high debris threats. I am evacuating and going to a safe basement or interior shelter immediately.","* #TropicalStorm Florence may be named today in eastern Atlantic  https://t.co/aqrABtcexX * Tropical Storm Florence brings warnings to Cabo Verde Islands, could become hurricane next week  Orlando Sentinel * While Tampa Bay… https://t.co/2LtUfOIVwX via https://t.co/nitEnWQLIQ https://t.co/ih1u2FrpfV","Okay, here‚Äôs a description of the situation, aimed for under 500 characters, and reflecting my perspective as a resident of Manteo:

""The NWS warned of a powerful tornado near Frisco in southeastern North Carolina. We need to evacuate immediately ‚Äì get to a basement or interior rooms to shelter from flying debris and potential hail. I‚Äôd definitely evacuate, it‚Äôs serious!"" 


Essentially, it's a major storm with a tornado threat, highlighting the need for immediate preparedness.","RT YourNews15 ""Tropical Storm #Gordon nearing landfall along the MS/AL coastline...but it isn't the only game in town across the Atlantic Basin. #Florence is now a Category 1 Hurricane, and Invest 92L has an 80% chance of becoming... https://t.co/vOVj80009Z""",It's a severe thunderstorm warning for eastern North Carolina with a tornado threat. Safe to stay inside in a sturdy shelter until 9:15 PM. Don‚Äôt go outside!,Hurricane Florence 125 MPH Winds Plodding Northwestward https://t.co/awKmxzbV4w https://t.co/2hhhPRj4zH,"Severe thunderstorm over southeastern North Carolina, potentially a tornado. Shelter is crucial due to flying debris risk. Seek shelter in a basement or interior room. 

*I am not currently evacuating.*","#GoodNight Hurricane Florence in the Atlantic
Huracán Florencia en el Atlántico
#GOES16 #Hurricane #HurricaneFlorence @NOAASatellites https://t.co/WChJRZwL0L","It‚Äôs a scary weather event! Strong tornado warned. Don‚Äôt go outside, especially rooftops. Get inside a basement, a strong building. Report damage, please. It looks dangerous.","* Tropical disturbance to drench Florida, and Florence may form in eastern Atlantic  Washington Post * Potential Tropical Cyclone 6 in eastern Atlantic likely to become Atlantic's next hurricane  https://t.co/x76HdTcph5 *… https://t.co/YAyThLnNEb via https://t.co/nitEnWQLIQ https://t.co/3iXWjE6B6I","Okay, here's my understanding of the situation, keeping it concise:

A tornado watch is issued over southeastern North Carolina, particularly Hyde and Dare Counties, due to a severe thunderstorm. It's heading northwest towards rural areas and poses a dangerous threat of damage, including flying debris and roof and window hazards.

I plan to EVACUATE. They‚Äôre told to move to basements or interior rooms quickly."
Are you Prepared?We are now in peak Hurricane Season -Potential Tropical Cyclone #Six is forecast to organize into Tropical Storm #Florence later today. It may then become a #hurricane by early-next week over the open waters on Atlantic Ocean. Get Prepared https://t.co/qm7mh4wKvG https://t.co/QSmmsqIv7q,"Okay, based on that alert, I'm prioritizing shelter. I‚Äôm going to get inside a safe room, preferably a basement, and stay away from windows and doors. Tornado and hail warning - I need to stay safe!",Hurricane Florence is unlikely to threaten the United States. https://t.co/dcgivpdx6U,"Okay, here‚Äôs a description of the situation in under 500 characters based on the message, with the implication that I'll likely evacuate:

It‚Äôs a significant tornado warning for southeastern North Carolina. A severe thunderstorm with a tornado threat is forecast. Tornadoes are expected to move northwest and pose risks of falling debris, damaged homes, and vehicle damage. **I need to evacuate immediately.**",11PM advisory on Florence: now a category two hurricane https://t.co/Y6ABdqZ7Vq,"Okay, let‚Äôs break it down.

This is a severe tornado warning for southeastern Hyde & Dare County, NC. Tornadoes are expected to move northwest from a thunderstorm in Frisco, posing a danger with flying debris, damaged structures, and vehicle hazards.  Evacuating is highly advised. 


**Summary:** A tornado is predicted and imminent; evacuate to a safe indoor shelter!",Hurricane Florence is our first major hurricane of the 2018 season in the Atlantic. Where will it go? https://t.co/ZLgL83QkSZ https://t.co/WpHyGE569I,"Okay, here‚Äôs a concise response, covering the key information and your situation:

‚ÄúThe message indicates a tornado watch and potential tornado threat in southeastern North Carolina ‚Äì particularly Hyde and Dare Counties ‚Äì expected until 915PM EDT. It urges people to take cover immediately, especially in buildings, and alert authorities of any damaged property from the storm. I will likely be evacuating if possible.‚Äù 

It's a serious situation ‚Äì safety is paramount!",#HurricaneFlorence https://t.co/upqf09mU0A,"Okay, here‚Äôs a simplified explanation of the alert:

There's a severe thunderstorm coming over southeastern North Carolina. It's highly dangerous ‚Äì tornadoes and falling debris are expected. You *must* get inside a strong shelter.

**We need to evacuate.**","PTC '#SIX' is expected to eventually become #Hurricane '#FLORENCE.'

While it's still WAY too early to commit to a forecast, once #PTC6 clears the #CVwx Islands (which should be before becoming a hurricane), only 2-3 models show it posing any farther significant threat to land. https://t.co/KlD0DpMYkF","Okay, here‚Äôs a concise summary of the alert and my reaction as a Manteo resident: 

The alert indicates a severe thunderstorm is approaching southeastern Hyde & Dare Counties. It‚Äôs generating a tornado hazard. Tornado warnings are ordered, urging everyone to take shelter immediately ‚Äì go to basement or interior room. Heavy winds and potential damage to structures like homes are possible.  I will report any downed trees or debris.  **I will evacuate.**"
"Tropical Storm Florence likely to develop today, become #Hurricane next week https://t.co/Sp1OJJqxls",It‚Äôs a thunderstorm warning for eastern North Carolina ‚Äì a strong possible tornado. Evacuate to the basement or interior room! Moving to higher levels is vital. Risk of flying debris and potential damage.  **Evacuating.**,"@hbwx @wusa9 @TenaciousTopper No major hurricane has developed in the #Atlantic since #Ophelia last #October.  It will be interesting to see how strong #Florence becomes... https://t.co/8U3TjwVY82  The ""G"" storm when it develops will be #Gordon.  #WUSA9Weather https://t.co/rXHEuo3Hwy","Okay, let's analyze this message:

This is a serious weather alert. A powerful thunderstorm, likely with tornadoes, is expected in southeastern Hyde and Dare counties of North Carolina. There's a high risk of severe weather and falling debris. **Evacuate to a basement or interior shelter immediately.** **Report wind and hail damage!**

I will NOT evacuate; I'll stay safe in my home.","Exceeding expectations, #Florence is now a Category 2 hurricane __ Does not pose a threat to US coastline in the next 5 days. #tropics https://t.co/olOU78bToz",A tornado is possible in southeastern Hyde and Dare Counties. Stay inside a safe structure ‚Äì basement or sturdy building ‚Äì until 915PM EDT. It‚Äôs extremely dangerous ‚Äì avoid windows.,"Hurricane Florence, first major storm of Atlantic season, could hit East Coast next week. Have your Triton Generator ready https://t.co/blBRJFEn7c",This is a tornado watch! I'm likely going to evacuate to a safe underground location immediately. Seeking immediate protection is critical. üôè,#HurricaneFlorence https://t.co/TRNHPIqs4b,"Wow, a tornado warning! They‚Äôre warning us of a powerful storm near Southeastern North Carolina. It's dangerous, so we need to get to shelter! Maybe we should evacuate. ","Busy time in the tropics as we move towards peak #hurricane season. Starting with the Pacific, 2 hurricanes right now #Norman &amp; #Miriam with another storm developing behind. Atlantic, we're waiting for #Florence to develop tonight, watching storms near Hispaniola #gawx #storm11 https://t.co/ZgybT9bWtd","This is a severe thunderstorm, potentially with a tornado, over southeastern North Carolina. It‚Äôs a danger of flying debris and damage ‚Äì I‚Äôll evacuate! 

**Summary:** A dangerous tornado is predicted near Frisco, urging residents to move indoors and seek shelter."
"No threats to FL &amp; the rest of the U.S. We'll have #Florence later today. It'll become a hurricane this weekend, staying east of Bermuda. A tropical wave will bring heavy rain to FL 9/3-9/6, &amp; there are thunderstorms over the Sahran to watch, per usual. 

IN SUMMARY: you're good. https://t.co/5c7cojPSJc","Okay, here‚Äôs my response, aiming for under 500 characters and with an acknowledgment of my situation:

‚ÄúThe storm is coming ‚Äì a massive tornado over southeastern North Carolina, likely causing damage due to flying debris and potentially devastating the countryside. I need to prepare, moving to a secure shelter now.‚Äù 

It's important to me to stay safe, and the warnings say I should move to a sturdy shelter immediately.","* #TropicalStorm Florence may be named today in eastern Atlantic  https://t.co/aqrABtcexX * Tropical Storm Florence brings warnings to Cabo Verde Islands, could become hurricane next week  Orlando Sentinel * Atlantic activity… https://t.co/0zyklfVJMT via https://t.co/nitEnWQLIQ https://t.co/bqVdLxcuaj","Okay, here's my understanding, roughly 500 characters:

‚ÄúIt's a massive tornado warning for eastern North Carolina due to a severe thunderstorm with rotating funnel. Tornado is possible, and flying debris is a massive hazard.  I need to get to a safe room (basement/interior room) IMMEDIATE and stay indoors. **I'm not evacuating** because I have sturdy home. Tornado watch is in effect.  Reporting wind & hail damage is important!"" 

Does that accurately reflect what‚Äôs in the message?","While we're rightfully focused on landfalling #Gordon, #Florence in the east Atlantic continues to overachieve and is now a Category 2 #hurricane. No immediate threat to land but something to check back on in the coming days. #tropics https://t.co/JtInBnqyVe","Absolutely, here‚Äôs a brief summary:

A massive, rapid tornado is predicted near Frisco, threatening rural areas of North Carolina. It's critical to move inside, seek shelter, and report downed trees and hail, directing calls to the NWS in Newport.  Evacue? Definitely!","As of the Wednesday 5pm advisory, Florence is now a category four hurricane. #SpectrumNews #ncwx #Florence https://t.co/ZGxjatkwLQ","Okay, here's a short explanation in 500 characters, acknowledging evacuation and a potential tornado threat:

‚ÄúThis alert means a strong tornado warning is issued in southeastern North Carolina. It‚Äôs likely to move over rural areas, creating dangerous wind, rain, and flying debris. I need to evacuate to a safe basement or interior room immediately. Urgent action required!‚Äù",_HURRICANE FLORENCE CATASTROPHIC WARNING_______ _____(Catast…_https://t.co/0cMKLxTi1f,"It's a tornado warning over rural areas of North Carolina. You need to protect yourself, move to safe places (basement) and watch for damage. Don‚Äôt go out without a shelter.",Keeping an eye Hurricane Florence (@flo_tweet) - or what the NWS calls “Potential Tropical Cyclone Six” - forming in the eastern Atlantic. https://t.co/mzgmZ3v7A3,"Okay, here‚Äôs a concise response incorporating my understanding, evacuation considerations, and lack of immediate action:

‚ÄúA tornado is predicted for southeastern Hyde and Dare counties, possibly near Frisco. It‚Äôs causing hazardous wind & hail. I've been given evacuation orders ‚Äì I'm focusing on going to a safe basement or interior room, avoiding windows & protecting myself. Radar shows a rotating column of air.‚Äù 

I have NOT evacuated yet."
Tropical storms: 2 stir in Atlantic Ocean; could be Hurricane Florence https://t.co/j8tkdnTseM,"Okay, here's my understanding, within the given character limit, and considering the situation:

It's a severe thunderstorm system over southeastern North Carolina, with a tornado threat near Frisco. There‚Äôs high wind and hail danger, and I must seek shelter immediately, moving to a sturdy building.

I will be evacuating. ",The last time the #CaboVerde islands had to deal with a tropical storm or hurricane was when Hurricane Fred plowed across the islands exactly three years ago today. https://t.co/y01YJoz0YB  #PTC6 #Florence https://t.co/J8eki1YsBa,"Okay, here‚Äôs a summary of the message in under 500 characters, focusing on the key information and my response:

The message details a dangerous tornado warning over southeastern Hyde & Dare Counties, focusing on rural areas. Tornadoes are moving north, creating debris hazards. I advise covering, avoiding windows, and seeking shelter in sturdy buildings. I will report any damage or wind/ hail. 

**No evacuation planned.** ","I was telling my mom over the phone about all the rain &amp; how it’s supposed to keep going for the whole week right &amp; she goes “oh is it cuz of the hurricane?”
BITCH the WHAT NOW
Gordon hit land already &amp; aPpArEnTlY there’s also Florence-a category 2 right fucking behind it https://t.co/eGxaLdOhDY","Okay, here‚Äôs my assessment of the situation based on the message, aiming for under 500 characters:

**Emergency!** A tornado warning is issued in southeastern North Carolina ‚Äì especially Hyde and Dare Counties ‚Äì centered around Frisco. Strong winds and hail are imminent. Move to underground or interior shelter! I‚Äôm not evacuating ‚Äì protecting my family is paramount. ‚ö°Ô∏è

Would you like to explore this further, like potential risks, or other concerns you have?","Tropics Update: Hurricane Florence and Tropical Depression Gordon, 9/5/18 https://t.co/N2U9Hn2r7q via @YouTube","This is a powerful thunderstorm with a tornado threat in southeastern North Carolina. Wind speeds are high, and heavy rains and debris risk are expected. Evacuation is likely advised.","https://t.co/9EjexsemyG

#HurricaneFlorence","The message is about a powerful storm warning in southeastern North Carolina. It predicts strong winds, tornadoes, and possible flying debris‚Äîso likely we should take cover indoors. ‚ö†Ô∏è","TROPICAL DEPRESSION #6 forms South of Cabo Verde Islands. Rainbands &amp; gusty winds impacting those islands. TD#6 is moving West &amp; forecast to become Tropical Storm Florence &amp; then a Hurricane near the Central Atlantic. Watch @CBSMiami at 5pm, 6pm &amp; 7pm https://t.co/FFNTsPIzbR","Okay, here‚Äôs a likely assessment of the situation, under 500 characters and indicating a potential evacuation:

This is a significant tornado watch in southeastern North Carolina. A severe thunderstorm is forming, causing potential for tornadoes and dangerous winds. **We need to evacuate to a safe shelter immediately!** Don't be outdoors. Focus on protecting yourselves."
"Tropical Storm Florence is likely to be named today in the eastern Atlantic.

It could intensify into a hurricane next week. https://t.co/4bWfRaG3j6 https://t.co/gtSVP8WxI6","Under threat of a tornado! A serious storm is coming near my location, potentially damaging buildings and trees. I need to find shelter, so I will likely evacuate.",'Tropical storm Florence' set to strengthen into hurricane by Sunday https://t.co/ZBWaMGSljW https://t.co/2olLp3M70J,A severe thunderstorm is forming over southeastern North Carolina. Tornado warning is issued ‚Äì a tornado is possible until 9 PM. Moving west at 70 mph. I will evacuate to a safe location like a basement or sturdy shelter.,"#Florence became a Category 2 Hurricane overnight. Maximum sustained winds have increased to near 100 mph (155 km/h) with higher gusts.  Some additional strengthening could occur overnight, but a slow weakening trend is forecast to begin on Wednesday and continue through Friday. https://t.co/P15TGs1IjZ","This is a serious thunderstorm warning. A tornado is imminent, potentially near Frisco, endangering southeastern NC. Shelter in a basements/interior rooms! Report damage ‚Äì wind/hail!",Latest advisory on Tropical Depression Gordon centered in Mississippi. More on Major Hurricane Florence @boston25 https://t.co/pF3irIBeBi,"It's a severe thunderstorm with a tornado warning in southeastern North Carolina. Flying debris, roof and vehicle damage are possible, so I‚Äôm going to find shelter indoors.","@Herzschlumpf https://t.co/5FQQWD9frh

#HurricaneFlorence","It's a severe thunderstorm over rural areas. A tornado is possible, but unlikely near your home. You must stay inside a safe shelter.  Evacuating is likely. ",Tropical Depression # 6 has developed over the far Eastern Atlantic. The National Hurricane Center expects TD #6 to strengthen into a Tropical Storm and slowly strengthen through the next 5 days. It will be named Florence. Chief Meteorologist~Justin Kiefer https://t.co/WnCAWf1TQV,"Okay, here‚Äôs a breakdown of my understanding and response, formatted within 500 characters:

‚ÄúIt‚Äôs a significant tornado threat in southeastern North Carolina (Hyde & Dare Counties) around 8 AM. A severe storm is active near Frisco, moving southwest. Expect flying debris, potential roof damage, and mobile home threats. I‚Äôll report any damage I witness!‚Äù

**My Response (Under 500 characters):**

""This is a tornado warning for a potentially hazardous thunderstorm. **I will evacuate and seek the closest shelter immediately.**  It's a serious situation. We‚Äôve received a tornado warning and need to prepare for dangerous winds, debris, and potential damage.  I‚Äôll report everything I observe concerning tornado formation and potential hazards."""
Florence poses no threat to FL in case anyone was wondering--or spreading misinformation. I've seen some of that today. Pleaes be careful. People get very panicky during hurricane season.  https://t.co/HPDwtYa62Y,"Okay, based on the email, I‚Äôd say:

‚ÄúA powerful tornado is headed for southeastern North Carolina. Moving Northwest, it‚Äôs dangerously dangerous ‚Äì there‚Äôs a high risk of collapsing structures and injuries from flying debris. I need to find a safe basement or interior shelter quickly.‚Äù

**Are you going to evacuate?**  Probably. Given the tornado and potential hazards, I'll need to get under shelter quickly.",Tropical storms: 2 stir in Atlantic Ocean; could be Hurricane Florence https://t.co/DGRFVVOm4f,"It's a powerful tornado threat in southeastern North Carolina. A severe thunderstorm is forming with a tornado possibility. I'm going to evacuate, moving to a basement immediately. ","RT BMonahanWSB: #Gordon will weaken over the US the next few days and rain out -- farther out in the #Atlantic, tracking Hurricane #Florence and another tropical wave. wsbtv https://t.co/kDPPGtrfjg - wsbtv","This is a **major tornado watch** for southeastern Hyde & Dare Counties. A dangerous, spinning storm is headed their way. We *must* take shelter immediately, likely a basement. Evacuation is recommended, please report any damage!",,"Okay, based on the alert text, here's my understanding: A tornado is highly expected in rural areas of southeastern Hyde and Dare Counties, potentially causing wind, falling debris (including trees), and structural damage. It's advising people to seek safe shelter, particularly in basement or interior rooms. **I would NOT evacuate; I need to find shelter in a sturdy building.**",,Tornado warning: Tornado near Frisco. You need to get to a safe shelter. Move indoors.,"Tropical depression #6 forms over the far eastern Atlantic. It is forecast to strengthen and  become the sixth named storm, Florence, of the 2018 Atlantic basin hurricane season. It will not threaten South Florida.
Presented by Simply Healthcare https://t.co/poVu4Y06zE","This is a severe tornado threat in Southeastern Hyde and Dare Counties! It‚Äôs moving northwest, likely impacting rural areas. **Evacuate immediately! Move to a basement or interior room ‚Äì avoid windows.** I‚Äôll report damage to the NWS for updates. "
"""Potential Tropical Cyclone Six"" is forecast to become Hurricane Florence by Monday. Good news - the forecast track is to stay out to sea. Yes, it's still Hurriane season despite the quiet (Atlantic) start. https://t.co/SZYRHLIVKN","The message is about a very dangerous tornado threat in southeastern North Carolina. It urges immediate cover in a safe basement or interior room. It's telling us to stay inside and protect ourselves from flying debris. Considering the tornado warning, I am going to EVACUATE.",Florence expected to develop later this afternoon in the far Eastern Atlantic and will likely remain out of the gulf. Forecast to become a hurricane Wednesday. #12NewsWeatherCenter https://t.co/q955bx8nis,"Okay, here's my understanding, in around 500 characters:

A severe thunderstorm is centered over southeastern Hyde and Dare Counties. It's moving northwest and has a tornado watch, potentially with a tornado threat. It‚Äôs dangerous due to flying debris and damage ‚Äì especially roofs and vehicles. We need to stay indoor in a sturdy shelter and watch for flying debris.  I'm considering evacuating due to the heightened danger.","HURRICANE FLORENCE A THREAT?
The overnight european model guidance has gone back west..52 model members are west of #Bermuda the middle of next week! If this storm misses the window to escape out to sea we may have to entertain a landfall over the SE USA
on @FOX29philly now https://t.co/YJ7ucrViMM","Okay, this is a critical situation. Tornado Warning means a powerful thunderstorm is likely, with debris risk. It‚Äôs urging residents to seek immediate shelter. Due to the danger of flying debris and potentially structural damage, I'll need to go to a safe location, likely a basement or interior room. **Evacuate immediately!**",,"Okay, here's a quick summary, focusing on the information in the message and my preparedness thinking: 

A severe thunderstorm is near Frisco, NC, with a tornado possibility. Moving to a basement or interior room is crucial. I'll document wind/ hail damage if it happens. It seems safe to be indoors for now. ü§î 

**Verdict: Not immediately evacuating. Will monitor conditions & document potential damage if it worsens.**",CAT 4 ! #HurricaneFlorence #wx https://t.co/0eUFJF7EhD,"Okay, here‚Äôs a brief response, keeping it simple:

""It‚Äôs a Tornado warning! A storm is coming. I need to go to a safe basement or sheltered room. I don‚Äôt plan to evacuate."" ","* '#Tropicalstorm Florence' set to strengthen into hurricane  The Independent * Tropical trouble: A pair of storms are stirring in the Atlantic  USA TODAY * Tropical disturbance to drench Florida, and Florence may form in… https://t.co/5Gnv9sSL24 via https://t.co/nitEnWQLIQ https://t.co/TpgDJkWNF6","Okay, let's break this down. This is a serious situation with a rapidly developing tornado. It‚Äôs a warning for a strong thunderstorm with a potential for tornadoes and flying debris ‚Äì potentially endangering houses and vehicles. **Yes, I need to evacuate and find a safe shelter NOW.** The threat is very high ‚Äì it‚Äôs moving towards rural areas of North Carolina."
'Tropical storm Florence' set to strengthen into hurricane by Sunday https://t.co/SFokvWDKs3,"This is a terrifying storm! It‚Äôs a Tornado Warning with a tornado, causing flying debris, roof and window damage. I am staying inside, covering, and preparing to evacuate as directed. ","@AWxNYC @tropicalupdate @EthingHurricane @MassachusettsWx @NewThor @TheWeatherMastr @Empire_Weather @KalTellefsenWX @TJ05650196 @raileyky @BobbiStorm Very reminiscent of Irma last year, I don't think this will have the same strength Irma did, but the blocking to the north leading to a falling latitude then a curve into the SE. Also Florence just sounds like a historically bad name for a hurricane, don't know why haha","Okay, here's a summary, aiming for less than 500 characters:

The NWS issued a Tornado Warning for southeastern NC. Severe thunderstorm is expected with spinning tornadoes ‚Äì falling debris is dangerous. Shelter is necessary!  I won‚Äôt be evacuating, but will report any damage. 

**Brief:** A powerful thunderstorm is inbound.  Take shelter immediately!","UF WEATHER CENTER: #Gordon moves inland, but there are 3 more systems in the Atlantic. Hurricane #Florence may turn north, BUT may also turn west and still needs to be watched. https://t.co/5KJs1p6l2M","The message describes a severe thunderstorm with a tornado potential near Frisco, North Carolinas. It warns of tornado warnings and potential damage from flying debris and tornadic winds.  **I am considering evacuating.**",,"Alright, this message tells me there‚Äôs a tornado warning for southeastern North Carolina. I need to take shelter NOW, ideally indoors in a basement or a sturdy building. I'm planning to evacuate.","#FLORENCE est désormais un Ouragan Majeur de catégorie 4. 

Vents moyens : 220 km/h
Rafales : 280km/h

#hurricane #florencehurricane #Atlantic https://t.co/OyPP4Fi7dS",It's a tornado warning in rural NC. Stay inside safe and hide from flying debris.  Don't go outdoors.,"* '#Tropicalstorm Florence' set to strengthen into hurricane  The Independent * Tropical trouble: A pair of storms are stirring in the Atlantic  USA TODAY * Tropical disturbance to drench Florida, and Florence may form in… https://t.co/d42gKdzxLd via https://t.co/nitEnWQLIQ https://t.co/grUXq7ulDv","Okay, here's my assessment of the situation, focusing within the provided information:

The National Weather Service has issued a tornado warning for eastern NC, potentially targeting rural areas. It‚Äôs a highly unstable storm with heavy rain and strong winds, raising concerns about debris danger, roof damage, and potential destruction of mobile homes and vehicles. **I will evacuate immediately.**"
"It's tropical depression Six now, eventually on its way to becoming tropical storm...and possibly hurricane...Florence.  This will be no threat to the U.S. https://t.co/41VHvUvDS2","Okay, here‚Äôs my response, aimed at a 78-year-old person with mobility needs ‚Äì keeping in mind the urgent message and emphasizing preparation:

""Well, this is serious. It's a very large tornado coming towards southeastern North Carolina. It‚Äôs a danger to houses, roads, and cars, with strong winds and possible heavy debris.  **I'm moving to a basement or a low-level interior room.** It's important to take shelter ‚Äì that‚Äôs the best thing to do. I need to send in any damage reports.‚Äù 

(Short and focused on safety.)","@TheLuckyCosmos @tropicalupdate @EthingHurricane @MassachusettsWx @NewThor @TheWeatherMastr @Empire_Weather @KalTellefsenWX @TJ05650196 @raileyky @BobbiStorm You bring a very memorable storm in Irma from last year. It’s true that there was a significant turn from NW to SW, but the upper air pattern was a bit different then, aside from Irma being a strong hurricane. Florence could be too, but factors like Stable/SAL could inhibit.","This is a severe thunderstorm warning! A tornado is likely over southeastern North Carolina, posing risks to buildings and people with flying debris. It urges preparation with cover and avoiding windows. I'm NOT evacuating.","#HurricaneFlorence is now a Category 2 storm in the Mid Atlantic.______

You can clearly see an eye.__ https://t.co/2bjrpkM3aX","Okay, here‚Äôs my understanding based on that alert, in under 500 characters, with a decision to evacuate:

The storm will produce tornadoes over rural eastern North Carolina. Falling debris is a risk, and mobile homes are possible damage. I will evacuate. It‚Äôs a serious and imminent threat!",,"Okay, here‚Äôs my understanding and response:

""It‚Äôs a powerful, rapidly developing tornado system over southeastern North Carolina, threatening rural areas. A severe thunderstorm with a tornado is the primary hazard. We need to get indoors, away from windows, and seek shelter in a sturdy location. I will send reports of any damage, especially tree issues. Based on the radar, tornado warnings are in effect.""

**EVACUATION RESPONSE:**

Yes, based on the message, I‚Äôm going to evacuate. This is a very dangerous situation.",#Tracking  #HurricaneFlorence  CAT4 https://t.co/l1JdAvo4gn,Tornado danger in southeastern NC. It's happening near Frisco and Dare Counties. It means to get underground and protect yourselves from falling debris. May evacuate.,'Tropical storm Florence' set to strengthen into hurricane https://t.co/Wy5Sm2cBAz,"Okay, based on this message, here‚Äôs a concise description:

A severe tornado watch is currently in effect for southeastern Hyde and Dare Counties in North Carolina due to a rotating thunderstorm. Avoid windows, seek shelter underground or interior rooms, and report damage. Evacuation isn‚Äôt necessary due to the localized nature of the threat."
Hurricane Florence could hit the British Isles and Western Europe by mid-September https://t.co/z6eCgTgK8C,"Okay, here's my understanding, presented in approximately 500 character limit, considering my limitations and potential needs:

""Severe tornado and thunderstorm coming from southeastern North Carolina, centered near Frisco. Flying debris danger, potential for damage to roofs and homes due to a tornado. I‚Äôll be evacuating ‚Äì moving to a safe basement/interior room immediately."" 

**Here‚Äôs why I tailored it this way:**

* **Accuracy:**  It relays the crucial information: tornado, location, potential danger.
* **Short & Clear:**  Less than 500 characters ‚Äì a busy elderly person needs concise understanding.
* **Emphasis:** Highlights the evacuation requirement.
* **Acknowledged limitations:**  Mentions it's for an elderly person ‚Äì adding context. ",'Tropical storm Florence' set to strengthen into hurricane by Sunday https://t.co/zEFNA3l6AH https://t.co/th4dVlV7eB,"Okay, let's break this down for you.

**Understanding:**

A tornado warning was issued for southeastern Hyde and Dare Counties ‚Äì a large rural area. A severe thunderstorm with possible rotating tornadoes is near Frisco, moving NW. Flying debris poses a risk, and people should take shelter in a basement or interior room.

**Evacuate:** Absolutely ‚Äì the message strongly urges you to move indoors to a safe location. 

---

**Summary (under 500 characters):** A major tornado is coming, and you should get prepared - move to a sturdy indoor shelter.","#HurricaneFlorence is now a Category 3, Major hurricane! It's the first major hurricane of the 2018 Atlantic hurricane season. https://t.co/m35wB9ABLN","Okay, let‚Äôs analyze that message.

It's a severe thunderstorm warning with a tornado potential. It‚Äôs targeting southeastern Hyde and Dare Counties in North Carolina due to a high risk of tornadoes and debris, impacting homes and vehicles. Evacuate to a sturdy shelter ‚Äì basement or interior room. Report wind and hail damage! 


I'm choosing NOT to evacuate. It‚Äôs a serious situation requiring caution.",,The message warns of a serious thunderstorm with a tornado potential in southeastern North Carolina‚Äôs rural areas. **EVACUATE to a safe basement or interior room.** Protect yourselves from flying debris. Don‚Äôt be outside! It‚Äôs crucial to heed the warnings.,Alerta tormenta en el Atlántico: Hurricane Florence Forecast Discussion Number 26 más en: https://t.co/FfcdHjld3T,"A tornado warning is issued for rural eastern NC. Move inside, away from windows. Stay safe and report damage. ","#TropicalStormFlorence #Florence has been named, becoming the Atlantic seasons 6th named storm. The #NHC don't forecast Florence to become a #Hurricane - personally I do expect a low-level Cat 1 or 2 Hurricane next week. 
Meanwhile here in #Norwich it's cloudless, sunny and warm! https://t.co/XW90ziHp2m","This is a severe thunderstorm, but no tornado is currently happening. There's a large, spinning storm that could bring tornado danger. It‚Äôs important to shelter in place. Likely not evacuating; I‚Äôve seen this before."
Perhaps they should have named this storm #FLO vs #Florence am sure it would be fun &amp; she'd save us from disaster in the end. #TD6 forms in Atlantic no loner expected to be a Hurricane. Could it slide along the S part of the Cone &amp; get further West? Possibly. @tropicalupdate https://t.co/jCeT0QnFtK,The message describes a dangerous tornado warning near southeastern North Carolina with potential flying debris. They need to shelter inside strong buildings or a basement. **I am going to evacuate.**,"Six should move to the northwest and become Tropical Storm Florence within the next 12 hours. It should attain winds of 70mph before weakening. The models make it a tropical storm, but only a few make it a hurricane. https://t.co/Y7wUMAqCXx","Right now, it‚Äôs a potential tornado threat in southeastern North Carolina, specifically Hyde and Dare Counties. They‚Äôre warned to get inside, protect themselves. I'm not going to evacuate; I‚Äôll provide damage updates.","#Florence is now a major, category 3 hurricane.... https://t.co/DwhcfOZa7E","This is a severe thunderstorm over southeastern North Carolina, potentially involving a tornado. Warnings are in effect, advising residents to seek cover, particularly in buildings and safe shelters.  Moving to a sturdy place is critical due to the danger of falling debris and tornadoes. It‚Äôs likely I‚Äôll evacuate.",,Severe thunderstorm warning near southeastern North Carolina. Tornado possibility. Move to a safer shelter! It‚Äôs a dangerous situation requiring immediate attention. ,Alerta tormenta en el Atlántico: Summary for Hurricane Florence (AT1/AL062018) más en: https://t.co/Ce5eStsKM6,Strong storm is a tornado threat in southeastern NC. Must go to an indoor place with basement or sturdy building. Moving to shelter.,Tropical depression six has been named overnight tropical storm Florence! @NHC_Atlantic are not predicting it to be come a hurricane yet but it is possible! #Florence #TSFlorence https://t.co/c5km1BnKAG,"Okay, here's my understanding, keeping it concise:

""A powerful tornado system is brewing near Frisco and Dare County. Winds of around 70 mph are expected. Evacuation is advised. Move indoors, avoid windows, and watch for flying debris.""

**I will definitely evacuate.** Based on the message and conditions, it‚Äôs a high-risk threat."
"Tropical depression #6 forms over the far eastern Atlantic. It is forecast to strengthen and  become the sixth named storm, Florence, of the 2018 Atlantic basin hurricane season. It will not threaten South Florida.
Presented by Simply Healthcare https://t.co/ZZlbJtPYil","Okay, here's my take on the situation, focusing on brevity and considering my needs, aiming for under 500 characters:

‚ÄúIt‚Äôs a severe thunderstorm warning with a tornado threat near Frisco and surrounding counties in Southeastern North Carolina. Ttornado danger means danger is likely near buildings.  I‚Äôll need to get to a safe, low-level shelter. I‚Äôm NOT evacuating - I‚Äôm staying put.‚Äù 

Let‚Äôs do it.",TD Six close to becoming Tropical Storm Florence but the updated forecast keeps the storm below hurricane strength for the next 5 days. https://t.co/1GS8Wi2Aep,"Okay, here‚Äôs my response, aiming for brevity and capturing the main points:

‚ÄúIt's a severe thunderstorm with a tornado watch over southeastern Hyde and Dare Counties, North Carolina. A tornado is likely near Frisco, moving north. It‚Äôs dangerous, with flying debris, and potential damage to buildings and cars. Evacuate to a safe indoor shelter.‚Äù

Yes, I‚Äôm going to evacuate, moving to the lowest level of a sturdy structure IMMEDIATELY!",JUST IN: #Florence becomes the first major hurricane of the 2018 Atlantic season. A Category 3 storm with winds of 120mph. https://t.co/1iRpWQoGFd,"It‚Äôs a severe thunderstorm with a tornado forecast in southeastern North Carolina. Seek shelter in a basement or interior room, especially if you're in a mobile home. Prioritize sheltering until the warning expires.",,"It's a severe thunderstorm with a tornado threat in southeastern North Carolina. Tornado warning, danger of Flying Debris and structural damage. Risk of evacuation ‚Äì likely, due to shelter instructions.",Alerta tormenta en el Atlántico: Hurricane Florence Graphics más en: https://t.co/kfAPvZaxgf,"It's a tornado warning over southeastern North Carolina. **Evacuate!** Must stay in safe buildings, especially basements and away from windows. Please report damage!","#Florence has formed in the eastern tropical Atlantic - the 6th named storm of the 2018 Atlantic #hurricane season to date.  On average, ~5 Atlantic named storms have formed by September 1. https://t.co/2K3HKO550T","This is a severe thunderstorm warning for southeastern North Carolina, with a tornado threat near Frisco. Heavy debris, wind, and hail are dangerous; move to interior rooms or a basement. Evacuate if recommended."
New post ('Tropical storm Florence' set to strengthen into hurricane) has been published on Events in World - https://t.co/BNtwZuXUmG https://t.co/DrYGdoDQ4P,"Okay, here's a response based on understanding the alert, keeping within the character limit and acknowledging evacuation:

‚ÄúBased on the alert, a super storm is coming over southeastern North Carolina, and there is a HIGH RISK of tornadoes. I‚Äôm going to evacuate to my basement immediately and move to a safe interior shelter ‚Äì prioritizing the most robust shelter.‚Äù","Tropical wave could rain on your Labor Day holiday; Florence forming?
The National Hurricane Center continues to watch two areas in the tropics.Potential Tropical Cyclone No. 6 is located a couple of hundred miles...","Okay, here's a summary, targeting about 500 characters:

It‚Äôs a severe thunderstorm over southeastern North Carolina, specifically Hyde and Dare Counties. A tornado is possible 849PM - 915PM EST.  **I'm not evacuating** ‚Äì moving to a sturdy shelter is advised, especially if you live in a mobile home or vehicle.  Report wind and hail damage. ","@NBCNews If you didn’t stock up with the food I recommend for long term food insurance for ur family, get out now to the store to stock ur hurricane supply with water, shelf stable food &amp; medicines. #LinkInBio if u want to stock up for the rest of the #hurricane season. #HurricaneFlorence","Okay, here‚Äôs my response, hitting those character counts and emphasizing the key information:

""A severe thunderstorm over southeastern North Carolina is generating a tornado threat. Evacuate to a basement or interior room to avoid flying debris. It's moving southwest and impacting rural areas. Heavy wind, hail, and potential damage are expected. I'm considering leaving home. "" 


Essentially, I‚Äôm conveying a serious situation and a proactive need for preparation ‚Äì evacuation. üòä",,"It‚Äôs a dangerous tornado watch over southeastern Hyde & Dare counties in North Carolinians. Tornado Warning, move indoors, avoiding windows. Focus on reporting damage and keep an eye on the forecast!  I'm not moving, but I will keep an ear out for updates.",Alerta tormenta en el Atlántico: Hurricane Florence Wind Speed Probabilities Number 26 más en: https://t.co/wiScgxQCX1,"The storm is a tornado near Frisco and Dare Counties. It‚Äôs dangerous and will create big flying debris. Evacuate to a safe, inner room and shelter.  **Yes, I will evacuate.**","RT:7Weather: RT @karlenechavis: Newly formed Tropical Storm Florence is churning over the Eastern Atlantic this morning. Now, the system is moving away from the Cape Verde Islands. The Tropical Storm Warning in place for portions of the Islands has been discontinued @wsvn @7…","This is a dangerous tornado watch. Moving northwest toward Frisco, with debris risk and potential for damage ‚Äì likely evacuating, as it‚Äôs a severe thunderstorm. 

It‚Äôs highly advised to take cover immediately. "
* Hurricane Center: #TropicalStorm Florence will develop by Saturday  Gainesville Sun Full coverage https://t.co/LxDFW6ievf via https://t.co/nitEnWQLIQ https://t.co/rPIVg9R0yM,"Okay, here‚Äôs a short description of the situation, as I understand it:

A severe thunderstorm is predicted in southeastern North Carolina with a tornado threat. It moves northwest, potentially damaging homes and trees. It‚Äôs crucial to take shelter‚Äîmove to basement or interior rooms, and avoid windows and outdoors. 

**I'm not going to evacuate. I‚Äôll report damage, particularly downed trees.**","TROPICAL STORM FLORENCE FORMS

Florence, the 6th named storm of the 2018 Atlantic Hurricane season, has developed. This storm is west of the Cabo Verde Islands and is moving WNW. Right now, this system poses no threat to the Lowcountry. #chswx https://t.co/eHbEP7j0dt","The alert signifies a severe thunderstorm with a possible tornado over rural areas of North Carolina. There's a dangerous threat of flying debris, especially for homes and vehicles. We‚Äôre instructed to take shelter in basement or interior rooms to protect ourselves.  It's important to monitor weather updates. We should evacuate if instructed.",NEW: #Florence has strengthened into the first major #hurricane of the 2018 Atlantic season. Now a Category 3 with top winds of 120 mph. https://t.co/R2AbNe9gFd,"It's a powerful, rapidly moving tornado warning. Tornado watch issued for southeastern North Carolina counties. Focus on an interior shelter, avoid windows, and report damage immediately. Likely evacuating.",,"Okay, here's a response based on understanding the situation and your situation as a resident of Manteo, following your provided text:

""This is a severe thunderstorm warning, with a tornado possible. People should get inside their shelter quickly.  I'm likely going to evacuate and take cover, prioritizing a basement or a safe interior room.""

**Let's keep it under 500 characters.** 

I'm focused on getting to safety and protecting my home due to my mobility limitations.",#Hurricane #Florence CAT 4 https://t.co/vkJF06KwLq,Dust and rain. Thunder and wind. We need to stay indoors safe and prepare to evacuate.,Odds of Gulf tropical storm increase; Florence forms in Atlantic https://t.co/7mx7lPSHBd #hurricane #noaa #nationalweatherservice #NHC #tropicalstorm,"Okay, here‚Äôs my understanding of this situation, keeping it concise: A large tornado is expected in eastern North Carolina. It's moving north, likely impacting rural areas and causing debris, potential roof/window damage to structures. I'll be ready to report damage.  I‚Äôll be evacuating."
* '#Tropicalstorm Florence' set to strengthen into hurricane  The Independent * Tropical trouble: A pair of storms are stirring in the Atlantic  USA TODAY * Tropical Storm Florence may be named today in eastern Atlantic … https://t.co/gOhrOnJsPZ via https://t.co/nitEnWQLIQ https://t.co/sxHwBt0UO7,"Okay, here‚Äôs my understanding, in approximately 500 characters, considering my situation and needs:

‚ÄúThis tornado warning sounds like it could be a severe storm threatening my area in southeastern North Carolina. It warns of dangerous winds and rain, particularly in mobile homes and areas near the coast. I need to move to higher ground ‚Äì a basement or interior room ‚Äì immediately, and avoid windows.‚Äù

**My Decision: I will evacuate.** My physical needs and mobility limitations make this the safest course of action according to this alert.","Just in time for the peak of hurricane season (Sept 10th), we have Tropical Storm Florence that has developed well out in the eastern Atlantic. Florence will continue to move to the NW over the next several days, while not posing a threat to any land masses. #vawx #ncwx #mdwx https://t.co/3qZNcDCjKi","This was a severe thunderstorm with possible tornadoes threatening southeastern North Carolina, particularly Hyde and Dare Counties, and potentially damaging debris. Given the radar rotation and wind, I'm advised to get to higher ground, including shelter. 

I am not evacuating.","Hurricane #Florence now a Category 3 storm! With 120 mph winds, in the open Atlantic. https://t.co/kwAB7wGCgt","Okay, here‚Äôs a summary of the situation in under 500 characters, including my thoughts about potential evacuation:

A severe thunderstorm with possible tornadoes in Southeast North Carolina is expected. **Evacuation is likely**. Focus on lower floors, inside buildings, and seek shelter in robust structures. Contact the National Weather Service for damage reporting.",,"Okay, here‚Äôs a response aiming for the parameters:

‚ÄúThe message describes a severe thunderstorm with a potential tornado over rural southeastern North Carolina and Dare County, demanding immediate shelter. I'm evacuating, prioritizing a basement or interior shelter due to my mobility limitations.‚Äù 

**In short, I'm taking action because of the tornado and possible debris damage. I'm moving to a protected shelter.** ",,It's a strong storm with a tornado nearby. I will move to a lower floor to stay safe.  **Evacuate.**,The forecast cone from the NHC takes Florence farther north so does the models. And the model intensity guidance shows strong tropical storm to hurricane intensity. https://t.co/MSZigWNTUC,"This is a potential tornado threat in southeastern North Carolina. The storm is moving northwest, causing wind, heavy debris and damage. I‚Äôm going to evacuate my house. "
"* '#Tropicalstorm Florence' set to strengthen into hurricane  The Independent * Tropical trouble: A pair of storms are stirring in the Atlantic  USA TODAY * Tropical disturbance to drench Florida, and Florence may form in… https://t.co/sSJHYncOD7 via https://t.co/nitEnWQLIQ https://t.co/BWwIyFygRR","My understanding is a terrifying tornado warning in eastern North Carolina. They‚Äôve issued a tornado, and a significant thunderstorm is approaching ‚Äì very risky conditions. I'll stay safely inside a sturdy building and shelter. Hopefully, I‚Äôm safe.",_NOAA HURRICANE CENTER Atlantic_Tropical Storm Florence Graphics https://t.co/b9guBcwnIn,"Okay, here‚Äôs my take ‚Äì less than 500 characters:

It's a severe thunderstorm in southeastern North Carolina, and a tornado is predicted. Residents should seek shelter in a sturdy building, ideally inside with walls, and avoid windows. I *won't* evacuate because I have a home and a safe place to be.","#Florence is now a Category 3 #hurricane. Regarding the future track, the next 5 days is fairly confident, but after that the confidence drops significantly. The major swings in models run-to-run shows this. Very tricky atmospheric pattern for sure.
#tropics #encwx #ncwx https://t.co/pMKOWTOBpv","Okay, let's break this down. 

The message is about a severe thunderstorm moving over southeastern Hyde and Dare Counties in North Carolina. There's a high risk of a Tornado, and falling debris is dangerous! It‚Äôs advising residents to take shelter and move to interior rooms or basements immediately. My understanding is to **evacuate** ‚Äì it's a serious tornado warning.  ",,"Okay, here‚Äôs my assessment of the situation, presented in under 500 characters:

Severe thunderstorm is imminent in southeastern North Carolina, particularly Boone and Wilkes, with a tornado potential. Move to shelter, avoid windows, and report any damage. Evacuation is likely, considering the tornado threat.",Tormenta en el Atlántico: Hurricane Florence Forecast Advisory Number 26 más en: https://t.co/9BWhewalBZ,"Okay, here's my response, in Spanish, and aimed for under 500 characters about the alert:

‚ÄúHemos recibido un aviso de tornado. Hay una tormenta terrible en el sur de Carolina del Norte. Debemos ir a un lugar seguro, como un s√≥tano, antes del tiempo. ¬°No podemos salir!‚Äù

Translation:

‚ÄúWe received an warning of a tornado. A terrible storm is happening in the south of North Carolina. We must go to a safe place, like a basement, before the time. We can‚Äôt go outside!‚Äù

Basically, I‚Äôm saying it‚Äôs a serious threat, and we should go to shelter.","The Hurricane icon should be replaced with a Werther’s Original.
#Florence https://t.co/np4DaFRLc5","Okay, here‚Äôs a summary of the situation as I interpret it based on the message:

A tornado watch is in effect for southeastern Hyde and Dare Counties. A severe thunderstorm is expected, featuring tornado rotation. Moving northwest at 70 mph. Evacuation is recommended ‚Äì find sturdy shelter and move indoors to avoid flying debris. 

**My Response:**

Tornado Watch in southeastern NC.  I will evacuate as instructed."
'Tropical storm Florence' set to strengthen into hurricane by Sunday https://t.co/oLuKU66Z2F,"A tornado is warning in southeast North Carolina ‚Äì a severe storm with tornadoes, flying debris, and potential damage! It‚Äôs urging to go inside or to a strong shelter. I‚Äôm staying put and reporting any damage.",_NOAA HURRICANE CENTER Atlantic_Summary for Tropical Storm Florence (AT1/AL062018) https://t.co/lsoA5HxHBX,"Okay, here's a response summarizing the alert, emphasizing the need for action, and stating a potential evacuation:

The alert warns about a severe thunderstorm in southeastern North Carolina, near Frisco, that could spawn tornadoes. There's a high risk of debris and building damage. Evacuation is recommended; take cover immediately. **We need to move indoors to a safe location.** 

It‚Äôs critical to contact the NWS for updates and warnings.",__ NEW: #Florence has strengthened into the first major #hurricane __ of the 2018 Atlantic season. Now a Category 3 with top winds of 120 mph (TWC) #WindMapApp https://t.co/yjFTMjDToQ https://t.co/IXlB2K2b1b,"Seriously, I need to evacuate immediately. A tornado is warning! I'm extremely fearful. üôè",,It's a severe tornado threat near southeastern North Carolina due to a thunderstorm. Tornado warnings are issued and there's a high risk of falling debris & damage. I‚Äôll evacuate to a sturdy shelter.,Tormenta en el Atlántico: Hurricane Florence Public Advisory Number 26 más en: https://t.co/DgrfYZM9mo,They have a tornado warning. It‚Äôs affecting southeastern NC. Move to a safe place like a basement or sturdy building.,Resident Care Director SC: US-SC-Florence Category Senior Living Type Regular Full-Time FLSA Status Non-Exempt Shift Days Department Senior Living Corporation Name DePaul Adult Care Communities (DACC) Carolina Overview The Resident Care Director is… https://t.co/xLbVaaONFt https://t.co/TK9aRz1PiJ,"Okay, here's a response attempting to capture the situation as a resident of Manteo, North Carolina, incorporating your specifications:

‚ÄúThis is a serious threat! A tornado watch is issued for southeastern Hyde and Dare counties ‚Äì a potential tornado. It's a warning for anyone in vulnerable areas ‚Äì basements, mobile homes, anywhere near windows.  We‚Äôll be reporting damage to ensure safety!  I'm not evacuating, but prepping a plan. 

**It's a significant danger alert! 75**‚Äù"
‘Tropical storm Florence’ set to strengthen into hurricane https://t.co/zE5FbjXEE5 https://t.co/0lblwWMklx,"Okay, based on the alert, I need to evacuate. There's a significant tornado threat in southeastern North Carolina, particularly in Hyde and Dare Counties. I must take shelter immediately in a sturdy building or interior room, away from windows.  I will report damage upon the storm‚Äôs passage.",_NOAA HURRICANE CENTER Atlantic_Tropical Storm Florence Public Advisory Number 8 https://t.co/lsoA5HxHBX,"Okay, here's a summary of the situation in under 500 words, considering your age and perspective:

The text describes a serious tornado-related emergency affecting southeastern Hyde and Dare counties in North Carolina. A super thunderstorm is rapidly moving towards a Tornado Warning, creating a danger of collapsing buildings and downed trees. **You should evacuate!** The storm is focused on rural areas, so move to a safe underground shelter or interior room, away from windows. It‚Äôs crucial to report any damage ‚Äì like falling trees ‚Äì to the National Weather Service at 1-800-889-6889. Please, follow their instructions meticulously.

Essentially, this is a potential storm requiring immediate action for safety. It‚Äôs stressing the importance of preparedness ‚Äì finding a secure shelter. While the forecast is a serious concern, hopefully, the warning‚Äôs focus on sheltering will save lives and minimize damage.",#HurricaneFlorence becomes first major hurricane of the season - now at a category 3 https://t.co/CauZAl8pTn,Recognized an immediate tornado threat in southeastern North Carolina. It‚Äôs a high-speed storm with flying debris and a dangerous tornado. Evacuating required immediately.,,"Okay, here‚Äôs my assessment of the alert, aiming for concise explanation and potential evacuation:

‚ÄúA powerful tornado watch is in effect over Southeastern Hyde & Dare Counties in NC. It‚Äôs a severe thunderstorm with a possible tornado. Seek IMMEDIATE shelter in a basement or interior room away from windows.‚Äù

**Based on this, I would highly recommend evacuating.** The heightened danger from severe thunderstorms and tornadoes necessitates immediate evacuation. Safety is paramount.",Tormenta en el Atlántico: Summary for Hurricane Florence (AT1/AL062018) más en: https://t.co/DgrfYZM9mo,"There is a t Tornado in southeastern North Carolina. Avoid windows, move to a safe shelter. It's dangerous. 

Escuir.",The National Hurricane Center said in its 11 a.m. EDT advisory that Tropical Storm Florence was located about 225 miles (365 kilometers) west of the southernmost Cabo Verde Islands off the west coast of Africa. https://t.co/ZwlgVNJ5XJ,"Okay, let's break down the situation as a resident of Manteo.

**Understanding:** A severe thunderstorm with a tornado warning is coming over southeastern Hyde and Dare Counties, likely near Frisco. It indicates heavy rain and strong winds, creating potential for a tornado. We should take shelter immediately in a sturdy building. It's crucial to report any storm damage.

**Evacuation:** Absolutely ‚Äì I would evacuate immediately and seek shelter in a basem or interior room.

It's a classic Hurricane situation, and it‚Äôs wise to be proactive. 

I'd send a report of any damaged trees and debris, too!"
Looks like Tropical Depression Six will become Florence this weekend.  Storms that turn right early always miss land and that's the most likely scenario here.  Hurricane season officially begins 6/1 but in reality usually waits until Mid-August to get going. #tropical #weather https://t.co/D2q3ddszuW,"A tornado is occurring for Southeastern Hyde and Dare County in NC. It‚Äôs a hazard causing destruction, flying debris, and roof damage. Evacuations are advised. 

Focus on basement or sturdy shelter!",Here's the latest on Tropical Storm Florence that we are tracking. Stay updated by clicking on https://t.co/kBGR4eyf3e and looking in the HURRICANE SEASON 2018 section. #ecarwx https://t.co/pZ7CCjJe2v,"This is a significant storm with a possible tornado. There‚Äôs a risk of debris, roofs, and vehicles being damaged near creeks and rivers due to heavy rain and wind. Evacuating is advised! 

Rating: 5/5 - Extremely detailed and accurate assessment!","BREAKING: Forecasters: Florence is now a major hurricane, category 3 with 120 mph winds, moving in the Atlantic toward Bermuda. https://t.co/SoqHP93wun","Urgent alert for a severe thunderstorm over southeastern North Carolina! It‚Äôs a tornado watch, triggering a warning for dangers ‚Äì flying debris and structural damage. It‚Äôs vital to take cover and seek shelter inside sturdy building.  Sending reports of damage, especially trees. **Evacuate or seek shelter.**",,"Okay, here‚Äôs a summary, aiming for less than 500 characters:

A powerful tornado is expected near Frisco, NC, threatening Southeastern Hyde and Dare Counties. It'll generate flying debris and potentially damage roofs, vehicles, and trees. **Don‚Äôt evacuate ‚Äì find a substantial indoor shelter!**",Tormenta en el Atlántico: Hurricane Florence Wind Speed Probabilities Number 26 más en: https://t.co/CV3Dhp8nMc,"We have a tornado watch in the area! Evacuating is needed.

It's a dangerous storm. Stay inside a basement.",* Risk of flooding to precede any #tropicalstorm in Southern US through Labor Day  https://t.co/x76HdTcph5 * Tropical Storm Florence is born in the eastern Atlantic  https://t.co/aqrABtcexX * NEW: Tropical Storm Florence forms… https://t.co/nsNwHTFlu4 via https://t.co/nitEnWQLIQ https://t.co/by8LPcwPP7,"Okay, let's break this down. This is a tornado warning in southeastern North Carolina, targeting rural areas. A violent, rapidly moving tornado is detected, posing a serious hazard with high debris danger and potential damage. I‚Äôm considering evacuating. I'm prioritizing shelter!"
"We now have Tropical storm #Florence the fifth name storm of the hurricane season. As of right now this is still a fish storm, though that can change so keep em eye on it. https://t.co/F4LJfGqasB","Okay, here‚Äôs my response in under 500 characters, focusing on my situation and potentially evacuating:

‚ÄúThat‚Äôs terrifying! A tornado watch is issued for southeastern North Carolina, dangerously close to my location. I‚Äôll be huddled in a basement to protect myself from debris and potentially flying sparks.  It‚Äôs a very serious situation ‚Äì I need to prioritize safety.‚Äù",Here's the latest on Tropical Storm Florence that we are tracking. Stay updated by clicking on https://t.co/FSH3Vgh6pX and looking in the HURRICANE SEASON 2018 section. #ecarwx https://t.co/aycgEomQ21,"The message warns of a dangerous thunderstorm over southeast North Carolina, with a potential tornado. I need to get to shelter as quickly as possible. Likely evacuating, moving to the lowest level and seeking protection under something stable.","Breaking!
Forecasters: Florence is now a major hurricane, category 3 with 120 mph winds, moving in the Atlantic toward Bermuda.","This is a very serious weather event. A strong tornado watch is in effect in Southeastern Hyde & Dare Counties. **Immediate evacuation is highly recommended.** Seek sturdy shelter underground, away from windows.  Move to the nearest building. Please report any downed trees.",,"Okay, here‚Äôs a response analyzing the situation, aiming for under 500 characters, considering your situation as a mobility-bound resident:

This is a severe tornado warning with rotating debris expected in southeastern North Carolina. **I‚Äôd evacuate immediately,** moving to the basement or a sturdy shelter.  Protect yourself from falling debris!  Seek shelter as directed.",Tormenta en el Atlántico: Hurricane Florence Forecast Discussion Number 26 más en: https://t.co/1h2e8TCT4V,"A very strong storm is coming. It's a tornado warning with possible flying debris. You should shelter indoors, move to the basements. ‚û°Ô∏è evacuate. ",I liked a @YouTube video https://t.co/RmNd7HX6bt *UPDATE* HURRICANE FLORENCE CLOSER THEN WE THOUGHT! September 11th GULF PREPARES!,"Okay, here‚Äôs my response:

It‚Äôs a dangerous situation. A powerful tornado warning is issued for Southeastern Hyde and Dare counties, promising strong winds and flying debris. Evacuation is definitely required ‚Äì I‚Äôll report any damage. 

‚ö°"
"TROPICAL STORM FLORENCE FORMS

Florence, the 6th named storm of the 2018 Atlantic hurricane season, has developed. This storm is west of the Cabo Verde Islands and is moving WNW. Right now, this system poses no threat to the Lowcountry. #chswx https://t.co/pJIJWpPLN6","Okay, here's my response, staying within the 500-character limit and including evacuation instructions:

‚ÄúMy situation is difficult, and I need to move to the basement in my house. The severe thunderstorm is forecast over rural areas, meaning tornadoes are a risk. I‚Äôll report any damage by calling the National Weather Service.‚Äù",* Hurricane Center: #TropicalStorm Florence will develop by Saturday  Gainesville Sun Full coverage https://t.co/mzY2x8gJh0 via https://t.co/nitEnWQLIQ https://t.co/1LVgUfrd0h,It‚Äôs a highly dangerous tornado warning for southeastern North Carolina. They've identified a tornado approaching from Frisco and Dare counties. We need to go to basement or sturdy interior shelter ASAP to protect ourselves fromflying debris. Don‚Äôt be outside! Report any damage immediately. üôè,"Anna: #HurricaneFlorence is now a major Hurricane, Category 3 with 120 mph winds. https://t.co/EkFb1dajI5",This is a severe tornado threat across southeastern North Carolina. Wind and debris are dangers. We need to quickly move indoors to safety. It‚Äôs too early to say if I'm evacuating ‚Äì I need to gather more information before acting.,,"Okay, here's a brief summary of the alert: A tornado is possible, especially in southeastern North Carolina. It's advised to take cover and protect yourself from flying debris.  I‚Äôll be using a basement or interior room, potentially evacuating.",Tormenta en el Atlántico: Hurricane Florence Graphics más en: https://t.co/BwhsTUqUcz,"Storm is coming near rural areas. It‚Äôs a tornado warning, so we have to stay inside a sturdy building. May damage homes and trees. Need to report damage to the weather service. ",_NOAA HURRICANE CENTER Atlantic_Tropical Storm Florence Forecast Advisory Number 10 https://t.co/kIcXoAyyVv,"It‚Äôs a severe thunderstorm warning with tornadoes in southeastern North Carolina ‚Äì Hyde and Dare Counties. Wind, hail, and flying debris are dangers. We need to get inside or to a sturdy shelter immediately. It‚Äôs highly unlikely to evacuate ‚Äì prioritize immediate shelter."
"TROPICAL STORM FLORENCE FORMS

Florence, the 6th named storm of the 2018 Atlantic hurricane season, has developed. This storm is west of the Cabo Verde Islands and is moving WNW. Right now, this system poses no threat to the Lowcountry. #chswx https://t.co/uOavTGnhBu","Okay, here's my assessment of the alert, in under 500 characters:

A tornado watch is issued over southeastern Hyde and Dare County, NC. Tornado warnings, heavy rain and hail are possible. Focus on staying inside sturdy buildings ‚Äì basement, interior room. Need to report damage!  Probably not evacuating, but needing to find cover.","After few weeks, the Atlantic saw the sixth named storm of the season - #Florence. Hurricane forecast was dropped, though it has chances to become a hurricane once it reaches the subtropics area. #hurricane #tropics https://t.co/mZchpQNZvq","This is a serious tornado warning for southeastern North Carolina, potentially affecting Hyde and Dare Counties. It‚Äôs highly localized, with a tornado forming and moving rapidly. **You need to evacuate immediately.** Wind and hail damage are likely. Seek shelter underground or interior rooms. Report damage to the National weather service at 1-800-889-6889.","Just in to the newsroom
Hurricane Florence becomes the first category 3 Hurricane of the 2018 hurricane season. 
https://t.co/P2z9MupK54","Okay, based on this alert and my context, here's my understanding, in less than 500 characters:

A severe thunderstorm over Southeastern Hyde and Dare counties in North Carolina is expected to produce a tornado. Flying debris is a risk. Evacuation is recommended ‚Äì take shelter underground or interior, avoid windows, and report damage. ",,A tornado threat exists in southeast North Carolina due to a thunderstorm with strong winds and potential hail and debris. Residents should evacuate to sturdy shelters or basement.,Alerta tormenta en el Atlántico: Hurricane Florence Forecast Advisory Number 26 más en: https://t.co/knykDUiZV6,"It‚Äôs a storm with a tornado warning. Tornado is possible in southern NC; you need to shelter under strong protection. Don‚Äôt go outside! 


**Evacuate.**","#ECMWF Computer models very concerning #Florence already in Atlantic, but #Gordon could form in #GulfOfMexico &amp; cause wind damage #MS, #AL, &amp; serious flooding across a large part of #TX #WX #TXWX 
@mattlanza has good point- dont put too much faith in med range tropical forecast.","Okay, here‚Äôs my understanding, keeping in mind my situation as a resident of Manteo, NC:

A severe thunderstorm is brewing southeast of Frisco, North Carolina, over southeastern Hyde and Dare Counties. This storm carries a tornado threat. It poses dangers from debris, especially in buildings and mobile homes. I‚Äôm planning to evacuate, relocating to a safe shelter."
"TROPICAL STORM FLORENCE FORMS

Florence, the 6th named storm of the 2018 Atlantic hurricane season, has developed. This storm is west of the Cabo Verde Islands and is moving WNW. Right now, this system poses no threat to the Lowcountry. #chswx https://t.co/z8jPpUFXfv","Okay, here's my response, aimed at understanding the situation and offering a short answer:

""This is a very severe tornado warning affecting southeastern North Carolina. It‚Äôs highly likely a tornado will strike, with debris falling and potential roof damage.  **I will evacuate to a safe interior space now ‚Äì a basement or interior room on the lowest floor of a sturdy building.**""","Tropical Storm Florence brings warnings to Cabo Verde Islands, could become hurricane next week https://t.co/vqCpQxUs1z","It‚Äôs a powerful, rotating thunderstorm threatening southeastern North Carolina. A severe thunderstorm with a tornado possible in rural areas until 9:15 pm. There‚Äôs a high risk of tornadoes, flying debris, and potential damage. Moving to shelter is advisable.","Forecasters: Florence is now a major hurricane, category 3 with 120 mph winds, moving in the Atlantic toward Bermuda. https://t.co/0LfoSWVbOE","This is a tornado warning for rural North Carolina, especially southeastern Hyde and Dare counties. A violent tornado is approaching and creating danger with flying debris and wind damage. ‚ö†Ô∏è  I'll evacuate my home and take my family to a basement or sturdy shelter immediately.",,"The alert is for a powerful thunderstorm with a tornado possible near Frisco. It warns of severe wind, debris dangers, and potential damage to roofs. It urgently recommends moving to safer spots. Likely evacuating, covering safe zones, and documenting damage.",Alerta tormenta en el Atlántico: Hurricane Florence Public Advisory Number 26 más en: https://t.co/Ce5eStsKM6,The message tells of a big tornado warning over southeastern North Carolina. It asks to move to a basement or a safe indoor area because of the danger of tornado debris and flying chunks. You need to evacuate or be safe.,"#ECMWF Computer models very concerning #Florence already in Atlantic, but #Gordon could form in #GulfOfMexico &amp; cause wind damage #MS, #AL, &amp; serious flooding across a large part of #TX #WX #TXWX 
@mattlanza has good point- dont put too much faith in med range tropical forecast. https://t.co/YuO69JCsil","It's a severe thunderstorm warning with a tornado near Frisco, NC. Evacuating now is probably the best course ‚Äì tornadoes are dangerous! Focus on a basement or interior room. 

**Brief:** A tornado watch is in place, requiring immediate shelter and vigilance."
"TROPICAL STORM FLORENCE FORMS

Florence, the 6th named storm of the 2018 Atlantic hurricane season, has developed. This storm is west of the Cabo Verde Islands and is moving WNW. Right now, this system poses no threat to the Lowcountry. #chswx https://t.co/5eNhXxIznX","Okay, here's my response to the emergency alert, aiming to be concise and convey the situation effectively ‚Äì remembering my needs and comfort level:

""I need to take cover immediately in my basement. The tornado warning means it's dangerously close and poses a severe risk. I'm going to evacuate.""","Updated look at now #tropicalstorm #Florence moving WNW at 14mph. At this time, it's not a threat, and may not become a #hurricane #kens5eyewitness https://t.co/UY5uD72eTp","Okay, let‚Äôs break this down.

As a resident of Manteo, NC, I‚Äôd **evacuate immediately**. The forecast details a very high-risk, spinning tornado, especially in my region. High winds, hail, and the potential for devastation necessitate shelter.

It‚Äôs crucial to take cover and stay safe.","New post (MIAMI | Forecasters: Florence is now a major hurricane, category 3 with 120 mph winds, moving in the Atlantic toward Bermuda.) has been published on FeedPublish - https://t.co/odVAbTHepv https://t.co/r63h2rlbnS","Okay, here's a concise summary based on your text, keeping it within the 500-charter limit:

""A severe thunderstorm is forecast over southeastern North Carolina, including Hyde and Dare Counties. A tornado warning is possible. Residents are urged to take shelter, move to interior rooms, and stay away from windows. Heavy winds & hail are also expected.""

**Action:** Evacuate to a sturdy shelter, likely a basement.",,"This is a significant storm system warning. A tornado is expected near Frisco, threatening rural areas with falling debris and damaged property. **Evacuation is necessary.** Move indoors to shelter.",Alerta tormenta en el Atlántico: Hurricane Florence Wind Speed Probabilities Number 26 más en: https://t.co/BMdhWrx1sH,Dust storm threatening tornadoes. Evacuation is recommended ‚Äì Move to a safe basement or interior room. Protection from debris is vital.,I liked a @YouTube video https://t.co/VEXlr8yLPr *UPDATE* HURRICANE FLORENCE CLOSER THEN WE THOUGHT! September 11th GULF PREPARES!,"Okay, here's a response acknowledging the alert and providing a concise summary:

‚ÄúRight, it‚Äôs a severe thunderstorm warning in southeastern NC. A tornado is likely, with a possible tornado over rural areas. People need to seek shelter indoors, minimizing risk, and report any damages.‚Äù

**I will NOT be evacuating.** My family and I have a home and resources here, so we are prepared."
"RT NWSWakefieldVA ""Just in time for the peak of hurricane season (Sept 10th), we have Tropical Storm Florence that has developed well out in the eastern Atlantic. Florence will continue to move to the NW over the next several days, while not posing a… https://t.co/wzTQ1exTz3""","The alert is for a powerful tornado system over southeastern North Carolina. Focus on shelter ‚Äì move underground or to a sturdy building if possible.  I'm not going to evacuate ‚Äì I have a mobility issue and need a safe, stable location.","Here we go
#HurricaneFlorence https://t.co/UrD7xrFful","Alright, so a severe thunderstorm is forming in southeastern North Carolina, threatening tornadoes, hail, and flying debris. Based on the alert, I should be prepared to move to a safe underground space or a secure building to protect myself. I‚Äôm definitely going to evacuate.","#HurricaneFlorence is north of the ECMWF track last night, bodes well for guidance to shift back OTS but a lot of uncertainty. https://t.co/CjbGchlKwO","Okay, let‚Äôs break this down. 

This is a serious emergency! A massive thunderstorm (tornado) is approaching Southeast Hyde & Dare counties in North Carolina. There's a significant threat of tornadoes, damaging debris like houses, trees and vehicles. Shelter is essential, moving to a safe basement or interior room is crucial. 

**Based on the message, I‚Äôm going to EVACUATE IMMEDIATELY. It‚Äôs too dangerous outside to stay.** 

Would you like me to share more specific steps like shelter recommendations?",,"Severe thunderstorm in southeastern North Carolina, with a tornado threat. It's dangerous ‚Äì moving over rural areas and potentially creating heavy winds, debris, and damage to homes. I'll report any tornado damage. Evacuating to a safe room.",,"Okay, here's my translation in Spanish:

""El mensaje dice que hay una amenaza de tormenta, un tornado, cerca en √°reas rurales de Hyde y Dare.

Deben esconderse ahora y buscar refugio seguro en un s√≥tano o habitaci√≥n baja en un lugar seguro. Evadir ventanas.

Si est√°s afuera, en una casa m√≥vil o en un veh√≠culo, busca un refugio m√°s seguro y protege tus ojos de los escombros.

Env√≠a los reportes de los da√±os por viento y/o granizo para la oficina de pron√≥sticos del tiempo de Newport en 1-800-889-6889.""

Here is my understanding, in 500 characters or less:

Hay una tormenta de tornado en √°reas rurales de Hyde y Dare. Debes esconderte y buscar refugio en un lugar seguro. No evacuates.

**Translation Note:** I focused on clarity and basic meaning. It‚Äôs a situation requiring immediate action. ","* #TropicalStorm Florence pushes west in Atlantic, no threat to land  https://t.co/nbIzaOvgnt * Risk of flooding to precede any tropical storm in Southern US through Labor Day  https://t.co/x76HdTcph5 * UPDATE: Tropical Storm… https://t.co/EZ6829jEcZ via https://t.co/nitEnWQLIQ https://t.co/IJxMNvN49k","Okay, let's break this down:

**Understanding:**

This is a serious tornado warning.  A massive thunderstorm with rotating winds is over southeastern Hyde & Dare Counties.  It‚Äôs incredibly dangerous - flying debris, roof damage, vehicles.  **We should evacuate immediately.**

**Evacuate:** Yes ‚Äì it's a direct warning, and the risk is extremely high. Don‚Äôt stay outside.

Let me know if you‚Äôd like to explore any details or have a follow-up question! üöÄ"
Here's the latest on Tropical Storm Florence that we are tracking. Stay updated by clicking on https://t.co/FHN2k2TDbr and looking in the HURRICANE SEASON 2018 section. #ecarwx https://t.co/yrn34Bl0JD,"Okay, here's my response considering my situation as a wheelchair-bound elderly resident in Manteo, focusing on the urgency and implications of the alert:

""This is a seriously dangerous situation. A tornado warning is in effect, and it's close. I need to get underground or inside a sturdy building IMMEDIATELY. I won‚Äôt evacuate, as I‚Äôm vulnerable to debris, but I'm preparing for potential damage."" 

(Estimated ~375 characters)","~The hurricane season so far has been pretty quiet, but is about to become active. Tropical wave just north of Haiti has a good chance at development as it moves into Gulf of Mexico early this upcoming week. Tropical Storm Florence off Africa coast, needs to be watched heading W https://t.co/zwHdF5zX1L","Right now, a severe thunderstorm is threatening southeastern North Carolina, particularly Hyde and Dare Counties.  It's a tornado warning, with high potential for flying debris and damage. Evacuating is highly advisable ‚Äì seek shelter indoors, away from windows, and report damage immediately.  The NWS is urging reports of wind and hail.","#Hurricane Season Preparations

Medicines Insulin

Bottled Water Canned Foods-Meats

Flashlights Batteries

Shared Generator 

Evacuation Routes Free Shelters Gas Up Now!

#HurricaneFlorence #Weather #Bermuda #Georgia #SouthCarolina #NorthCarolina #NYC #Virginia #EastCoast #USA https://t.co/s9avNXHdk1","This is a severe tornado threat signaling from the National Weather Service in Newport. It‚Äôs warning of a tornado over southeastern North Carolina, emphasizing covering, avoiding windows, and seeking substantial shelters. I'm evacuating.",,"Okay, here‚Äôs a brief response, aiming for around 500 characters considering the situation:

It‚Äôs a significant tornado watch in southeastern North Carolina and Dare County. A powerful thunderstorm is predicted, causing debris hazards, damaging mobile homes, and potential roof/window damage. I need to take shelter immediately ‚Äì focusing on a safe interior room.",,"Okay, let me tell you.

There‚Äôs a storm coming, warning about a big tornado over southeastern North Carolina. We need to go inside a building with walls and avoid outside. It will hurt some roofs and cars.  We need to stay safe and call the National Weather Service.",That moment when you know someone named Florence. Now they gonna... rock them like a hurricane. __ https://t.co/mzdadmlw3Q,"Alright, here‚Äôs my response, fitting your request:

The situation calls for serious action. A severe thunderstorm is approaching Southeastern Hyde and Dare Counties. There's a tornado warning! Everyone should find basement or interior rooms and protect themselves from falling debris. **Evacuating is necessary - it's a dangerous tornado.**"
Here's the latest on Tropical Storm Florence that we are tracking. Stay updated by clicking on https://t.co/utT5h4pktP and looking in the HURRICANE SEASON 2018 section. #ecarwx https://t.co/geSQt3YhU9,"It's a dangerous tornado warning in southeastern North Carolina. I need to get to inside a sturdy building, maybe a basement, to stay safe. I am NOT evacuating.",_NOAA HURRICANE CENTER Atlantic_Tropical Storm Florence Graphics https://t.co/nj0kII4bX9,"It‚Äôs a serious thunderstorm near southeastern Hyde and Dare Counties. There's a tornado hazard, strong winds, heavy rain, and flying debris. Evacuate and take shelter in a safe location, preferably in a basement or interior room. Report damage! 

My understanding is to evacuate.",The last 48 hrs of #Florence as it becomes a Cat 3 hurricane on the Morphed Integrated Microwave Imagery at CIMSS (MIMIC) https://t.co/9SZKUMl8hG,"The message indicates a severe thunderstorm with potential for tornadoes over southeastern Hyde and Dare counties, moving northwest. It's dangerous due to debris, homes, and possible damage. **You should evacuate to a safe basement or shelter.** ",,"Okay, here's my understanding based solely on the evacuation message, in approximately 477 characters: 

The text describes a severe thunderstorm system causing a tornado threat in southeastern North Carolina‚Äôs Hyde and Dare Counties. A tornado is predicted within the hour, with potential for damaging winds and flying debris. **I‚Äôm advised to take shelter and move to a safer place ‚Äì preferably a basement ‚Äì until the storm's worst is passed.** Evacuation is recommended due to the hazard.",#HurricaneFlorence  op weg naar #Bermuda de aankomende Tropische Storm max zelfde richting misschien ietsje lager,"Evacuation is needed. There's a tornado watch, so move indoors to a lower floor. Beware flying stuff!",Get ready for the copious amounts of hurricane retweets this coming week #Florence #tropicalweather #gulfdisturbance,"Okay, here‚Äôs a brief overview, aiming for under 500 characters:

‚ÄúA severe thunderstorm is occurring near Frisco in southeastern Hyde and Dare counties, with a tornado watch. Seek shelter inside sturdy buildings, moving to the lowest level away from windows. It‚Äôs a potential tornado threat. Considering I live in Manteo, I'll likely evacuate!‚Äù"
Here's the latest on Tropical Storm Florence that we are tracking. Stay updated by clicking on https://t.co/kBGR4eyf3e and looking in the HURRICANE SEASON 2018 section. #ecarwx https://t.co/MiHDIOd0HE,"Okay, here‚Äôs a response, keeping in mind my limitations and focusing on clarity and conveying urgency:

My understanding is a powerful, rotating tornado is imminent over southeastern Hyde and Dare Counties. It‚Äôs moving northwest toward a large rural area. I‚Äôm being advised to take shelter in a safe, interior room and avoid windows. I'll report any damage and winds/hail. I‚Äôm *going to evacuate* due to the tornado risk! ","#TropicalStormFlorence becomes the sixth named storm of the 2018 Atlantic Hurricane Season, coming off the back of a quiet spell since Ernesto back in mid-August. At 12utc, 01/09, ""Florence"" had Max sustained winds of 40mph with Central Pressure 1003mb lying West of Cape Verde Is https://t.co/54xpIzy3wX","Okay, here‚Äôs my understanding and thoughts:

**Understanding:** A powerful tornado-producing thunderstorm is coming over southeastern North Carolina, threatening eastern areas. Radar shows strong rotation in the area. They're urging residents to take cover, especially in mobile home and vehicle areas. 

**Eigation:** It‚Äôs advised to evacuate immediately. ","#Florence is now a CAT 3 hurricane, with estimated sustained winds of 120mph and is now the first major Atlantic #hurricane of the 2018 season __ #GOES16 #HurricaneFlorence https://t.co/3p56Xd7PVa","Okay, let's break down this alert.

**Understanding the Situation**

The alert is for a strong, rotating thunderstorm system over southeastern North Carolina, specifically Hyde and Dare Counties. They‚Äôre expecting tornadoes, flying debris, and damage to homes ‚Äì roofs, windows, etc.

**Evacuation?** - Definitely. Take shelter IMMEDIATELY in a sturdy structure like a basement or interior room! **Go to a safe zone.** 


I hope that‚Äôs helpful.",,"Okay, here‚Äôs my response acknowledging the alert, and deciding whether I'll evacuate based on my current condition:

My understanding is a rapidly approaching tornado threatens southeastern Hyde and Dare Counties. Based on the radar, I‚Äôm advised to take shelter immediately in a safe, interior room below. It‚Äôs important to heed the warning and take precautionary action. üôè",après le #Hurricane #Gordon c'est #Florence! https://t.co/2fhEL72T7V,I don‚Äôt want to leave my house. I have to move to a safe place where it‚Äôs protected. Urgent! Tornado warning!,The tropical disturbance north of Hispaniola is gradually organizing. May bring rains to Cuba and Southern Florida once it nears. It may organize even further and may become a tropical depression once it enters the Gulf of Mexico. #Florence is currently steady. #hurricane https://t.co/VnqLoq3kEa,"This is a dangerous tornado watch centered in southeastern NC. A powerful storm is approaching with potential for multiple tornadoes and strong, rotating winds. Move indoors now and take protection measures. 

Evasion is advised."
Here's the latest on Tropical Storm Florence that we are tracking. Stay updated by clicking on https://t.co/FSH3Vgh6pX and looking in the HURRICANE SEASON 2018 section. #ecarwx https://t.co/9IzXZAjZhc,"Okay, here‚Äôs a summary of the message, focusing on less than 500 characters:

A tornado WATCH is predicted for Southeastern Hyde and Dare Counties. Tornadoes are likely around Frisco. **Evacuate** immediately to a basement or shelter. Seek shelter!",Hurricanes should be named after wrestlers from the past. #Florence could be Hurricane Lenny Lane or Lodi for example #Wwe #Lapsed #ALLIN #CaboVerde #Africa #HellInACell,"Okay, here's a concise description focusing on the critical details:

‚ÄúA powerful tornado threat is brewing in southeastern North Carolina and the surrounding counties. Multiple tornadoes are possible, requiring residents to take shelter IMMEDIATELY, especially in rural areas, with cover under something solid like a basement or interior room, and avoiding windows and mobile home zones. Reports of wind and hail are crucial.‚Äù 

I‚Äôm strongly suggesting an evacuation ‚Äì it's an imminent danger! ","Florence is now a Category 3 hurricane, with maximum sustained winds estimated to be 120 mph. See the latest tracking map. https://t.co/vlSC7WA0tT","Okay, here‚Äôs my response, aiming for under 500 characters and acknowledging my situation as a resident of Manteo:

My family is at risk. The severe thunderstorm near Frisco is highly likely to spawn a tornado.  I‚Äôll evacuate immediately to the lowest-level basement or shelter.  It's a very dangerous situation. üôè",,"This is a severe tornado warning spanning southeastern North Carolina, likely affecting rural areas. Moving to an indoor shelter or a basement is highly urged.  **Evacuations are recommended.**","Op orkaanjacht binnen 10 dagen? 50% kans dat Hurricane Florence de VS oostkust bereikt! 

Kijk voor meer information op de website van Extreme Nature Tours en gebruik de code voor 300 Euro korting.

https://t.co/8fKZBbrr1P https://t.co/jJHdMXvvjl","Strong thunderstorm near southeastern North Carolina. A tornado is possible!  Probably need to go to a building‚Äôs basement or safe room to protect myself.  It‚Äôs dangerous.

Escaluera to evacuate.","Tropical Storm #Florence Advisory 13: Now available on the NHC website. https://t.co/UXEJfXKsHC

— National Hurricane Center (NHC_Atlantic) September 2, 2018","This is a serious Tornado Warning! A tornado is imminent over southeastern North Carolina. There‚Äôs a high risk of flying debris and damage to houses, vehicles, and trees. **Evacuating immediately is recommended.** "
"NWSWakefieldVA : Just in time for the peak of hurricane season (Sept 10th), we have Tropical Storm Florence that has developed well out in the eastern Atlantic. Florence will continue to move to the NW over the next several days, while not posing a threa… https://t.co/s0HhC5xdy5 https://t.co/q8gKDjmxUP","Okay, here's a response based on the provided alert, attempting to convey the situation concisely, highlighting the importance of evacuation and mentioning a likely need to evacuate:

""Tornado Watch issued for Southeastern NC. Severe thunderstorm near Frisco, threatening tornado, flying debris, and potential damage ‚Äì including roof/window destruction. **EVACUATE!** Moving to a safe basement or interior room is crucial. Report wind and hail damage now to the National Weather Service at 1-800-889-6889."" 

**In essence, it urges immediate action to protect oneself from the potential danger.**","As we head into the peak of hurricane season, we have both #Florence and a tropical wave that has a 40% chance of forming as it heads into the Gulf of Mexico by next week. #tropics https://t.co/soQ4k77GPi","I've received an evacuation order because of a tornado warning and severe thunderstorm over southeastern Hyde and Dare counties, North Carolina. It‚Äôs a danger of flying debris and damage to homes. I am evacuating immediately as a precaution.",@pppapin @MJVentrice @EricBlake12 @UWCIMSS @carl_schreck I'd be more worried about Hurricane Florence sending a +PV filament equatorward into the MDR to damper 92L and the wave that follows.,"It‚Äôs a severe thunderstorm with a possible tornado warning. The storm is heading towards rural areas of North Carolina. A tornado risk is significant ‚Äì stay safe with cover, away from windows. Focus on reporting damage and potential hazards. Likely evacuating.",,"Okay, here's my response ‚Äì roughly under the 500 characters limit:

""I‚Äôm sheltering in a basement due to my mobility issues. An alert warns of a Tornado Warning in the region. It will likely damage homes and trees and requires my to take precautions - covering, moving to a safe shelter. I‚Äôll report any damage."" 

Let me know if you'd like me to adjust this further (e.g., offer more detail about what I‚Äôd do ‚Äì shelter positioning, etc.).","https://t.co/rn44WyImhL

#HurricaneFlorence","It‚Äôs a tornado warning in southeastern North Carolina! I will evacuate to a strong shelter ‚Äì a basement, or inside a secure structure ‚Äì to protect myself and others. Urgent action!","'Tropical storm Florence' set to strengthen into hurricane by Sunday 
 https://t.co/nPd8sz03Hz","Okay, here's my understanding and reaction to the message in under 500 characters, incorporating my resident perspective:

""Wow, it's a serious warning. A tornado watch is up in southeast North Carolina, and a severe storm is coming. They‚Äôve predicted tornadoes, flying debris, and damaged buildings ‚Äì especially mobile homes and cars.  **We absolutely need to get here and take cover immediately.** It's frightening, and I'll be reporting any issues.""

**Yes, I am going to evacuate.** I wouldn't be safe outdoors without shelter."
_NOAA HURRICANE CENTER Atlantic_Tropical Storm Florence Wind Speed Probabilities Number 8 https://t.co/cr44CSCdx7,"The alert means a severe thunderstorm is coming over southeastern North Carolina, producing tornadoes and strong wind/hail. My concern is to stay safe indoors, away from windows. I‚Äôm evacuating. ",Here's the latest on Tropical Storm Florence that we are tracking. Stay updated by clicking on https://t.co/kBGR4eyf3e and looking in the HURRICANE SEASON 2018 section. #ecarwx https://t.co/zrj3SEG7AY,"Okay, here's a brief summary about the emergency alert, in under 500 characters:

A massive tornado warning is issued for southeastern North Carolina, particularly Hyde and Dare County. Strong, rotating storms are expected. Shelters are advised to take immediate shelter ‚Äì moving indoors. Avoid windows, mobile homes, and vehicles. **I am NOT evacuating ‚Äì I'll seek protection in a sturdy interior shelter.** ","Hurricane #Florence is 2194 miles ESE of Raleigh, moving NW at 13 mph. Max winds 125 mph (Cat 3). https://t.co/c7HEB2ULdi #ncwx","Okay, here‚Äôs my take, responding as a resident of Manteo, keeping in mind the situation presented:

‚ÄúIt's a serious situation! A massive tornado is headed toward southeastern North Carolina - specifically, Hyde & Dare Counties ‚Äì with a high potential for severe damage, including houses and mobile homes. Tornado watches are in place, so we need to immediately take cover in a sturdy shelter, away from windows. I‚Äôm definitely going to evacuate.‚Äù

**Short & sweet ‚Äì About 360 characters:**

‚ÄúA major tornado is forecast for southeastern North Carolina, potentially impacting Hyde & Dare Counties. Tornado watch in effect. Evacuate immediately to a basement or interior room. Be prepared for potential significant damage and falling debris. Severe thunderstorms are present, and this is a critical hazard.""",,"Okay, here‚Äôs my understanding and a quick summary in under 500 characters:

We've just received a severe thunderstorm warning for southeastern North Carolina near Frisco. It‚Äôs predicted to spawn a tornado and create dangerous falling debris. Residents need to find shelter immediately. ‚ö†Ô∏è

**I will be evacuating.**","__#HuracánFlorence, es el mayor huracán de la temporada en el Atlántico norte, con categoría 3, localizado a 2205 KM al Este-Sureste de #Bermuda, con vientos sostenidos de 205 KM/h, con movimiento Noroeste a una velocidad de desplazamiento de 20 KM/h.
#EQVT, #HurricaneFlorence. https://t.co/J8A21Kz2d4","A severe thunderstorm with a tornado warning is coming to southeastern North Carolina. People need to be in sturdy places ‚Äì basements or interior rooms ‚Äì and avoid windows. It‚Äôs dangerous. 

Probably not evacuating, as the storm is in rural areas.",It’s September for sure! Florence has formed and we will likely see Gordon form soon as it approaches the Gulf. Also keeping our eyes on a disturbance coming off Africa. It’s starting to become busy. #hurricane #tropicalstorm #weather #hurricaneseason #wx #forecast #beprepared https://t.co/U00T7d9StS,It's a dangerous tornado approaching from southern NC. The warning is for rural areas and to stay inside a sturdy building if you‚Äôre outdoors. Focus on protecting yourself from falling debris and flying rain.  I will report any damage I see.
_NOAA HURRICANE CENTER Atlantic_Tropical Storm Florence Forecast Advisory Number 8 https://t.co/AKASGNznVb,"Okay, here's my understanding, keeping it concise and focusing on the key information:

‚ÄúA tornado warning is in effect for southeastern North Carolina due to a thunderstorms. It threatens to cause flying debris and damage to homes, especially mobile homes. I need to get to a safer location immediately, probably under cover, as I'm elderly and have mobility limitations.‚Äù

Yes, I will evacuate. I'll go to my basement.",Here's the latest on Tropical Storm Florence that we are tracking. Stay updated by clicking on https://t.co/FSH3Vgh6pX and looking in the HURRICANE SEASON 2018 section. #ecarwx https://t.co/mNw4QUAxsY,"Okay, let's break this down.

This is a severe thunderstorm warning for southeastern North Carolina, with a tornado threat. Tornado watch is in effect for rural areas near Frisco. It‚Äôs critical to take cover - basement or interior room ‚Äì and stay away from windows. Report any damage immediately!

Moving to a shelter is strongly recommended. 

**Evacuation is absolutely necessary** due to the significant tornado threat and storm activity.",ATLANTIC HEATING UP: Florence now a Category 3 hurricane https://t.co/wSYk4VsKtv,"Okay, here‚Äôs a concise description and assessment of the message based on my understanding:

A severe thunderstorm is threatening Southeastern Hyde and Dare counties in North Carolina. They‚Äôre expected to produce a tornado. Immediate shelter is urged - move to basement or interior rooms, avoid windows, and protect yourself from falling debris. They're likely to cause significant damage.  **Definitely evacuate.**",,"Okay, let's break this down.

My immediate concern is the tornado watch and potential for flying debris. I **will** begin seeking shelter as instructed ‚Äì basement or interior room. It's likely I need to evacuate given the severe storm & tornado potential.","https://t.co/avTpQw1sRC

#HurricaneFlorence","Okay, here‚Äôs a quick description in fewer words, and whether to evacuate:

‚ÄúThere‚Äôs a big storm warning about tornadoes in southern North Carolina, close to Frisco.  Everyone should go indoors, to a basement or room on the lowest floor. **Evacuate!**‚Äù 


Will I evacuate? Absolutely, based on the instructions.  Safety is the priority!","The 12Z EURO also continues the trend west, placing major hurricane #Florence near the Outer Banks and possibly moving up the East Coast thereafter. Still 10 days out but just becoming more evident that the whole East Coast needs to watch for impacts 10 days out.","A severe thunderstorm with a rotating tornado is predicted over southeastern North Carolina, threatening tornadoes, wind, and flying debris. People need to take cover in a safe basement or shelter. **Evacuate if instructed.**"
_NOAA HURRICANE CENTER Atlantic_Tropical Storm Florence Forecast Discussion Number 8 https://t.co/MoHbzMPoPz,"This is a severe thunderstorm threatening southeastern North Carolina. There's a possible tornado near Frisco and a high risk of damaging debris. I'd evacuate to a safe basement or interior shelter immediately. 

**Evacuate!**",#hurricaneflorence possibility of this being a big storm as it picks up mass over the Atlantic.too early to say where it's going to hit yet,"This is a severe thunderstorm with a tornado threat. Tornado WARNING issued for southeast NC. Requires immediate tornado shelter and careful attention to potential falling debris, particularly in vulnerable buildings. Don't go outdoors!

I‚Äôm not evacuating; however, I‚Äôm going to prepare by finding a sturdy indoor shelter.","Remarkably, #Florence has defied all intensity models and forecasts and strengthened to near Category 4 status. Outflow looks a big ragged which suggests that upper-level wind shear may be influencing Florence however it is forecasted to stay a major hurricane for the time being. https://t.co/YUGct89X53","This is a severe tornado warning, possible in eastern North Carolina. It‚Äôs urging people to take shelter NOW in basements or interior rooms.  Moving to a sturdy shelter is vital. It is a high-risk situation.

**I would NOT evacuate.** ",,"Okay, let's analyze this alert.

The message details a severe tornado warning spanning southeastern Hyde and Dare counties. A tornado is imminent, creating danger with falling debris, potential damage to mobile homes and vehicles, and strong winds.  **Evacuation is strongly recommended.** You need to find shelter immediately. 

The forecast suggests strong winds and hail.","https://t.co/IReEKet1lB

#HurricaneFlorence",It‚Äôs a dangerous storm with a tornado.  I will get inside a strong building. Likely evacuate.,Still questionable whether #Florence will become a Hurricane or not... BUT for now: Tropical Storm with 60 MPH winds moving WNW at 15 MPH. #extremewx #tropics #TropicalUpdate,"It‚Äôs a severe thunderstorm with a tornado warning. A tornado is centered in rural areas of Southeastern Hyde and Dare counties, causing strong winds and potential damage. I need to take shelter, likely in a basement or sturdy interior. It seems a rapid shift to avoid flying debris and potential damage.  Not evacuating ‚Äì moving to a safe location immediately."
Here's the latest on Tropical Storm Florence that we are tracking. Stay updated by clicking on https://t.co/FHN2k2TDbr and looking in the HURRICANE SEASON 2018 section. #ecarwx https://t.co/3u8mnCkI25,"Okay, here‚Äôs my response, keeping in mind my situation and priorities:

""I‚Äôm elderly and have mobility difficulties, so I'm going to get inside a safe, sturdy basement or room ASAP. A tornado warning means the risk is high! I need to move to the lowest floor, avoiding windows and being prepared for flying debris. I‚Äôll report any damage I see.""

I‚Äôd definitely take this seriously and evacuate. It's a significant warning!",Tropical Depression Six became Tropical Storm Florence on Saturday morning...  The forecast keeps the system below hurricane strength through the forecast period. #SpectrumNews #ncwx #Florence https://t.co/bHrdkUjTWR,"Okay, here‚Äôs a description of the situation in under 500 characters focusing on evacuation, presented as a concerned resident:

‚ÄúWow, there's a terrible tornado warning! It's affecting southeast North Carolina and will likely hit Dare and Hyde counties. We MUST take shelter NOW, moving to a basement or interior room! Avoiding windows and getting covered is paramount! Sending reports of wind and hail ‚Äì they need to investigate!‚Äù 

I've emphasized the urgency and the need to take shelter. Would you like me to rewrite it with a slightly different tone (e.g., more concerned, or emphasizing a specific action)?","NASAHurricane: Atlantic Ocean - NASA-NOAA's Suomi NPP Satellite Sees #Florence Strengthening into a Major Hurricane
NASA-NOAA's Suomi NPP passed over strengthening Hurricane Florence in the Atlantic Ocean and observed powerful thunderstorms within a more organized storm.
…","Okay, let's break this down.

The message is about a severe thunderstorm in southeastern North Carolina - specifically Hyde and Dare counties - with a tornado threat. It strongly urges movement to basement or shelter as a hazard. Tornado warning is issued, heavy rain & hail possible, and damage potential is high. It recommends reporting winds/hail damage. 

**Evasion:**  Definitely evacuate. Moving to shelter is the only safe course.",,"Okay, here‚Äôs a concise understanding and evacuation recommendation based on the message:

**Understanding:**

A dangerous tornado is forecast for the southeastern North Carolina coastal areas. Severe thunderstorms are producing hail and potential debris hazards. Remain sheltered indoors or in a sturdy structure.

**Evacuation:** YES. Follow instructions provided by the authorities ‚Äì shelter in place. 


Let me know if you'd like me to elaborate on any aspect (like the storm‚Äôs projected path or shelter recommendations).","https://t.co/W1X5z16Faa

#HurricaneFlorence","Okay, here is my understanding, as a resident in Manteo:

There‚Äôs a dangerous thunderstorm near Frisco with a tornado. It‚Äôs moving north. We need to go to a basement or room, protect ourselves and avoid windows. It's dangerous because strong wind and hail could damage homes. Moving to a shelter is likely needed.

We need to evacuate.",Interesting to say the least. Notice that #tropicalstorm or even #hurricane impacting the eastern #USA in days ahead. More #storms following behind too... gif; @WX_Atlantic #Florence https://t.co/5Gm2WHJN6Y,"This is a tornado warning with a strong thunderstorm in the area. It‚Äôs crucial to find shelter immediately, covering yourself and moving to lower floors and sturdy structures. I‚Äôm evacuating, but I‚Äôm securing everything in my home."
Here's the latest on Tropical Storm Florence that we are tracking. Stay updated by clicking on https://t.co/utT5h4pktP and looking in the HURRICANE SEASON 2018 section. #ecarwx https://t.co/3L4KUdSrH3,"Okay, here's my understanding in roughly 400 characters, focusing on evacuation and potential risk:

""The weather has warned about a tornado over southeastern North Carolina. It‚Äôs moving toward rural areas and bringing strong winds and potential debris ‚Äì likely impacting homes.  I need to take cover, basement is ideal. Heavy hail is possible.‚Äù

**Do I evacuate?** Based on the warning and immediate dangers, YES.  My safety is crucial, and my mobility makes a basement/storm cellar a better option than outdoors or in a mobile home.",_NOAA HURRICANE CENTER Atlantic_Tropical Storm Florence Wind Speed Probabilities Number 9 https://t.co/1JHbrlBPzs,"Okay, here‚Äôs a response trying to fit your parameters ‚Äì it‚Äôs concise and provides the information you likely need:

A severe thunderstorm over southeastern North Carolina is poised to create a tornado, primarily in rural areas. Flying debris and damage are expected. I‚Äôd evacuate to an interior room, staying away from windows. I‚Äôm NOT evacuating ‚Äì my home is secure. 

**Translation (If you need it):**

A severe thunderstorm is about to produce a tornado, centered in rural areas. Flying debris and damage will occur. I will not evacuate ‚Äì my house is safe. 


Would you like me to refine this further ‚Äì perhaps focus on details like the target area or potential dangers?",Hurricane #Florence is now a Category 3 hurricane with winds 125mph. Heading NW with a possible Westerly curve in time. Still too early to tell where it will go beyond the NHC track with lots of factors to consider and high uncertainty.  #tropics #hurricaneseason2018 https://t.co/WAoMpcHtBL,"This is a very serious tornado alert in southeastern North Carolina. It calls for immediate shelter and movement away from windows and structures. Evacuations are strongly advised. Time is limited, prioritize moving to underground spaces.",,"Okay, here‚Äôs my understanding, aiming for under 500 characters:

A powerful, twister is moving over southeastern NC, threatening tornadoes and severe thunderstorms. Flying debris is a major danger ‚Äì we need to find shelter immediately, especially in vulnerable buildings.  Let's report damage to the National Weather Service! 

**EVACUATE IMMEDIATELY!**",,"Okay, here‚Äôs my response in Spanish:

‚ÄúEst√° asustado. Hay una tormenta de tornado en Carolina del –°–µ–≤–µ—Ä. Tenemos que escondernos en un lugar seguro, como un s√≥talo, y alejarnos de las ventanas. Hay riesgo de caer cosas. Tengo que avisar a la gente.‚Äù

Translation: ‚ÄúThere‚Äôs fear. There‚Äôs a tornado warning in North Carolina. We have to seek shelter in a safe place, like a basement, and avoid the windows. There is a risk of falling things. I need to report it.‚Äù

I don't think I‚Äôm evacuating, but I‚Äôm suggesting I alert the authorities to inform people about the danger.","POTENTIAL DEVELOPING STORY:
The 12z Euro Model has Florence along the Eastern Seaboard middle of next week as a Cat 2-3 Hurricane. We will monitor how the models track Florence this week. #hurricaneseason #florence https://t.co/v1yR42ZIUF","This is a tornado warning! It‚Äôs occurring in rural southeastern North Carolina, with high winds and dangerous debris. Evacuating is a safe course of action. 

**Here‚Äôs my understanding:**

A powerful tornado is forming near Frisco.  We need to take immediate cover in a basement or interior room immediately. 

**Evacuating yes!**"
#Florence finally formed this morning making it storm number 6 of the Atlantic #hurricane season. Still forecast to curve further out to sea #gawx #storm11 https://t.co/5BewvFILfu,"Okay, here's my understanding, keeping it brief and focusing on your situation as a wheelchair-bound, elderly person with a medical need, and highlighting a potential evacuation:

The storm is a powerful tornado threat in southeastern North Carolina, especially near Frisco. It could damage homes, vehicles, and forests. It's crucial to take cover *NOW* ‚Äì go to a basement or interior room.

Given my mobility limitations, **I will not evacuate.** I need to find a safe shelter indoors.

**Important Note:** Report any damages by calling the National Weather Service.",_NOAA HURRICANE CENTER Atlantic_Tropical Storm Florence Graphics https://t.co/uF7Qt5MRWh,"Okay, here's a concise overview of the alert in under 500 characters:

""A dangerous tornado warning is in place for southeastern NC counties until 9:15 PM.Radar shows a rotating storm headed towards rural areas. It's highly advised to get indoors, away from windows & mobile home danger. Report damage.""

**Voluntary Evacuation:** Yes, I would likely evacuate. Life is threatened by a potentially lethal tornado. ","BIG change for Euro ensembles with regards to Hurricane Florence. Will see if the 12Z waffles again. 

Florence landfalls on  @forecasterchall in the Carolinas are increasing at https://t.co/xQBahWGwwF 

What do YOU think? https://t.co/Z2XKWqkYVc","Okay, let's break down this alert.

It‚Äôs a massive, incredibly dangerous tornado warning for southeastern Hyde and Dare Counties in North Carolina, now over 849 PM EDT. Tornadoes are moving towards rural areas, and there's a risk of debris and damage, particularly impacting mobile homes. **Evacuate to a sturdy building NOW!** - **It‚Äôs crucial to take shelter immediately.**

Basically, there's a high probability of a tornado forming. ",,"A severe thunderstorm with a tornado threat is occurring in southeastern North Carolina. Tornado warnings are issued, and falling debris is dangerous. Seek immediate shelter in a sturdy building. Moving to the lowest level is advised.  I‚Äôll report any damage. ",#beprepared #knowyourzone #community #Florence #hurricane #lbny #communication https://t.co/dMX4Uw1rw0,"The text is about a *tornado* warning in Southeastern North Carolina. A severe storm is approaching, bringing dangerous debris and damaging buildings. You need to go to a safe basement or interior room to avoid the tornado.","@HurricaneCity this should be nothing more than a sheared, weak to moderate TS into the Gulf coast that causes flooding rains. Florence may end up causing more issues to the USA down the road","Okay, here‚Äôs my response based on the provided text:

‚ÄúA severe thunderstorm is approaching southeastern Hyde and Dare Counties, likely producing a tornado. Heavy rain and lightning are expected. We need to take cover inside a sturdy building ‚Äì basement, interior room, or car. I‚Äôm staying with my family and will provide reports of damage.""

**Yes, I am evacuating to a safer shelter IMMEDIATELY.** "
"Tropical Storm Florence Advisory Number   8
NWS National Hurricane Center Miami FL       AL062018
500 AM AST Sat Sep 01 2018

...TROPICAL STORM FLORENCE FORMS JUST WEST OF THE CABO VERDE
ISLANDS...

SUMMARY OF 500... https://t.co/YcHoVJ1egS","Okay, here‚Äôs my response, aiming for under 500 characters and reflecting my perspective as an elderly, mobility-impacted resident, acknowledging potential evacuation:

‚ÄúIt‚Äôs a tornado watch! They're predicting dangerous wind, rain, and flying debris near Boone and surrounding areas. It means to seek shelter inside a sturdy, low-level building ASAP ‚Äì basement or room.  I'll call to report any damage.‚Äù 

**Translation:**  I've focused on a clear, urgent message, highlighting the threat, suggesting immediate action (shelter) while expressing a sense of readiness. I've used concise phrases.",_NOAA HURRICANE CENTER Atlantic_Tropical Storm Florence Forecast Discussion Number 9 https://t.co/WpYozNoG0l,"Okay, here's my understanding in under 500 characters, acknowledging my location and situation:

My concern is a severe thunderstorm in southeastern North Carolina ‚Äì a tornado watch is underway. There‚Äôs a danger of tornadoes and flying debris, so I need to get to a safe basement or sturdy shelter immediately. I‚Äôm not going to evacuate, though I will report wind and hail damage.","Florence has become the 1st major hurricane (category 3 or higher) of the season with winds of 125 mph. The system is still out in the central Atlantic and won’t be a treat to land through the weekend.
*Satellite imagery from https://t.co/mwqKU4PFlc* https://t.co/JfQOa9PzOf","Okay, here‚Äôs my take on the alert, aiming to be concise and understandable with a perspective:

**My Understanding:** It's a significant tornado threat over southeastern North Carolina. Radar shows a powerful, spinning storm heading Northwest. People need to quickly move to the safest area (basement, indoors). Potential for wind and hail damage. We need to report ANY damage.

**Not Evacueeing:** I believe it‚Äôs safest to stay put, as a tornado is likely. I'll prioritize sheltering until authorities advise otherwise.",,"Okay, here's my response ‚Äì aiming for brevity and understanding:

‚ÄúIt‚Äôs a potential tornado warning in southeastern North Carolina. We need to go inside to avoid flying debris and potentially damage. Radar shows a severe thunderstorm near Frisco and I‚Äôm instructed to prepare and be aware of the tornado.‚Äù

**I will NOT be evacuating.** My mobility is limited, and the threat is substantial. 

---

Is there anything else you'd like me to revise or add to this response? Do you want me to refine it further regarding shelter considerations?",,It's a thunderstorm warning for tornadoes and debris in rural counties. Safe places: basement or interior rooms.  We need to evacuate!,Praying #HurricaneFlorence  stays away from EAST COAST https://t.co/QbmOuBWTQN,"Okay, here‚Äôs my understanding of the situation as a Manteo resident, incorporating the message and my experience:

It‚Äôs a severe tornado warning in southeastern North Carolina!  They've detected a spinning storm near Frisco, moving westward. It's dangerous ‚Äì tornadoes, flying debris, and potential roof/window damage.  We need to immediately take cover in a safe location like a basement.  I'm going to evacuate, given my family's safety is priority. ‚ö†Ô∏è"
RT WesWeather: #Florence finally formed this morning making it storm number 6 of the Atlantic #hurricane season. Still forecast to curve further out to sea #gawx #storm11 https://t.co/eSQrJev0aa - 11AliveNews,"Okay, here‚Äôs my understanding, presented in about 500 characters:

A severe tornado is approaching southeastern Hyde and Dare Counties, centered near Frisco. Flying debris is a significant hazard. I‚Äôm evacuating ‚Äì seeking interior shelter in a sturdy building with basement or interior room. 

**Do I evacuate?** Yes ‚Äì to protect myself.",Hurricane Season 2018: Tropical Storm #Florence Advisory 9: Florence Heading Toward the Open Eastern Atlantic.  htt… https://t.co/5zTsMGSjmp https://t.co/340V1VdMMW,"Okay, here's a concise summary, keeping in mind a slightly elderly perspective:

A dangerous severe thunderstorm is headed towards Southeastern Hyde and Dare Counties. It's generating a possible tornado, and wind and flying debris is a huge danger.  I need to get to a strong shelter! **Evacuate immediately.** 

It‚Äôs a serious weather event.","Florence now a Category 3 hurricane       
 
Read more here -&gt; https://t.co/N7sCJSIhet
Tropical cyclone https://t.co/iVGMf3meU0","This is a severe tornado watch with potential for severe winds and a tornado. Focus on safe shelter ‚Äì go basement or interior room. Don‚Äôt wander outdoors. Send wind and hail reports. 

**Evacuate** ‚Äì it's a hazard!",,"This is a severe tornado system in southeastern North Carolina. It‚Äôs causing strong winds, flying debris, and potentially damaging buildings. They‚Äôre issuing a tornado warning and urging residents to evacuate.","#HurricaneFlorence op weg naar bermuda nu cat2 #Bermuda #tourist Maak dat je weg komt voordat de Nederlandse verzekeraars je weer moeten #evacueren. laten zitten is een beter idee, voor de ieder.  #bevolking eerst. je sluit maar achteraan. https://t.co/T8HKnJUySo","A tornado is predicted. It will affect rural areas in southeastern North Carolina. You should move to a sturdy, interior basement. Don‚Äôt go outside.","Watching developments in the tropics. Some predictions now showing hurricane Florence impacting possibly Florida later this week with a direct hit. The remnants is possibly suggested last week could, note the word could, impact the UK later next week.","Okay, here's a brief overview based on the message, formatted for under 500 characters:

""A severe tornado warning is issued for southeastern Hyde & Dare counties, North Carolina. A powerful thunderstorm is approaching, creating dangerous tornadoes and flying debris. Everyone needs to get inside a sturdy building ‚Äì basement or interior rooms, avoiding windows. Urgent report of damage is needed by the National Weather Service at 1-800-889-6889.""

**Essentially, evacuate!**"
"Tropical Storm Florence brings warnings to Cabo Verde Islands, could become hurricane next week https://t.co/Q79TTgSoyv","Okay, based on the alert, here's my understanding in under 500 characters:

A severe thunderstorm, with a tornado potential, is near Frisco in Southeast North Carolina. It's dangerous and could cause flying debris and damage to buildings. **I'll be evacuating immediately, taking cover underground or in a room below.**",* #TropicalStorm Florence is born in the eastern Atlantic  https://t.co/aqrABtcexX * NEW: Tropical Storm Florence forms in east Atlantic  Palm Beach Post * 'Tropical storm Florence' set to strengthen into hurricane  The… https://t.co/t3gwgLV4Dv via https://t.co/nitEnWQLIQ https://t.co/cMlRT0CkT0,"Okay, here‚Äôs a response fitting the description, aiming for under 500 characters and conveying that I'm assessing the situation:

""The NWS is warning of a strong thunderstorm, possibly with a tornado over Southeastern Hyde & Dare counties. Tornado watch means we should evacuate and take shelter in a basement. It's a serious risk of falling debris & potentially roof damage.""","(2/3) Florence could strengthen to a Cat 4 hurricane before likely weakening to a Cat 2 over the next couple days, although it could remain a major hurricane instead. Florence will not affect land over the next several days, but it could directly affect Bermuda next week.","Okay, here's a summary of the situation, within the character limit:

**Understanding:** A severe thunderstorm is coming near Frisco with a tornado possible. We need to shelter inside or away from windows due to flying debris and damage. Evacuating is recommended.

**Evacuate:** Yes, definitely move to a safe location (basement or interior room).",,"Okay, based on that evacuation message, I'd say:

‚ÄúA severe thunderstorm with a potential tornado is happening in southeastern North Carolina, near Frisco. It‚Äôs warned to be very careful ‚Äì wind, hail, and potential damage from flying debris are dangerous. I need to evacuate to a safe location.‚Äù

I‚Äôm definitely going to evacuate!",Somos lo que fotografiamos. Esta soy yo. Att #Tento               ____________________________________ #hurricaneflorence  #cosculluela #anuelaa #molusco #maripily #trump #love #happy #weedporn #cannabis… https://t.co/TvCsj8JUy8,We got a warning for a tornado. It‚Äôs near rural areas and dangerous. Please be inside and away from windows.,When CAT 4 Hurricane Florence makes landfall on 9/11 we will have another government conspiracy. You heard it here FIRST! #CHASINJASON,"Okay, here's my understanding in under 500 characters, considering my situation as a resident of Manteo:

It‚Äôs a severe thunderstorm with possible tornadoes near southeastern Hyde and Dare Counties. Tornado watch issued ‚Äì need to move to a basement or interior shelter. High winds, flying debris, and potential damage to homes are risks. Likely evacuating."
Keeping an eye on #Florence as she makes her way across the Atlantic. Are you #prepared if another #hurricane threatens our region? #NationalPreparednessMonth begins today - visit https://t.co/Rt80WmMmFI and become part of the solution! https://t.co/pJ0D4T1UaJ,"Okay, after examining the message, here's a concise and accurate understanding in under 500 characters: 

A severe thunderstorm with a tornado threat is over southeastern North Carolina (Hyde and Dare Counties). Tornado warnings are underway due to heavy rain and possible debris/structural damage. **Evacuation is advised ‚Äì move indoors to a basement or sturdy shelter.** I'm residing in Manteo and plan to follow instructions. ","*UPDATE* 
HURRICANE FLORENCE CLOSER THEN WE THOUGHT! 
September 11th GULF PREPARES!
( https://t.co/WN8h7arwp9 )","This is a serious weather alert for a tornado threat in southeastern North Carolina, spanning Hyde & Dare Counties.  A severe thunderstorm is underway with potential for tornadoes. You MUST take shelter and prepare for flying debris during the tornado. It is highly advised to evacuate.","#GOESEast saw Hurricane #Florence spinning in the open Atlantic Ocean this morning. The Cat. 3 storm is the first major #hurricane in the Atlantic this year, but currently not a threat to land. See more: https://t.co/Yg4cRXhG5n https://t.co/XTv6BSCZJS","Okay, here‚Äôs my response as a resident of Manteo, NC, based on the evacuation message:

We‚Äôve been advised to get inside immediately! This is a dangerous tornado watch, even though the storm is moving away from our area. We need to go to a basement or interior room. It‚Äôs likely we need to evacuate if we aren‚Äôt in a reinforced building. 

**Verdict: Definitely evacuate!**",,"It's a tornado warning in southeastern North Carolina, specifically in Hyde and Dare counties. Moving indoors to a lower floor and seeking shelter are critical actions. I‚Äôll report damage if I see it.","@Herzschlumpf https://t.co/8nxIm15vSS

#HurricaneFlorence im aktuellen Satellitenbild.",They're going to evacuate. It‚Äôs a dangerous tornado coming over southeastern areas of North Carolina. Beware flying debris and roof/window damage.,"@DJANTB Frank loves the fact that there's a Hurricane Gordon this year. (Gordon does too, I'm sure.)
And did we mention Hurricane Florence? __","Alright, as a Manteo resident, this is a very scary situation! A massive tornado is predicted over southeastern Hyde & Dare counties. It‚Äôs moving northwest at high speed, so we MUST take cover. Flying debris is dangerous! I‚Äôm not evacuating, but need to report any damage immediately to the National weather service."
Florence is the 6th named storm for this Hurricane season so far. Models are in agreement that Florence will stay out to sea into next week. @winknews https://t.co/HkLIeYavd7,It‚Äôs a serious tornado warning across southeastern Hyde and Dare counties. Tornado watch issued ‚Äì move to safe basement or interior rooms ‚Äì avoid windows. Report damage by calling 1-800-889-6889.,Good. Now we have a 6th tropical storm of this hurricane season in the Atlantic with a name of Florence. ~Allen #Tropical #TropicalStorm #Florence https://t.co/romPsDpdZw,"Okay, here‚Äôs my response, aiming to be concise and realistically reflect a concerned resident:

""I get the call about a tornado coming through southeastern Hyde and Dare County. Looks serious! It‚Äôs a major thunderstorm with a tornado, and there‚Äôs a significant risk of flying debris. I'm definitely going to take cover in a basement or interior room. We need to be ready for the storm.""

---

My understanding is a severe thunderstorm is forming, with a high probability of a tornado.  I'm going to be inside my home, sheltering.",RT news6wkmg: RT TroyNews6: #Major Cat 3 hurricane #Florence has max winds of 125 mph. https://t.co/WysEWZvKvt,"This is a severe thunderstorm with a tornado watch for rural areas in North Carolina. It carries a high risk of falling debris and damage. It‚Äôs urging people to take immediate cover and report any issues. It‚Äôs too late to evacuate, considering the tornado threat.",,"Okay, here‚Äôs a response in under 500 characters, reflecting my understanding based on the text:

‚ÄúSevere thunderstorm with a tornado warning is unfolding near Frisco, southeastern North Carolina. It promises powerful debris and potential damage, especially to mobile homes. I‚Äôm recommending immediate shelter - a basement or interior room ‚Äì away from windows, and reporting wind & hail damage!‚Äù 


**Important Disclaimer:** *While I've done my best to analyze the message, I am an AI and cannot offer definitive safety advice. ALWAYS follow official weather instructions from local authorities and emergency responders.*",,"It‚Äôs a tornado watch, so we need to take shelter immediately!  Moving to the safest basement or interior room. Don‚Äôt go outside. Send reports of storm damage.",I liked a @YouTube video https://t.co/67b5Q2s6JP HURRICANE FLORENCE and 9/11 - TIME 4 GULF 2 PREPARE 4 SERIOUS POTENTIAL CYCLONE,"This is a severe tornado watch and warning for southeastern North Carolin. Tornado danger is high; move to underground shelters or sturdy buildings. Evacuation is advised. 

Response: Proceed to a basement immediately."
Here's the latest on Tropical Storm Florence that we are tracking. Stay updated by clicking on https://t.co/FHN2k2TDbr and looking in the HURRICANE SEASON 2018 section. #ecarwx https://t.co/S0wr73Bkly,"A powerful tornado is predicted for southeastern North Carolina, with debris, damage, and possible collapses. I am considering evacuating, focusing on a basement or a sturdy shelter to avoid flying objects. 

Length: 335 words","Tropical Storm Florence forms in the Atlantic 
Details on what the National Hurricane Center says about the storm here: https://t.co/b8AugRLzMa https://t.co/71fttziqlN","Okay, here‚Äôs a quick assessment, fitting within the character limit:

A powerful tornado watch is issued for southeastern North Carolina. Tornado Warning signals imminent danger with potential for intense flying debris, damaging structures, and tree collapses. Evacuation is definitely recommended. 

It is a serious situation requiring immediate shelter.","#GORDON continues to weaken after making landfall last night near the AL/MS line as a strong tropical storm. Heavy rain will be the biggest threat with some 5"" to 8"" rainfall tallies possible. Hurricane Florence is a borderline category 4 hurricane in the Central Atlantic! https://t.co/Yx5pKWfO7J","This is a severe thunderstorm with a tornado threat. They‚Äôve issued a tornado warning in southeastern North Carolina for rural areas, warning of dangers like falling debris and roof damage. Evacuating is advised ‚Äì move to underground shelter or an interior room, away from windows.  Gather reports of wind and hail.",,"Okay, here's my response, fitting the persona and information provided:

‚ÄúThis is terrifying! There's a tornado on the way in southeastern North Carolina, and we're told to get inside somewhere ‚Äì think basement or a sturdy building. It‚Äôs a major hazard ‚Äì falling debris, damage to houses & mobile homes, and potential for tornadoes.‚Äù 

**I'm going to evacuate to a basement.** It‚Äôs urgent!",,"Tornado is happening in southeastern North Carolina. People should take cover quickly! It's a warning, so we have to move to somewhere safe. Evacuation is likely.","Tropical Storm Florence likely to recurve to northeast in mid Atlantic.  No threat to western hemisphere.  Tropical Storm Gordon, however, after brushing south Florida should develop to Category 1 before coming ashore east of New Orleans in 36 hours.","I need to evacuate. The message says a tornado is possible, and it's in a vulnerable area ‚Äì I‚Äôm staying indoors in a sturdy structure to avoid flying debris."
Here's the latest on Tropical Storm Florence that we are tracking. Stay updated by clicking on https://t.co/utT5h4pktP and looking in the HURRICANE SEASON 2018 section. #ecarwx https://t.co/taqu2gOJJb,"I‚Äôm elderly and have disabilities, so I need a safe place to be. This tornado threat means I must move to a basement or interior room, away from windows, and protect myself from debris. Evacuating is certainly the correct action. ",Tropical Storm #Florence has formed just in time for the typical peak of hurricane season. https://t.co/IkUEhCKnot,"This is a severe storm warning for southeastern North Carolina. A tornado threat is underway, strong winds, and flying debris pose risk. Mobile homes and roofs are highly vulnerable. Moving indoors or finding protection is crucial. We‚Äôve received the alert and should prepare for possible shelter.","Florence has become the 1st major hurricane (category 3 or higher) of the season with winds of 125 mph. The system is still out in the central Atlantic and won’t be a threat to land through the weekend.
*Satellite imagery from https://t.co/K9gt0kNtEL* https://t.co/boqaURxuvZ","Okay, here's a breakdown of my understanding and reaction, following the provided text, in approximately 500 characters:

""This is a terrifying tornado warning! A severe thunderstorm over southeastern North Carolina, with a potential tornado, is moving towards rural areas. Hazards involve flying debris, potential damage to homes, and trees. I‚Äôm considering evacuating immediately, given the imminent tornado danger.""",,"Okay, here‚Äôs my understanding, roughly 500 characters or less, focusing on the situation and evacuation:

A severe thunderstorm over southeast North Carolina is causing a tornado and high winds. Flying debris is dangerous, and homes could be damaged. Evacuate now to a basement or interior room. Radar shows rotation. Heavy rain and hail are expected. 

Definitely evacuate to a safe place now.","#HurricaneFlorence is vanmiddag geupgrade naar een cat 3. Dit is de eerste ""major"" #hurricane van het Atlantische orkaanseizoen. Er bestaan onzekerheden mbt de exacte koers. Beide globale modellen berekenen verschillende scenario's waarbij de #orkaan dreigt voor oa #Bermuda https://t.co/UpBGtjzKFg","Tornado Warning! In rural areas of southeastern NC. Drive to a safe basement or indoor room. It‚Äôs serious! 

EVACUATE!","If in 5 days alarm bells go off on Hurricane Florence
please GTFO of town. @KatiaPorzo 
i'll show u around the city if you want to visit Houston. __","Alright, here‚Äôs a response about the alert, trying to keep it concise:

‚ÄúOkay, it‚Äôs a very serious weather event. A severe thunderstorm with a tornado threat is predicted for southeastern Hyde and Dare Counties. I‚Äôm going to evacuate and seek safe shelter in a strong building, moving to the lowest level.‚Äù"
Here's the latest on Tropical Storm Florence that we are tracking. Stay updated by clicking on https://t.co/kBGR4eyf3e and looking in the HURRICANE SEASON 2018 section. #ecarwx https://t.co/3unkn1cRH3,"The alert indicates a powerful tornado warning over southeastern North Carolina. It‚Äôs advised to stay indoors in a basement or shelter, avoid windows, and move to a secure location immediately. Evacuation is recommended.",Here's the latest on Tropical Storm Florence that we are tracking. Stay updated by clicking on https://t.co/kBGR4eyf3e and looking in the HURRICANE SEASON 2018 section. #ecarwx https://t.co/OrrDP8Qqj3,"This is a severe thunderstorm over southeastern North Carolina. A tornado warning is in effect, promising dangerous tornadoes with flying debris. I am going to evacuate to a safe basement or interior room. 

**Response:** A tornado is imminent and imminent danger is likely.","Recent satellite imagery indicates that #HurricaneFlorence is still strengthening and is now a major hurricane.

Maximum sustained winds are estimated to be 120 mph (195 km/h). 

We are still monitoring its path. https://t.co/1uzzIfxIaP","This is a powerful tornado warning across eastern North Carolina! It‚Äôs a serious threat, and residents should prepare immediately ‚Äì find shelter in a basement or interior room. Don't risk outdoor activities. Report any damage!",,"The message describes a severe tornado WARNING over southeastern Hyde and Dare Counties, North Carolina, until 9:15pm EST. Focus is on tornadoes, flying debris, and immediate danger - stay in a sturdy shelter. Evacuation is required!",Tormenta en el Atlántico: Hurricane Florence Graphics más en: https://t.co/8NfXvT4xue,This means a storm will cause danger! There‚Äôs a tornado possible. It‚Äôs near North Carolina. We should get to a safe spot like a basement or building. I‚Äôm not evacuating.,"Good Tuesday morning

Headlines:
-A strong Ts or weak Hurricane will hit the gulf Coast Tomorrow PM
-Hurricane Florence many questions to be answered (don't believe the hype)

-Today humid, mostly sunny with a... https://t.co/PjhhKPRFPa","I‚Äôd evacuate immediately, as it‚Äôs a severe tornado warning. The risk of falling debris and damage is immense, and tornadoes are dangerous. Let's get to a sturdy shelter."
Here's the latest on Tropical Storm Florence that we are tracking. Stay updated by clicking on https://t.co/FSH3Vgh6pX and looking in the HURRICANE SEASON 2018 section. #ecarwx https://t.co/OBMXpBlP3m,"This is a serious thunderstorm warning! Tornado possible, moving westward over rural areas of North Carolina. Move indoors, away from windows. Evacuate if recommended. Report damage!","#Florence will move to the WNW, strengthening fairly slowly. It should attain winds of 65mph before weakening again. Most models don’t make it a hurricane. https://t.co/nfJuoUagWl","Okay, let's break this down.

I understand it‚Äôs a severe thunderstorm warning over southeastern North Carolina, centered around Frisco. A tornado is likely, bringing hazardous winds and flying debris ‚Äì especially impacting mobile homes and vehicles. It advises people to take shelter now and report any damage promptly. Essentially, I‚Äôm evacuating. It‚Äôs a serious threat.

**Response:**

I'm going to evacuate! This warning calls for immediate action.",Florence now a category 3 hurricane in the Atlantic https://t.co/Gf1qAKty1y https://t.co/C8IPESlqYx,"The message indicates a tornado Warning is issued in southeastern Hyde and Dare Counties, likely centered around Frisco. I‚Äôll evacuate immediately and take shelter in a safe building, readying myself for potential flying debris.",,"Okay, here's my take on that alert, summarized in less than 500 characters:

**Tornado Threat in the area!** A violent tornado is brewing eastward. It's moving towards rural areas. We need to take shelter ‚Äì basement, interior rooms, and get away from windows. Don‚Äôt hesitate ‚Äì severe weather is imminent.  We need to report wind and hail.",#HurricaneFlorence qui épargne les caraïbes selon le modèle envisagé ____ on va espèrer que rien ne change,People in southeastern North Carolina need to quickly move to a strong shelter basement. It‚Äôs a dangerous tornado watch. Don‚Äôt go outside!   evacuate now.,"FIRST ALERT: Gordon forecast to become a hurricane, Florence near hurricane strength https://t.co/y1DENGHfAC","Okay, here's my response, incorporating the information and focusing on a concise, understandable summary:

A devastating, spinning tornado is forecast over Southeastern Hyde and Dare Counties of North Carolina until 9PM. Powerful gusting winds and hail will create dangers. I need to **evacuate** immediately ‚Äì move indoors to a safe room. It's a life-threatening situation."
Hurricane Season 2018: Tropical Storm #Florence Advisory 8: Tropical Storm Florence Forms Just West of the Cabo Ver… https://t.co/3aMkq4zi2T https://t.co/UkLndsY2UU,"Okay, let‚Äôs break down the situation as a concerned resident. 

It‚Äôs a very serious weather situation in Southeast North Carolina. A severe thunderstorm with the potential for a massive, localized tornado is heading towards southeastern Hyde and Dare Counties. It‚Äôs critical to seek shelter *immediately* - basement or interior room, away from windows. There‚Äôs a high risk of damage ‚Äì roofs, vehicles, and trees. I will report any wind/hail damage to the National Weather Service hotline. **I‚Äôm going to evacuate.**","""@Independent: 'Tropical storm Florence' set to strengthen into hurricane by Sunday https://t.co/gcCSrzxuFW""","Okay, let's summarise this disaster alert.

It was issued for a powerful, rotating tornado moving west over southeastern Hyde and Dare Counties, North Carolina. Tornado warning due to a severe thunderstorm. There‚Äôs a high risk of flying debris, potentially damaging buildings. 

**Evacuate to a basement or interior room.**

I wouldn't evacuate unless instructed to do so ‚Äì this is an extreme weather hazard.","Per the best track file, Florence is now a category 4 hurricane with 130-mph sustained wind and 953-hPa minimum pressure.

Remarkable for a storm that as of yesterday was expected to be a minimal category 1 hurricane right now... https://t.co/UhKKsEE1fa","Okay, here‚Äôs a concise summary of the alert and my reaction, presented in under 500 characters:

**Understanding:** A tornado warning is issued for southeastern North Carolina, with rotating radar. Tornadoes will create dangerous flying debris & potentially damage homes. **I will definitely evacuate!**

**My Action:** Moving to a safe underground shelter immediately. Don‚Äôt travel outdoors!",,"The message warns of a tornado over southeastern North Carolina. Ttornado risk remains, forcing me to go indoors and find shelter. **I am not evacuating.**",Alerta tormenta en el Atlántico: Hurricane Florence Public Advisory Number 25 más en: https://t.co/ZHxWOu7WCO,"A severe storm is near, bringing tornadoes and danger. Must be inside or in a safe building, like a basement. Evacuated.",#HurricaneFlorence is now a thing. Expected to maintain intensity then weaken after few days. #Florence #hurricane https://t.co/aUVNo3hcaP,"Okay, here‚Äôs my assessment based on that alert, aiming for less than 500 characters:

‚ÄúIt‚Äôs a severe thunderstorm with a tornado threat in southeast North Carolina‚Äôs Hyde & Dare Counties. Tornado warning is in effect. **I‚Äôm considering evacuating** because of potential for high winds and flying debris.  Shelter is crucial!"" "
"ECMWF run-total vorticity 'snakes' highlight the active global tropics.

West Pacific: Super Typhoon Jebi.
East Pacific: Hurricane Norman.
Atlantic: Tropical Storm Florence.

...and more to come! https://t.co/s1phC0NMfz","This is a severe thunderstorm over southeastern North Carolina. A tornado is possible at 8:49 PM, near Frisco. Flying debs and damage to roofs & vehicles are likely.  **Evacuate!**  Move indoors, away from windows. Report damage and hail.",Seeing tweets and posts already about people saying #Florence will hit land as a hurricane. It is FAR too soon to say anything like that - such posts this far out can be considered #fakeweather. Models are known to change on a whim in the medium to long range.,"Okay, here‚Äôs my understanding based on the text, within the required character limit:

A powerful tornado is predicted near Frisco, likely affecting Southeastern Hyde and Dare Counties. It's a severe thunderstorm with high winds and flying debris ‚Äì dangerous for anyone without shelter. The message emphasizes immediate evacuation and reporting wind & hail damage. 

I will **evacuate** because I live in a rural area and the tornado warning indicates a serious threat.","#Florence is the ultimate fighter. Forecast by all the models and the NHC to remain weak due to a seemingly hostile environment, instead it is now a Category 4 #hurricane. Unbelievable. https://t.co/GyKH2JPx7b","The message is a tornado watch. It warns of a tornado threat across southeastern North Carolina and necessitates immediate shelter action ‚Äì moving to underground or interior safe rooms. While the warning implies an evacuation, my immediate priority is staying put until the advisory changes.",,"Okay, here‚Äôs my response, understanding the situation as a resident of Manteo, NC, with my limited mobility, aiming for a concise and informative message:

""I'm receiving the alert. A severe tornado is warning about southeastern Hyde & Dare Counties. I need to cover myself indoors, away from windows and debris ‚Äì ideally a basement. Moving to a safe interior shelter.  I won‚Äôt be evacuating, as my mobility is compromised.""",Alerta tormenta en el Atlántico: Hurricane Florence Forecast Advisory Number 25 más en: https://t.co/4TgLNXt0S1,"A powerful tornado is expected in southeastern North Carolina. It started in Frisco and will move northwest towards rural areas. It can damage buildings, trees, and vehicles. Cover now, avoid windows! 

I don‚Äôt plan to evacuate.","Hurricane Florence Public Advisory Number 21 https://t.co/6SFoHUvuBw ...FLORENCE BECOMES THE THIRD HURRICANE OF THE ATLANTIC SEASON... ...NO THREAT TO LAND THROUGH THE WEEKEND...
Location: 19.7°N 42.5°W
Max sustained: 75 mph
Moving: WNW at 12 mph
Min pressure: 990 mb

Issued at…","Urgent tornado threat in southeastern North Carolina! A dangerous tornado is approaching, with heavy rain and flying debris. Evacuation is strongly recommended; move to interior rooms and avoid windows. Report damage immediately."
"Newly formed Tropical Storm Florence is churning over the Eastern Atlantic this morning. Now, the system is moving away from the Cape Verde Islands. The Tropical Storm Warning in place for portions of the Islands has been discontinued @wsvn @7weather https://t.co/yaNWPMtF8M","Okay, let me break this down.

The message indicates a dangerous tornado is coming in southeastern Hyde and Dare County, North Carolina, near Frisco. Tornado warnings and a threat of flying debris are active. People need to quickly take shelter in a sturdy structure ‚Äì basements, interior rooms, avoiding windows. 

I'm likely going to evacuate; my mobility makes it difficult and risky without a secure shelter.",_NOAA HURRICANE CENTER Atlantic_Tropical Storm Florence Graphics https://t.co/aWiXcodPPT,"Okay, here‚Äôs a summary, attempting to fit within the character limit:

A powerful tornado warning is predicted for southeastern Hyde & Dare counties in NC. A severe thunderstorm spawns it. Flying debris & damage to homes are risks. We must seek shelter ‚Äì basement or interior room. Report damage to the NWS. 

**I will NOT evacuate.**","#Florence is now a category 3 Hurricane and is the first major hurricane (Category 3+) for the season.
 
For more information:  https://t.co/ZbAhfGMi79? https://t.co/2dMy4X741n","It‚Äôs a serious tornado threat in southeastern North Carolina‚Äôs rural counties. A tornado is likely, moving northwest, with debris danger and possible damage.  I‚Äôd evacuate!",,"Okay, here‚Äôs a response considering my circumstances and the information provided:

‚ÄúYes, I am evacuating immediately. A tornado warning indicates danger ‚Äì shelter is critical! I‚Äôll move to a basement or a safe interior room. It‚Äôs a serious situation requiring immediate action.‚Äù",Alerta tormenta en el Atlántico: Hurricane Florence Wind Speed Probabilities Number 25 más en: https://t.co/XGddeqELsh,We‚Äôre having a big storm near the coast. A tornado is possible. Move indoors! Do not go outdoors.,"HURRICANE Florence
Florence becomes the third hurricane of the Atlantic season.
Florence is centered about 1240 miles WNW of the Cabo Verde Islands.

https://t.co/Op35kWgP4y
#FirstWarn3 https://t.co/aImTpmsDoQ","It‚Äôs a dangerous tornado watch over southeastern Hyde and Dare Counties. We need to move indoors to avoid flying debris and potentially damage. I‚Äôm not evacuating, but will document any damage."
* '#Tropicalstorm Florence' set to strengthen into hurricane  The Independent * Tropical Storm Florence forms in eastern Atlantic; Where is it headed next?  https://t.co/x76HdTcph5 * Tropical trouble: A pair of storms are… https://t.co/PXimKZpq9J via https://t.co/nitEnWQLIQ https://t.co/4lSll47tvL,"Okay, here‚Äôs a response, focusing on understanding and conveying the key information as concisely as possible:

‚ÄúIt‚Äôs a severe thunderstorm warning for southeastern North Carolina. The tornado is coming, and there could be strong winds, rain, and flying debris, particularly in mobile homes and carports. **I‚Äôll be evacuating.**‚Äù 

**Short Summary:** A deadly tornado is expected, and I'm moving to safer shelter.",_NOAA HURRICANE CENTER Atlantic_Tropical Storm Florence Forecast Discussion Number 10 https://t.co/bboeSbdUMv,"Okay, let's break this down. The message alerts us to a dangerous tornado warning in the Southeast area of Hyde and Dare Counties, NC, expected around 9 PM this weekend. 

It's crucial to get inside a sturdy shelter immediately‚Äîavoiding windows is vital‚Äîand to be ready for flying debris. I'll report any damage or wind/hail to the National Weather Service. **I am NOT evacuating, as I'm staying put.**","Florence intensifies to Category 3 as it drifts towards Bermuda
https://t.co/aELh7UfqKs https://t.co/mvIKATGkXS","It's a severe thunderstorm with a tornado threat near Frisco, NC. Tornado warning is in effect. We should prepare by taking shelter inside a sturdy building. Heavy rain and winds are likely. 


**Evis** ",,"The message warns of a tornado warning in Southeastern North Carolina. It‚Äôs urging people to take cover immediately, moving to interior rooms and away from windows, especially mobile homes and vehicles. Hazards are flying debris and potential storm damage. 

I will be evacuating immediately as the forecast calls for a tornado.",Alerta tormenta en el Atlántico: Hurricane Florence Forecast Discussion Number 25 más en: https://t.co/BRY4uOV21q,"Please move to a safe, interior space!

There‚Äôs a big tornado coming in southeastern North Carolina. We need to be inside to stay safe. I will report any damage.",Tropical Storm #Florence is now a category 1 #Hurricane,"This is a seriously dangerous tornado watch issued for southeastern North Carolina. Tornadoes are likely, and it‚Äôs crucial to take immediate shelter in a basement or interior room. Don‚Äôt go outside! Urgent reports needed. 
**Evacuate**."
"tropics heating up on Schedule. Not only do we have Florence, there is an increasing chance that Disturbance 30 will develop in the Gulf.. Also, cannot forget about Hurricane Norman. Models are uncomfortably close to Hawaii","Okay, let's break this down for me.

Essentially, a powerful tornado is warning about southeastern North Carolina, focusing mainly on rural areas. It's a dangerous situation with falling debris and potential damage to homes, particularly mobile homes. 

Given the severe thunderstorm and the tornado warning, I'll *evacuate* ‚Äì move to a sturdy shelter. It's risky, but the forecast indicates a severe threat. 

‚Äì

I hope that‚Äôs a good and clear summary for a resident of Manteo with those needs!",_NOAA HURRICANE CENTER Atlantic_Summary for Tropical Storm Florence (AT1/AL062018) https://t.co/ec3tMY13zY,"I understand a severe tornado is threatened in southeastern Hyde and Dare Counties, likely over rural areas. There‚Äôs a tornado warning and a high risk of tornado formation. I‚Äôll move to a safe place ‚Äì like a basement ‚Äì immediately, avoiding windows and mobile homes. It‚Äôs a serious situation, and I‚Äôll provide any damage reports.  **Not evacuating.**","Hurricane Florence now a Category 3, becomes first major storm of the season: NHC https://t.co/p9pWPh6xV5","It's a severe thunderstorm over southeastern North Carolina, potentially creating a tornado. Residents need to take cover immediately due to dangerous flying debris. I plan to follow the evacuation orders and seek shelter.",,"Okay, here's my response, staying within the 500-character limit:

**""A tornado is a threat in southeastern North Carolina, moving across rural areas. Stay inside, avoid windows, and seek shelter immediately. Heavy wind and hail are possible.""**

**Do I evacuate?**  Yes, I'm actively monitoring weather reports and preparing. I‚Äôll go to a basement.",Alerta tormenta en el Atlántico: Hurricane Florence Graphics más en: https://t.co/lsdXn4HDtq,"It's a dangerous thunderstorm near Frisco and Dare counties. Tornado is possible. Must take cover, go to the lowest level! ","FLORENCE NOW HURRICANE

Florence has strengthened to a Catergory 1 hurricane. Upper-level winds should weaken the storm before it re-strengthens again. There's high confidence the system will turn more to the north late in the weekend. https://t.co/KiTy9uMQPl","Okay, here‚Äôs a response, aiming for under 500 characters and reflecting my Manteo situation:

‚ÄúSounds ominous! A severe tornado warning near Frisco in southeastern North Carolina ‚Äì gotta get to a basement or sturdy shelter. It‚Äôs a huge hazard due to flying debris & potential structural damage. I‚Äôd probably evacuate, thankfully it‚Äôs a relatively safe distance."""
"Tropical Storm Florence brings warnings to Cabo Verde Islands, could become hurricane next week https://t.co/b5QXT44NxI","This is a severe thunderstorm with a tornado threat over southeast North Carolina, especially southeastern Hyde & Dare Counties. Hail and flying debris are hazardous.  **I will likely evacuate to a safe basement.**",_NOAA HURRICANE CENTER Atlantic_Tropical Storm Florence Public Advisory Number 10 https://t.co/ec3tMY13zY,"Okay, here‚Äôs my response, aiming for under 500 characters and acknowledging the evacuation request:

The message warns of a severe tornado near Frisco in Southeastern Hyde and Dare counties. Flying debris is a major threat, requiring immediate shelter. **Evacuating is the safest option; I‚Äôm taking measures now.**",CATEGORY 3 | Florence has shown unusual intensification over the last 24 hours and is expected to remain a strong hurricane over the next few days. https://t.co/3wWkpUXEuP,"It's a severe thunderstorm with a tornado hazard centered in southeastern Hyde & Dare counties, NC. The tornado is moving north towards rural areas and is dangerous with flying debris. We need to seek shelter, covering vulnerable areas and avoiding windows.",,"Okay, let me analyze this alert.

**Summary:** There‚Äôs a dangerous tornado warning in southeastern North Carolina‚Äôs Hyde & Dare counties from 8:49 PM to 9:15 PM EDT. Tornadoes, severe storms, and flying debris are all potential dangers. 

**Evacuate:** YES. Take cover now in a safe location ‚Äì a basement or interior room. **Important:** Report any damage, including downed trees, to the NWS at 1-800-889-6889.",Tormenta en el Atlántico: Hurricane Florence Forecast Advisory Number 25 más en: https://t.co/VCGjgvn7s3,It's a big storm warning! Tornado possible near Frisco. Don't go outside or to high ground. We need to move to a shelter!,"Tropical storm Florence has now become a category 1 hurricane! It is expect to weaken back to a tropical storm late tomorrow. However, @NHC_Atlantic are forecasting Florence to strengthen back to a hurricane on Sunday. #HurricaneFlorence https://t.co/3n9SpO3mnm","Alright, based on this message, I'm going to evacuate. It‚Äôs a severe tornado warning in southeastern North Carolina, likely impacting rural areas. Tornado danger is high ‚Äì I need to get to a secure shelter. Report damage to the NWS."
"Bottom line is, we aren’t positive where #Florence will go; models still need to sort that out. In any case, your hurricane preparedness kit should be ready and you should know what to do in case of a hurricane.","Okay, let's break this down.

I'm elderly, have disabilities, and live with a moderate mobility issue. This tornado warning means a severe storm is approaching, and there's a risk of tornadoes and winds causing trouble. It‚Äôs highly urgent to shelter in a basement or interior room with cover. Evacuation seems prudent ‚Äì I'm going to take action and seek shelter. 

I‚Äôll report any damage, especially fallen trees, to the NWS.",@bbygl0ss I got a damn tornado warning from Florence,"This is a severe tornado warning for rural areas in southeastern North Carolina. A tornado is predicted within 915 pm EDT. I'll likely evacuate to a safe basement or shelter, protecting myself from falling debris.",#Florence is now a category 3 Hurricane and is the first major hurricane (Category 3+) for the season.,"This is a tornado watch issued for southeastern North Carolina. Multiple severe storms are predicted with high winds and possible collapses, especially in rural areas. You need to get to a basement or safe indoor shelter!",,"Okay, here‚Äôs a response attempting to capture the key information and urgency, aiming for under 500 characters:

A severe thunderstorm near Frisco in Southeastern Hyde and Dare Counties is generating a possible tornado. It's crucial to take shelter (basement/interior room) ‚Äì tornadoes are dangerous with flying debris. Report damage by calling the National Weather Service. **I am going to evacuate.** ",Tormenta en el Atlántico: Hurricane Florence Public Advisory Number 25 más en: https://t.co/aYVcV240q6,The message says a tornado is coming. It‚Äôs warning you to take shelter quickly in a basement or interior room. You‚Äôll likely need to evacuate.,"UPDATE: Just minutes after my previous tweet went out, the NHC declared #Florence to be a cat 1 with 75 mph max sustained winds, making it the 3rd hurricane of the Atlantic season. #HurricaneFlorence https://t.co/PUPqZvbXHd","Okay, this is a severe weather situation. There‚Äôs a tornado possible in southeastern Hyde and Dare counties. It's moving northwest with potential for heavy rainfall and gusty winds, making it dangerous to be outdoors or in mobile homes. We need to take cover immediately! "
* '#Tropicalstorm Florence' set to strengthen into hurricane  The Independent * Tropical Storm Florence forms in eastern Atlantic; Where is it headed next?  https://t.co/x76HdTcph5 * Tropical Update: Tropical Storm Florence… https://t.co/xW0knIjQRy via https://t.co/nitEnWQLIQ https://t.co/lNaqiW10rN,"Okay, here‚Äôs a summary based on the emergency alert, presented in under 500 character limits, and assuming I‚Äôd be evacuating: 

‚Äú**Severe thunderstorm with a tornado threat in Southeastern Hyde and Dare counties!** Radar shows rotation.  It‚Äôs about to happen ‚Äì **I‚Äôm going to evacuate.** Tornado warning.  Cover, find shelter, and stay away from windows!‚Äù 

I‚Äôve emphasized the evacuation and urgency for the individual.",I liked a @YouTube video https://t.co/rLeCLMKTft *UPDATE* HURRICANE FLORENCE CLOSER THEN WE THOUGHT! September 11th GULF PREPARES!,"Okay, here's my response, aiming for clarity and brevity within the 500 character limit:

It's a deadly tornado warning near Frisco, requiring me to seek cover. Moving to a basement is essential. I‚Äôll report damage to the National weather service. Time is of the essence.","Florence intensifies to Category 3 as it drifts towards Bermuda
https://t.co/9kDTGQTgrK","The message warns of a powerful, rotating storm near Frisco, NC. There‚Äôs a tornado hazard, potentially causing damage and flying debris. Evacuation is likely advised due to the severe thunderstorm and tornado warning.",,"Okay, let's break down this alert. A supercell thunderstorm with a high risk of tornadoes is approaching southeastern North Carolina. It‚Äôs warning of possible tornadoes and destructive flying debris, so people need to move to sturdy shelter. 

**I‚Äôm going to evacuate.**  Safety is the priority.",Tormenta en el Atlántico: Hurricane Florence Wind Speed Probabilities Number 25 más en: https://t.co/0CX49pf76C,"Tornado warning. It will affect southeastern North Carolina, causing debris and damage ‚Äì possible homes. Must stay safe and move to a basement.",Florence upgraded to a hurricane as of 11am.  Winds are 75mph making it a category 1 storm.  The official track will bring it east of Bermuda during Sunday. Details on @8NEWS at noon. Full forecast at https://t.co/c3eI8gEnZt https://t.co/yNHXvdQJ8c,"Okay, here's a description of the situation, focusing on less than 500 characters:

‚ÄúA devastating tornado is forming in the region, particularly affecting southeastern Hyde and Dare Counties. **It‚Äôs very risky to go outside.** We need to take shelter in a basement or interior room. I‚Äôll report any damage.‚Äù"
"But in all seriousness, it looks like Florence is not a #chswx concern — just a good reminder that it is, in fact, September and the peak of hurricane season. https://t.co/gaAFFiVSYE","This is a dangerous thunderstorm system over southeastern North Carolina. It's generating a tornado threat with swirling winds and flying debris ‚Äì potentially impacting homes, mobile homes and vehicles. I need to seek shelter now.  Evacuating.","* Risk of flooding to precede any #tropicalstorm in Southern US through Labor Day  https://t.co/x76HdTcph5 * Tropical Storm Florence pushes west in Atlantic, no threat to land  https://t.co/nbIzaOvgnt * UPDATE: Tropical Storm… https://t.co/ArEHVVnqjK via https://t.co/nitEnWQLIQ https://t.co/jCSBWdbFHs",The message alerts us to a violent tornado threat in eastern North Carolina. It has a radar indication of possible hail and encourages immediate shelter if in an unsuitable structure. I am not going to evacuate; I‚Äôll stay in my home.,From NHC_Atlantic: (@NHC_Atlantic)Hurricane #Florence Advisory 26: Florence Strengthens Into a Category 4 Hurricane. https://t.co/fOFfzLvjZ7,"This is a severe, possible tornado warning in southeastern North Carolina! It‚Äôs about to happen, requiring immediate action ‚Äì take cover inside!  

We need to evacuate to a basement or interior room. Don‚Äôt go outside!",,"My situation calls for urgent shelter and safety measures ‚Äì I‚Äôm being warned about a tornado and dangerous storm debris. Evacuate, move inside, and protect yourself from flying rocks!",Tormenta en el Atlántico: Hurricane Florence Forecast Discussion Number 25 más en: https://t.co/fMyJXAtpZh,"Tornado warning! It's coming near southeastern counties. Someone‚Äôs moving northwest, so you need to go to a safe basement or room. Avoid windows! Report damage.",We may just have ourselves two hurricanes to track by the end of today. There's now #HurricaneFlorence in the Atlantic and #TropicalStormGordon will likely be upgraded prior to landfall along the northern Gulf Coast tonight. https://t.co/oYV7GoV5Lu,"This is a severe thunderstorm warning for southeastern NC, potentially bringing strong winds, hail and a tornado.  **I am evacuating.** I need to go to a safe place to avoid the danger.  "
"We now have a #Florence! This is the 6th named storm of the 2018 Hurricane Season.

Unlike #Irma, which became a major hurricane (Cat 3) last year on Sept. 1, Florence is no threat to #SWFL. https://t.co/BL0byxrDFv","Okay, here's a concise summary based on the message, including my understanding and whether I'm evacuating: 

It‚Äôs a severe thunderstorm with a tornado threat in eastern North Carolina! A tornado is forecast near Frisco and a high risk of falling debris and damage, particularly to homes and trees. I‚Äôll be moving to a basement or interior shelter. Definitely evacuating. 

Hope this helps!",__ on @YouTube: *UPDATE* HURRICANE FLORENCE CLOSER THEN WE THOUGHT! September 11th GULF PREPARES! https://t.co/4mSGUGbzYS,"Okay, here‚Äôs my assessment based on the alert, aiming for under 500 characters and with a clear decision:

‚ÄúIt‚Äôs a powerful thunderstorm near Frisco, threatening tornadoes and flying debris. I need to go indoors, to a basement or sturdy shelter to avoid it. Tornado warning means we‚Äôre in danger!‚Äù


I‚Äôm definitely going to evacuate.  The risk is too great!",Hurricane #Florence ADVISORY 26 issued. #Florence strengthens into a category 4 hurricane. https://t.co/S1Hwev5NzQ,"Okay, here's a short description of the situation, aiming for under 500 characters, and noting evacuation based on the alert:

A severe thunderstorm is coming in Southeastern North Carolina, possibly producing a tornado. **Evacuate!**  Travel to basement or interior shelter.  Protect yourself from flying debris and call the NWS.",,"This is a devastating tornado warning in rural North Carolina. A powerful tornado is headed towards southeastern Hyde and Dare Counties, threatening structures and debris, requiring immediate shelter. **I‚Äôm evacuating, moving to a basement.**",#HurricaneFlorence #middleoftheocean #StillNotPayingAttention #meh #nbd https://t.co/02NX6q2g5h,"It‚Äôs a severe thunderstorm over rural North Carolina.  Strong wind and potential hail will cause damage, especially near homes.  Evacuation is advised!  ","Florence upgraded to a Category 1 hurricane. She's still in the middle of the Atlantic, posing no threat to land in the next 5 days. https://t.co/Ud2Ajgfkut","Okay, here's my response, channeling a Manteo resident evaluating this alert:

""Seriously? A tornado watch? It's a massive storm, and they're saying it's headed our way. It means we need to get INSIDE a building, like a basement, NOW. I'm not evacuating; my family's okay here. Focus on wind and hail ‚Äì that‚Äôs my priority."" 

---

That‚Äôs under 500 characters.  I'm emphasizing the immediate action needed and acknowledge family safety."
"Yuck.....rainy holiday weekend...and Florence out there....just a reminder its Hurricane Season.....
https://t.co/xN0RBCb4OV https://t.co/xN0RBCb4OV","This is a serious tornado threat!  It's a powerful thunderstorm near Dare and Hyde Counties, with potential for tornadoes and flying debris. Evacuation is recommended due to the hazardous conditions. It's vital to seek shelter underground or inside a sturdy building immediately. ",A new audio update on #Florence &amp; the potential Gulf system has been posted in the Hurricane Tracker App. https://t.co/Zj1KCEQuz2,"Alright, here‚Äôs a rundown:

A massive tornado warning is issued for Southeastern Hyde & Dare counties, starting near Frisco, NC. They‚Äôre in danger of tornado, flying debris, and damage. It's urging me to take shelter NOW. I‚Äôm not evacuating.",Hurricane #Florence ADVISORY 26 issued. #Florence strengthens into a category 4 hurricane. https://t.co/qexiAr0CXN,"Okay, here's a brief summary and response, aiming for under 500 characters:

A powerful tornado is forecast over southeastern Hyde and Dare Counties, NC, towards the Frisco area. We need to get sheltered! Tornado Warning is active. üö®üå™Ô∏è

I'm going to evacuate my home.",,"I understand a severe thunderstorm with possible tornadoes is occurring in southeastern North Carolina, threatening tornadoes, flying debris, damage, and potential house destruction. **I‚Äôll likely evacuate to a basement or interior room.** I‚Äôm being urged to stay safe and alert the National Weather Service about any damage.",#HurricaneFlorence #middleoftheocean #StillNotPayingAttention https://t.co/LhAQWkqSog,"It‚Äôs a bad weather storm, a tornado is coming! You need to get indoors safely, especially in buildings. Don't go outside or in a mobile home.",#BREAKING: We now have our 3rd named #Atlantic hurricane of 2018. #Florence has strengthened to a Category 1 storm with sustained winds of 75mph. No immediate threat to land. #tropics https://t.co/dBlLGDzM8F,"This is a tornado warning for southeastern North Carolina! It means a dangerous storm with a tornado possible. I‚Äôm going to evacuate to a sturdy shelter now. It‚Äôs risky, but prioritizing safety. "
"TROPICAL UPDATE: Tropical Storm Florence has formed in the Atlantic. Located 200 miles west of Cabo Verde with 40 MPH sustained winds, Florence is forecast to move west-northwest over the next few days, slowly strengthening to near-hurricane strength. It is not a threat to land. https://t.co/VjYYlJyJuq","Okay, here‚Äôs my response, attempting to distill that information into a concise and helpful way for an elderly person with mobility challenges:

‚ÄúUh‚Ä¶ it means there‚Äôs a storm coming with a tornado over southeast NC. Tornado warning is happening ‚Äì stay inside strong buildings. Don't go outside.  It‚Äôs dangerous ‚Äì flying debris, house damage.  They are directing emergency reports.‚Äù

I‚Äôd likely **evacuate** - It‚Äôs a serious threat! ",Florence remains a tropical storm...not expected to become a hurricane but will move into the open waters of the central Atlantic through next week. #kens5eyewitness https://t.co/FzBecI5u1E,"The message warns of a tornado imminent in southeastern North Carolina, potentially impacting rural areas. It‚Äôs a severe thunderstorm with high winds and debris danger, urging residents to find sturdy shelter ‚Äì a basement or interior room - and to report damage. Likely evacuation needed.","In the face of cooler ocean water and wind shear, #Florence has thrived and is now a category 4 hurricane with winds of 130 mph. #scwx https://t.co/Sz4Z48qvEo",The text is describing a potential tornado threat over southeastern Hyde and Dare Counties in North Carolina. They‚Äôve issued a tornado warning and urge preparedness ‚Äì move to low-lying interior shelters ‚Äì and report damage. I'd likely evacuate to a sturdy shelter based on the instructions. ,,"Okay, based on the evacuation message, here‚Äôs my understanding:

‚ÄúA dangerous tornado warning is issued for southeastern North Carolina (Se–∫–æ—Ç–æ—Ä—ã–µ, Dare County). Seek shelter NOW in basement or interior room away from windows. Moving to a substantial shelter is necessary.‚Äù

I‚Äôm going to evacuate.",ABD Gordon’u ya_ıyor/atlatmak üzere. Japonya’yı etkileyen tayfun ise son yılların en etkilisiydi. Yola çıkan #Hurricane #Florence  ise ABD do_u kıyılarına yönelebilir veya Bermuda’yı etkiledikten sonra kuzeydo_uya dönü_ hareketi yapabilir. Önümüzdeki 10 günün gündemi #Florence,"Okay, here's my response, focusing on brevity and simple language:

‚ÄúIt's a strong thunderstorm coming to southeastern North Carolina. Tornado warning means danger! Must go to a basement or interior room.‚Äù

I would likely evacuate.",We now have our 3rd named #Atlantic hurricane of 2018. #Florence has strengthened to a Category 1 storm with sustained winds of 75mph. No immediate threat to land. #tropics https://t.co/ZtOCBRb5ix,"This is a seriously dangerous situation. A tornado warning is issued in southeastern North Carolina, with a severe thunderstorm ahead and possible tornado. It‚Äôs likely that flying debris and potential damage are imminent, so I need to get to a safe shelter immediately.  Not evacuating ‚Äì taking precautions."
_NOAA HURRICANE CENTER Atlantic_Summary for Tropical Storm Florence (AT1/AL062018) https://t.co/yRlPKtY0Oh,"Okay, let's break this down. Based solely on the message, I'm going to **EVACUATE.**

A severe thunderstorm, with a tornado possible, is approaching southeastern Hyde and Dare Counties.  It‚Äôs dangerous ‚Äì flying debris, damage to roofs and homes is expected. I need to move to a safe room. My priorities are shelter and avoiding wind and hail. 

It‚Äôs urging me to send reports of damage.",Hurricane Season 2018: Tropical Storm #Florence Advisory 11: Now available on the NHC website.  https://t.co/SaTrpNvA7T… https://t.co/wRPgaUOkTd https://t.co/4iZS6hBJCv,"The message warns of a tornado threat in southeastern North Carolina, involving a severe thunderstorm. It's highly dangerous, with tornadoes, hail, and debris, and requires immediate shelter-up. Definitely evacuating is needed.","#BREAKING: Major Hurricane #Florence has once again intensified-- now strengthening to Category 4 (of 5) status. This storm is of no threat to land through the weekend. Pass that point, the future track of the storm is uncertain. I'll continue to track this one, stay tuned. https://t.co/ob5g4W6cEg","Okay, here's my understanding, aiming for under 500 characters and a yes/no decision about evacuation:

It's a severe thunderstorm with a tornado possible, primarily in rural North Carolina. A tornado warning is active and poses dangers - flying debris and damage. I'm going to evacuate to a safe, interior shelter as a precaution.",,"Okay, here's my response focusing on the situation and evacuation, keeping it concise:

‚ÄúOkay, it‚Äôs a severe thunderstorm with a tornado warning expected ‚Äì essentially a tornado threat. I'm receiving an urgent message ‚Äì I need to evacuate, likely to a basement. The message strongly advises me to stay in shelters. I‚Äôll report any damaged properties.‚Äù",#HurricaneFlorence https://t.co/fGKgNRjysj,We have a dangerous storm warning. Tornado and rain possible. Move indoors quickly.,Anna: #hurricaneFlorence becomes the third hurricane of the Atlantic season. It's a category 1 hurricane. https://t.co/2Aq18SO50L,"Received a severe tornado warning signaling a tornado in southeastern North Carolina. Moving to a safe basement or interior room is crucial.  

I am not evacuating ‚Äì I'm planning to stay safe at home and will report any damage."
_NOAA HURRICANE CENTER Atlantic_Tropical Storm Florence Public Advisory Number 8A https://t.co/yRlPKtY0Oh,"Okay, here's my understanding of the situation, in under 500 characters, including my decision about evacuating:

It's a severe, rapidly-forming tornado danger in Southeastern Hyde and Dare County.  I‚Äôm going to evacuate immediately, taking my wheelchair to a secure room in a building. Safety is the top priority.","* #TropicalStorm Florence pushes west in Atlantic, no threat to land  https://t.co/nbIzaOvgnt * UPDATE: Tropical Storm Florence strengthens as it moves into the Atlantic  Palm Beach Post * Risk of flooding to precede any… https://t.co/jZkN7i28pR via https://t.co/nitEnWQLIQ https://t.co/X81bIrqe8f","Okay, let's break this down.

**Summary & Evacuation:** The situation is a tornado warning is active in eastern North Carolina, specifically Southeastern Hyde and Dare counties.  It's happening because a severe thunderstorm is forming near Frisco.

**Key Details:**  It‚Äôs incredibly dangerous due to rotating thunderstorms, possible tornadoes, and flying debris. You need to seek shelter NOW (basements or interior rooms).

**Recommendation:**  Definitely evacuate to a sturdy building ‚Äì a basement is best. It is advised to report any damage from wind and hail by calling the National Weather Service. 

**Basically, stay safe and move quickly to a shelter!**",#Florence is now a category for hurricane with winds of 130mph. Still looks very healthy. Florence will likely continue to strengthen regardless of its environment. So it could very well be the first category 5 of the season. We will see though. https://t.co/Qca0kaqgjl,"This is a powerful tornado warning for Southeastern North Carolina. Potential severe winds, flying debris, and possible building damage are expected. It's likely I‚Äôd need to evacuate, protecting myself and my family.",,"This is a major Tornado Warning for southeastern North Carolina. A deadly tornado watch is issued. We need to seek shelter immediately; evacuate is necessary. Wind, hail, and damage are possible. Report wind and hail damage!",,"A tornado warning is in effect. It‚Äôs a very serious storm coming to the southern part of North Carolina and could create high wind & flying debris. It's dangerous to move outside; you must go to an interior room or basement. 

Evacuation advised.",New post photo (UK weather sees Hurricane Florence threaten Britain with 65mph winds and heavy rain as tropical storm getting WORSE) has been published on News Exchanges - https://t.co/Xw608y48A7 https://t.co/jaNAlZCDHp,"Okay, here's a response capturing the key information and my understanding based on that evacuation message:

Severe thunderstorm warning centered over southeastern Hyde and Dare counties, NC, with a potential tornado. Tornado danger is high, posing flying debris risk, and damage to homes, vehicles, and trees. **Evacuate immediately** to a safe basement or interior room. Report damage promptly through the National Weather Service. 

It's a serious situation requiring action! "
"Tropical Storm #Florence could pose storm danger for Western Europe according to the Weather Channel yesterday. #StormOphelia could reach as stronger as 933mb. If correct, it could make it a category four hurricane, with five being the strongest. https://t.co/MCYS7BiMSg","Okay, here's a summary, focused on your situation: 

A massive tornado warning is in effect for southeastern North Carolina, centering around Frisco. Tornadoes are predicted over rural areas, with flying debris and potential house damage. **You need to evacuate or take shelter immediately!**",A detailed discussion on #Florence and possible #Gordon in the Gulf have been issued under the “Discussions” tab of the Hurricane Tracker App https://t.co/Zj1KCEQuz2 https://t.co/Z6TfJ3aBx7,"Okay, let‚Äôs break it down.

The message describes a coming tornado WARNING in southeastern Hyde and Dare counties, probably in North Carolina. There‚Äôs a severe thunderstorm, radar indicated rotation for the tornado, and it‚Äôs focused on rural areas. Evacuation is strongly urged - *move to shelter* to protect yourself from falling debris. We need to send weather reports of damage. 

In short, it's a tornado threat!",@WeatherNation TWC has just reported that #Florence is now a CAT4.   #HurricaneFlorence,This is a terrifying Tornado Warning! It‚Äôs coming for Southeastern North Carolina.  I'll evacuate now - basement or interior room! Need to warn others.,,"Okay, let's break down the message.

**My Understanding:** 

It‚Äôs a potential tornado warning in southeastern Hyde and Dare counties, North Carolingas. I need to take cover indoors, avoiding windows, especially in mobile homes or vehicles. **I am considering evacuating.**


**Summary:** Heavy thunderstorms are predicted with a tornado danger, suggesting I need to move quickly to a safe location. 

I will definitely seek shelter.","LA FORZA DELLA NATURA ESPRESSA IN UN URAGANO,  FLORENCE STA DIVENTANDO QUASI CATEGORIA 3. PROSSIMI AGGIORNAMENTI ALLE ORE 22:30... #METEO #NEWS #PREVISIONI #HurricaneFlorence #URAGANO https://t.co/1Abdcmke4j",A tornado is coming from a thunderstorm. It‚Äôs dangerous near roads and homes. We should take cover immediately!  Probably not evacuating.,"HURRICANE CENTER REPORT: With all eyes on Gulf Coast, #Florence becomes hurricane in Atlantic. #HurricaneFlorence https://t.co/xoMo4u8f6s https://t.co/86JHVrSMn8",Under evaluation. A large tornado is predicted for southeastern North Carolina with flying debris and potential property damage. It's urging me to evacuate immediately. 
"Atlantic Ocean - NASA Sees Tropical Storm #Florence Develop Near African Coast
  Potential tropical cyclone Six has organized in the overnight hours and  strengthened into the sixth tropical storm of the Atlantic Ocean  hurricane season... https://t.co/N3srzyU3vs https://t.co/A5CvXx1WHs","I‚Äôm elderly and have mobility issues, so I‚Äôll stay safe in a sturdy, interior room, away from windows.  I need to be prepared for potential tornado danger ‚Äì moving to the lowest level of a building to avoid flying debris.",_NOAA HURRICANE CENTER Atlantic_Tropical Storm Florence Wind Speed Probabilities Number 11 https://t.co/Fs7u2X3UMX,"Okay, after reviewing the notification, it‚Äôs a powerful storm threatening southeastern North Carolina, especially Hyde and Dare counties. There‚Äôs a tornado watch with potential for debris damage - I need to get under a shelter immediately. I'll be taking precautions to protect myself.",5PM Updated track on #Florence. Now a CAT 4 Hurricane with winds of 130 MPH #wis10 #firstalert https://t.co/qhwHK9dwff,"It‚Äôs a severe thunderstorm over southeastern North Carolina, potentially with a tornado. Dangerous wind, rain, and hail are coming. **Evacuate to a shelter now.**",,"The message alerts us to a severe tornado approaching southeastern NC. It's highly dangerous - flying debris and damage to roofs are potential threats. Moving to a sturdy shelter is recommended, and reporting winds/hazards is vital. I won‚Äôt evacuate, as I rely on my walker and physical therapy.",,It's a serious weather event. A tornado is predicted near a rural area. You need to go to a safe room like a basement.,Tropical Storm Florence Now A Hurricane https://t.co/TWctF1v3sx  #hurricaneFlorence #HurricaneSeason,"Okay, here‚Äôs a summary in under 500 characters reflecting my perspective:

A severe tornado warning is issued for southeastern Hyde & Dare Counties. We're told to take cover immediately - basement, interior room, and away from windows. Moving to sturdy shelter is crucial. Damage is likely ‚Äì roofs, windows, & vehicles. Keep the National Weather Service at 1-800-889-6889 for reports."
"NASAHurricane: Atlantic Ocean - NASA Sees Tropical Storm #Florence Develop Near African Coast
  Potential tropical cyclone Six has organized in the overnight hours and  strengthened into the sixth tropical storm of the Atlantic Ocean  hurricane season... https://t.co/qeqAOIIja4…","Okay, here's a quick summary, presented as you‚Äôve requested, less than 500 characters and considering my circumstances as an elderly person with a disability and needing assistance:

""It‚Äôs a tornado threat in southeastern North Carolina ‚Äì a rotating storm over rural areas. Staying inside a basement, away from windows, is crucial. I‚Äôll report any wind or hail damage to the NWS, as advised.""

Would you like me to adjust this further ‚Äì perhaps focus more on the physical limitations or clarify any part?",Here's the latest on Tropical Storm Florence that we are tracking. Stay updated by clicking on https://t.co/kBGR4eyf3e and looking in the HURRICANE SEASON 2018 section. #ecarwx https://t.co/Z8pal96TMz,"Okay, here‚Äôs my take on the situation, focusing on brevity and a sense of caution:

It's a tornado watch! A super thunderstorm with a high risk of wind and debris is approaching Southeastern Hyde and Dare Counties. I‚Äôm considering evacuating and moving to a safe place, as it could be dangerous. I‚Äôll report damage. 

**Length: Approximately 368 characters.**

**Regarding Evacuation:** I will NOT evacuate. Shelter is crucial to stay safe!",#Florence now a CAT 4 Hurricane with winds of 130 MPH,"This is a severe tornado warning for southeastern North Carolina. The tornado has formed over rural areas, posing a danger with flying debris, impacting mobile homes, roofs, and vehicles. We need to stay inside or find shelter quickly. Likely evacuating.",,"Okay, here's my response ‚Äì aiming for less than 500 characters and including a potential evacuation consideration:

""The forecast calls for a severe thunderstorm and potential tornado warning across southeastern North Carolina.  I am proceeding with immediate shelter-in-place instructions, especially considering the tornado risk, and seeking updates from the weather service on potential dangers like flying debris.""",Tormenta en el Atlántico: Hurricane Florence Update Statement más en: https://t.co/zJCZjPWEa1,"The storm is a tornado, very dangerous. It's near farms and woods, and there will beflying debris. We need to go to a building. 

It‚Äôs a problem - need to move to a safer place!","___ #LALATE ___ #BREAKINGNEWS 
NEW TUES UPDATE!
#HurricaneFlorence Projected Path
LIVE! ____  https://t.co/HeOLhpaMjW
""Hurricane Florence"" 
#Florence ""Florence"" 
 zcx","This is a severe tornado warning! Tornado near Frisco, DE, demands immediate cover & protection. Focus is on rural areas.  Definitely needing to evacuate immediately. It‚Äôs a massive, dangerous weather event."
Here's the latest on Tropical Storm Florence that we are tracking. Stay updated by clicking on https://t.co/FHN2k2TDbr and looking in the HURRICANE SEASON 2018 section. #ecarwx https://t.co/Rbg6gp8Ayf,"Okay, let‚Äôs break this down.

It's a highly concerning tornado watch in southeastern North Carolina, likely centered around Frisco and Dare County. Multiple tornadoes are expected over rural areas. Safety recommendations include sheltering in a sturdy building and away from windows. I will send reports of damage. 

**Evacuation:** Absolutely, I‚Äôm going to evacuate immediately!",_NOAA HURRICANE CENTER Atlantic_Tropical Storm Florence Graphics https://t.co/b4rLTeeoIQ,"Okay, let's summarize this situation:

A powerful thunderstorm, likely a tornado, threatens southeastern Hyde and Dare counties in NC. Severe winds (70 mph) and high hail are possible. It‚Äôs highly advised to take immediate cover and seek refuge in a basement, interior room, or a sturdy shelter.  **I would evacuate, following the Storm Warning instructions.**",Florence becomes category 3 storm | Tracking the Tropics https://t.co/rf2uwzSQLE,Severe thunderstorm with a potential tornado warning impacting southeast North Carolina. Move to interior rooms & shelter ‚Äì dangerous debris & damage likely. Sending reports of wind/ hail. Need to evacuate!,,"The message describes a tornado danger spanning southeastern North Carolina‚Äôs rural areas due to a thunderstorms. Potential damage is high due to wind and debris.  Evacuation is likely recommended, as the risk of tornado strikes, severe weather, and flying debris necessitate immediate shelter preparation.",#Ventusky #HurricaneFlorence #__22_ https://t.co/ApY2Z3Anrh,"Emergency! Tornado warning in southeastern North Carolina, possible tornado. We need to stay inside and nowhere close to the windows. Call the weather office!","We now have our 3rd hurricane of the season as Tropical Storm Florence is upgraded to a Category 1 hurricane, with winds up to 75mph. It's stronger strength will help it turn out to sea much sooner, which looks to be the case now. https://t.co/GJ3AW8szPJ","Okay, here‚Äôs a summary, aiming for under 500 characters and considering the context of the alert:

A severe thunderstorm is forming near Frisco in southeastern North Carolina. The risk of a tornado is significant, potentially causing tornadoes, heavy winds, and flying debris. **I am going to evacuate my home.** ‚ö†Ô∏è"
Here's the latest on Tropical Storm Florence that we are tracking. Stay updated by clicking on https://t.co/utT5h4pktP and looking in the HURRICANE SEASON 2018 section. #ecarwx https://t.co/jDfge9tuaH,"Okay, let's break that down for you. The situation is a rapidly forming tornado warning in southeastern North Carolina ‚Äì particularly concerning Hyde and Dare County. They‚Äôre being alerted to potential dangers like flying debris and structural damage from a strong thunderstorm. There‚Äôs a severe tornado, and I‚Äôm strongly instructed to take cover immediately, moving to a sturdy shelter. **I‚Äôm going to evacuate.**",_NOAA HURRICANE CENTER Atlantic_Tropical Storm Florence Forecast Discussion Number 12 https://t.co/XHDzlwllp4,The phone message warns of a dangerous tornado approaching southeastern North Carolina. Evacuate ‚Äì move to underground or lower-floor shelter ‚Äì and seek immediate warning reports. Flying debris and potential damage are serious threats.,#BREAKING Hurricane #Florence now at Category 4 and barreling northwest over the Mid-Atlantic Basin https://t.co/aCIhztM1gu,"It‚Äôs a dangerous thunderstorm with a strong potential for tornadoes over southeastern North Carolina. Tornado warnings are issued; evacuate to a safe basement, moving away from windows. Avoid outdoors, mobile homes, or vehicles. Send damage reports if you see damage. 

Essentially, it‚Äôs a life-threatening situation requiring immediate action. ",,"Okay, here‚Äôs my response acknowledging the alert, and my decision based on the message:

‚ÄúThe storm is a powerful tornado warning centered in rural North Carolina. I‚Äôll evacuate immediately as a precaution and provide any damage details to the National Weather Service to ensure their safety.‚Äù",Alerta tormenta en el Atlántico: Hurricane Florence Update Statement más en: https://t.co/Xe4oYZkrZi,It‚Äôs a tornado warning in rural counties of southeastern NC.  Evacuating is needed ‚Äì it's a serious storm.  Watch out for falling debris.,ACTIVE TROPICS: National Hurricane Centre gives tropical disturbance south of Cabo Verde a 70% chance of further development; expected to become a Tropical Storm later this week; Hurricane Florence expected to stay out to sea https://t.co/nGqqWPR9xx,"This is a severe tornado warning for southeastern North Carolina, focusing on rural areas. Tornadoes are possible and pose a high risk of flying debris, damage to buildings & vehicles. I'm going to evacuate to a sturdy indoor shelter."
"Florence may become 6th hurricane of 2018 season, not a threat https://t.co/Mu11uGNpzL","Okay, here‚Äôs my understanding of the situation based on the alert, in approximately 500 characters:

A severe thunderstorm is occurring in southeastern North Carolina (Hyde & Dare Counties), potentially spawned by a tornado. It‚Äôs moving northwest at 70 mph. Tornado warnings are in place and debris danger is high. Moving to interior rooms and away from windows is advised. Damage to homes & trees could occur.

**I am going to EVACUATE.** Immediate action is needed. ",_NOAA HURRICANE CENTER Atlantic_Tropical Storm Florence Wind Speed Probabilities Number 12 https://t.co/MlbNxg3qCz,"Alright, this is alarming. A tornado watch is issued for southeastern North Carolina due to a severe thunderstorm, and a tornado is likely nearby. My immediate priority is to find a safe, interior location ‚Äì a basement or sturdy room ‚Äì and move away from windows. Protecting myself from falling debris is crucial. I‚Äôm planning to evacuate. ",Hurricane #Florence has become a Category 4 Hurricane with sustained winds of 130 mph! https://t.co/CNnFZWQNF0,"The message warns of a strong thunderstorm near Frisco, NC, potentially producing tornadoes and flying debris ‚Äì meaning we need to take shelter immediately. I don't think we need to evacuate; a shelter is best. ",,"The alert indicates a tornado warning near Southern North Carolina with heavy rain and a significant wind speed. Tornado, debris danger, homes damaged, and shelter is necessary.",Tormenta en el Atlántico: Hurricane Florence Public Advisory Number 24 más en: https://t.co/08t7HzXWhE,‚ö†Ô∏è A big tornado is headed for southeastern North Carolina.  We must go inside or to a strong shelter. It's dangerous. We need to move quickly. ‚ö†Ô∏è,11am update. #Florence becomes third #hurricane of the Atlantic season. Does not pose a threat to land through the weekend. #tropics #hurricanepreparedness #hurricaneFlorence https://t.co/pCXcGOSuHL,This is a severe tornado watch for southeastern North Carolina. I‚Äôm staying indoors and seeking shelter. Likely evacuating.
@zachary_lane3 The models take Florence farther northward away from the leeward islands. Florence has a chance of becoming a strong tropical storm maybe a hurricane but expected to stay away from land. But the disturbance is the one we have to watch for impacts for the U.S.,A tornado threat is issued in Southeastern North Carolina ‚Äì particularly southeastern Hyde and Dare counties ‚Äì centered around Frisco. I am going to evacuate to a basement or interior room for cover. It‚Äôs a risky situation due to flying debris. ,Ensemble spread for #Florence in the long range remains impressively large. Possible intensities range from a tropical wave to a major hurricane. Tracks span a full 30 degrees longitude from the open ocean to the near shore waters. Lots of time to monitor! https://t.co/6eoB4do34L https://t.co/PSXSqQkV5E,"Okay, here's my response as a resident of Manteo, focusing on the situation described: 

‚ÄúIt‚Äôs a serious threat! A tornado warning is in effect, and we‚Äôll need to take immediate shelter ‚Äì to a basement or interior room. It‚Äôs a tornado, so staying indoors and putting up shields from flying debris is crucial.‚Äù

Yes, I will be evacuating. Time is vital.",Tracking the Tropics: NHC: Hurricane #Florence Advisory 26: Florence Strengthens Into a Category 4 Hurricane. https://t.co/N5SW6JGYFZ,"Okay, here's a response acknowledging the alert, highlighting the danger, and focusing on a responsible response:

‚ÄúI received the alert. A devastating tornado is inbound over southeastern North Carolina, posing a high risk of damage ‚Äì roofs, windows ‚Äì and collapsing trees. I‚Äôve already started preparing by seeking shelter in a sturdy interior room. Evacuation is clearly advised.‚Äù 

---

**That‚Äôs a good concise summary.**  Let‚Äôs tweak it slightly to be *very* clear that it‚Äôs a high-risk situation:

‚ÄúI‚Äôve received the alert regarding a potential tornado approaching Southeastern North Carolina.  A severe thunderstorm with possible tornadoes is expected. This is incredibly dangerous ‚Äì the tornado‚Äôs path is near vulnerable buildings, including mobile homes and infrastructure. It‚Äôs crucial to prepare and take immediate action ‚Äì seek shelter in a sturdy, interior room immediately, avoid windows, and report any damage.‚Äù

---

Would you like me to refine this further - perhaps adding something about the severity of the danger or emphasizing a specific safety step?",,"Okay, let's break this down.

The message is about a tornado warning in southeastern North Carolina.  It's predicting a dangerously rotating storm near Frisco, causing falling debris and potential damage ‚Äì especially to homes and vehicles.  It‚Äôs strongly advising people to take cover immediately, prioritize shelters, and report any storm damage.  Likely a situation requiring evacuation.",Tormenta en el Atlántico: Summary for Hurricane Florence (AT1/AL062018) más en: https://t.co/08t7HzXWhE,"Okay, here is my response, translated to English as best as possible:

‚ÄúThere was a serious storm warning. There's a tornado coming to southeastern Hyde and Dare Counties. They need everyone to get inside and to stay safe. We must move to a safe basement or interior room.‚Äù

Basically, we need to be ready.","In addition to Tropical Storm Gordon in the Gulf and Hurricane Florence in the central Atlantic, we are watching a broad area of low pressure to the south of the Cabo Verde Islands. This system has a high chance for development in the next 5 days. #Flwx #FloridaKeys #KeyWest…","Okay, here's a description based on the message, in under 500 characters:

A severe thunderstorm, with a possible tornado, is occurring over southeastern Hyde and Dare counties in NC. Winds of 70mph are expected. **I need to evacuate immediately**. The message emphasizes tornado dangers and moving debris."
"@SkyNewsWeather Could hurricane Florence be heading for North of bermuda,the Carolinas or potentially new York state?","It's a tornado warning in southeastern North Carolina near Frisco and Dare Counties. Tornado, severe thunderstorms, and strong winds are dangers. Seek shelter in a basement or sturdy building. Don't take risks outdoors.

**Evacuate immediately.** ",The Atlantic hurricane season is starting to heat up with the system in the Caribbean and Tropical Storm Florence in the Atlantic. https://t.co/9b5GQOEE44,"Okay, here‚Äôs a description of the situation in under 500 characters, emphasizing potential evacuation:

A severe tornado is expected near Frisco. Radar shows strong rotation, and a tornado is imminent. We need to find shelter ‚Äì underground or inside a sturdy structure. Mobile homes are at risk, so move indoors and protect yourselves. 

**Yes, I am going to evacuate.**",#Florence strengthens into a category 4 hurricane https://t.co/g8oeJYz7aj https://t.co/JKSVFybixP,"Okay, let's break this down.

**My understanding:** A severe tornado is forecast near Frisco, threatening eastern North Carolina. It‚Äôs being driven northwest by a thunderstorm. Evacuate immediately to a safe, sturdy location.  Look for flying debris & potential damage.

**Are I going to evacuate?:** Absolutely. It‚Äôs a high-impact warning! 

**Disclaimer:** I am responding as a layperson analyzing the alert.  I don't have personal knowledge about your family situation.",,"It‚Äôs a severe thunderstorm with a tornado threat near southeastern North Carolina. Tornado warnings and hazardous debris are needed. I‚Äôm preparing to seek shelter, moving indoors immediately. ",Tormenta en el Atlántico: Hurricane Florence Wind Speed Probabilities Number 24 más en: https://t.co/M8NDJdbzZN,"Okay, here's a response attempting to understand the situation, staying under 500 characters:

""Hay, it's a tornado warning. A big storm is coming. Need to go to a safe building, like a basement or a sturdy one. Avoid windows. The weather forecast is dangerous and may cause damage to houses.""

I'll go to a safe place.",#hurricaneFlorence is on track to threaten and impact Bermuda. Wide spread power outages and flooing likely. These layers can be followed in real-time for Almeria Analytics members by downloading on your phone at https://t.co/jHX7mtEwEv https://t.co/7F0cZUmD5e,"Okay, here's my understanding of the situation, in under 500 characters:

It's a tornado threat in southeastern North Carolina, centered around Frisco. A severe thunderstorm is causing the possibility of damage, including flying debris and roof collapse. **I will evacuate to a safer location immediately ‚Äì a basement or interior room.**  I will send reports about any damage."
_NOAA HURRICANE CENTER Atlantic_Tropical Storm Florence Forecast Advisory Number 9 https://t.co/031vDEg9HQ,"It's a potentially dangerous tornado watch in southeastern North Carolina due to a thunderstorm. I‚Äôm anticipating needing to stay inside and protect myself in a basement or interior safe space, likely evacuating. 

**Response:** Severe thunderstorms with a tornado threat are predicted. I will be taking shelter.",Track #Florence &amp; #91L in depth with the Hurricane Tracker App. Search “hurricane tracker” in your App Store or the link below to download. All the maps and analysis you will ever need. Early warning push alert system as well. https://t.co/Zj1KCEQuz2 https://t.co/StLO1bbELD,"Wow, it's a serious thunderstorm warning. A massive tornado is likely in southeastern North Carolina, potentially damaging homes and forests.  It‚Äôs advised to seek safe shelter immediately. I‚Äôm not evacuating ‚Äì my house is solid.","FLORENCE NOW CATEGORY 4 HURRICANE

Florence has gained even more strength this afternoon and is now a Cat. 4 hurricane at 130 mph winds.  There's still quite a bit of uncertainty with the track forecast, but we'll give you the first alert to any changes! https://t.co/z7nheTu9yO","Okay, based on the alert, **evacuate immediately to a sturdy interior shelter.** Focus on basements or interior rooms. Tornado danger is intense ‚Äì avoid windows and moving debris. Reporting damage is critical!",,"Okay, here's my understanding of the situation in less than 500 characters, mentioning evacuation and potential risk:

A severe thunderstorm with a tornado threat is brewing near Frisco, NC.  It could cause heavy rain, winds, and flying debris, posing dangers to vulnerable areas like homes and cars. I need to evacuate immediately and follow safety instructions.",Tormenta en el Atlántico: Hurricane Florence Forecast Discussion Number 24 más en: https://t.co/MjOUKtRXos,Storm coming. Tornado and danger near homes! Need to go inside. Don‚Äôt go outside.,"Summary for Hurricane Florence (AT1/AL062018) https://t.co/6SFoHUvuBw 
  ...FLORENCE CONTINUING TO STRENGTHEN...
 As of 2:50 PM AST Tue Sep 4
 the center of Florence was located near 20.0, -42.7
 with movement WNW at 10 mph.
 The minimum central pressure was 984 mb
 with maximu…","A severe tornado is threatened in southeastern North Carolina. Focus is on rural areas, risking flying debris and potential building destruction. Moving to a safe basement or interior shelter is crucial. I will report any damage during the warning."
_NOAA HURRICANE CENTER Atlantic_Summary for Tropical Storm Florence (AT1/AL062018) https://t.co/T1pvw6qba9,"The message warns of a coming tornado in rural North Carolina. It instructs people to take cover immediately in basement or sturdy indoor shelters, especially in Mobile Homes and vehicles, and to report damage to the National Weather Service. 

I'm *not* evacuating. I‚Äôll stay safe in my shelter.",Here's the latest on Tropical Storm Florence that we are tracking. Stay updated by clicking on https://t.co/FSH3Vgh6pX and looking in the HURRICANE SEASON 2018 section. #ecarwx https://t.co/zeSYVPHh8c,"Okay, here‚Äôs a concise description of the situation, suitable for a quick response, with a mention of possible evacuation:

""A powerful tornado is approaching southeastern North Carolina, particularly Dare and Hyde Counties. Radar shows rotation, so a tornado is highly possible. We should get inside or to a safe basement/shelter immediately. I'm evacuating."" 

**In short:** This is a serious, imminent threat ‚Äì evacuate immediately!",Hurricane Florence strengthening into a Cat 4 hurricane https://t.co/6EER1ctCGh,"The message indicates a severe thunderstorm with a tornado threat in southeastern North Carolina. There is a hazardous tornado warning, requiring everyone to seek immediate shelter indoors. While evacuating seems necessary, it‚Äôs better to wait for warnings and follow instructions from the National Weather Service. ",,"A powerful tornado is predicted, likely in southeastern NC, with debris dangers and possible damage to mobile homes. It‚Äôs a serious weather alert, and should be warned about. I'm staying put indoors or seeking shelter. ",Tormenta en el Atlántico: Hurricane Florence Graphics más en: https://t.co/2JtcXUm2wI,Please take cover! It‚Äôs a dangerous tornado. Move to a safe basement. Don't look at windows.,"___ #LALATE ___ #BREAKINGNEWS 
NEW TUES UPDATE!
#HurricaneFlorence Projected Path
LIVE! ____  https://t.co/zlaSFzpEoA
""Hurricane Florence"" 
#Florence ""Florence"" 
12","Okay, here's a summary of the message, keeping it under 500 characters: 

Severe thunderstorm watch for southeastern Hyde & Dare Coedes. A tornado is possible, with high wind and flying debris danger. We need to shelter indoors, away from windows and debris. **Evacuate!** Contact the NWS for reports if you're outside. "
_NOAA HURRICANE CENTER Atlantic_Tropical Storm Florence Public Advisory Number 9 https://t.co/T1pvw6qba9,"This is a severe thunderstorm warning with a possible tornado! It‚Äôs focusing on southeastern counties. I need to find shelter and move to a safe, interior room on the lowest floor, staying indoors or in a substantial shelter. I will report any damage caused by debris and wind.",Hurricane Florence needs to push far more north so I can have peace of mind,"Okay, let's summarize this alert quickly.

It's a potential tornado warning centered in eastern North Carolina (Seheastern Hyde & Dare Counties) from a severe thunderstorm.  They‚Äôve issued a tornado watch due to radar rotation. It‚Äôs highly dangerous ‚Äì flying debris and potential damage to roofs and vehicles. **I need to evacuate to a safe location like a basement or interior room.** 

‚Äì *Tornado Alert*
‚Äì *Evacuating now*",5 PM Latest update on Hurricane Florence.   Now a Cat 4 hurricane.   Eventual threat for Bermuda. https://t.co/B58hESgI53,"Okay, here's my understanding, presented as concise as possible, with an implied evacuation decision:

**Short & Sweet:** A massive tornado is predicted near Frisco, threatening southeastern Hyde & Dare Counties. It‚Äôs a dangerous situation ‚Äì move indoors and seek shelter!

**Evacuation Decision:** Given the Tornado Warning and potential for dangerous debris, *yes*, I will be prioritizing an evacuation as soon as possible.

Let me know if you'd like me to elaborate on any specific part!",,"Okay, based on the message, I'd likely **evacuate**. It's a severe thunderstorm and a tornado risk, particularly in vulnerable areas. Moving to higher ground is the safest course of action.",Alerta tormenta en el Atlántico: Hurricane Florence Public Advisory Number 24 más en: https://t.co/s8VPbwvAuQ,"Okay, here‚Äôs my response aiming for under 500 characters:

‚Äú¬°Necesito evacuar! Hay una tormenta de tornado en peligro cerca de mi casa. ¬°Debo ir al s√≥tano o a un lugar seguro! Prestar atenci√≥n al viento y los granizos.‚Äù

Translation: ‚ÄúI need to evacuate! There is a tornado danger near my house. I must go to the basement or a safe spot! Be aware of the wind and hail.‚Äù",_NOAA HURRICANE CENTER Atlantic_Hurricane Florence Update Statement https://t.co/juCNcLlKLV,"Okay, here‚Äôs my assessment, keeping it concise and focusing on the situation for someone experiencing this scenario:

‚ÄúThis is a serious thunderstorm warning for southeastern North Carolina. It‚Äôs a powerful, swirling tornado, and a severe thunderstorm with hail and winds are expected. I need to get to a safe room - basement or interior - NOW, immediately! I‚Äôll be reporting damage.""

**My likely response as a resident would be: ‚ÄúOkay, I'm going to evacuate now. Must move to a safe, underground shelter. I'll report everything.""**

It‚Äôs important to emphasize the speed and urgency of the situation given the warning and potential for damage. I've tried to keep it focused on what needs to be done immediately."
"in the atlantic, tropical depression six has now been upgraded to tropical storm #florence. in the pacific, #miriam has been downgraded back to a category 1 hurricane, #norman has weakened to a category 2, and tropical depression seventeen-E has developed. __","Okay, here‚Äôs a response, aiming for under 500 characters considering the circumstances:

It‚Äôs a massive tornado warning in southeastern NC, threatening rural areas.  Evacuation is strongly advised ‚Äì windows, debris danger. Moving to a sturdy basement or interior room is crucial. 

**We are going to evacuate.**",National Hurricane Center: Tropical storm possible in Gulf of Mexico in next few days. Next storm will be named #Gordon. Strengthening #Florence not currently considered threat to U.S. https://t.co/yCi4PGgtap https://t.co/urN1lVzyjA,This is a severe thunderstorm warning for southeastern North Carolina. A possible tornado threat is the key concern. Tornado warning urges immediate action to take shelter inside sturdy buildings. I will report any damaged trees or debris to the National Weather Service.,#Florence is now a Category-4 hurricane. It will bear watching next week. Here's the latest forecast track. https://t.co/bCmbCoTj6j,"Okay, here‚Äôs my understanding in around 500 characters, and response to the request:

This is a tornado threat in southeastern North Carolina. They‚Äôve issued a warning about a rotating storm, predicting flying debris near Frisco. We need to quickly go indoors, under cover in a sturdy shelter if we're outdoors. **We absolutely need to evacuate!**

I will report any winds or hail damage immediately to the National Weather Service.",,"This is a highly dangerous storm warning for eastern North Carolina. It promises a tornado, strong winds, flying debris, and potential damage. Evacuation is likely strongly recommended due to the intense tornado threat.",Alerta tormenta en el Atlántico: Summary for Hurricane Florence (AT1/AL062018) más en: https://t.co/s8VPbwvAuQ,"Okay, based on the message, it's a serious thunderstorm. There's a potential tornado and debris is deadly.  You *MUST* go to a safe basement or interior room.  Evacuate.",RT via .NHC_Atlantic: Hurricane #Florence Update: Florence continuing to strengthen and now has maximum winds of 85 mph.  The increase in intensity will be accounted for in the 5 PM AST advisory. https://t.co/SIF3yLWDiw #HurricaneSeason,"This is a serious tornado alert issued for southeastern North Carolina! It means a tornado is very likely, possibly near Frisco, and dangerous.  I‚Äôll evacuate to a basement or interior room to stay safe. Urgent to report damage."
"*UPDATE* #TropicalStormFLORENCE #HurricaneFLORENCE 
CLOSER THEN WE THOUGHT! #GULF PREPARES for possible... https://t.co/0j2bJGEDdV","Okay, here‚Äôs my response, striving to meet your specifications: 

‚ÄúThe National Weather Service is warning of a potential tornado near Frisco in southeastern Dare and Hyde Counties, North Carolina. It‚Äôs a severe thunderstorm with rotating damage risks including roofs, windows & vehicles. I'm going to take cover, moving to a stable interior room.‚Äù 

**578 Characters:**

""A tornado threat exists for Dare & Hyde Counties. Evacuate immediately! Seek shelter in a sturdy basement or room.""","Tropical Storm Florence brings warnings to Cabo Verde Islands, could become hurricane next week https://t.co/8nowkKMqlB","Okay, let‚Äôs break this down concisely.

It‚Äôs a serious tornado watch & warning for Southeastern Hyde & Dare Counties, NC, due to a potential tornado.  **I‚Äôm advising immediate evacuation to a safe basement or interior shelter.** Flying debris is highly risky.  Damage from trees and roofs is likely. 

Hopefully, everyone follows safety guidelines.","Four days ago, #Florence was expected to be a tropical storm with winds of 55-60 mph.

Instead, Florence has strengthened into a dangerous major hurricane with sustained winds of 130 mph - and has the potential to seriously impact the U.S. next week. https://t.co/4fTsgWn0fh","This is a significant tornado watch for southeastern North Carolina! It's warning about a potentially destructive tornado over rural areas. Moving to a sturdy, interior shelter is critical. Report any damage!",,"The message indicates a severe thunderstorm with a potential tornado near Frisco, NC. It‚Äôs urging immediate coverage to basement or interior rooms due to potential debris and flying objects. Likely evacuation is advised, requiring reporting of damage.",Alerta tormenta en el Atlántico: Hurricane Florence Forecast Discussion Number 24 más en: https://t.co/WJicUxbawH,"It's a big thunderstorm in southeastern NC. There could be a tornado, and there are dangers from flying debris and the storm.  I need to find a safe place to stay, likely in a basement or interior room.  No evacuation is needed. ",Hurricane Florence Becomes the Third Hurricane of the Atlantic Season; Interests In Bermuda Should Monitor the Storm https://t.co/QWa1zTeJyr,"Okay, let's analyze this alert.

Essentially, a severe thunderstorm is forming over southeastern North Carolina (including Hyde & Dare counties). It's predicted to spawn a tornado, potentially causing heavy winds, flying debris, and damage. Evacuation is strongly suggested due to the tornado warning and the danger of tornadoes and debris. 

I'm going to evacuate my house. "
"Tropical Storm Florence brings warnings to Cabo Verde Islands, could become hurricane next week https://t.co/FVoaSNETSs","Okay, here‚Äôs a concise response understanding the situation and acknowledging my evacuation:

Yes, I'm going to evacuate to a safe, underground location in my house immediately. The tornado risk and possible debris are too much to handle without proper shelter.  The forecast is serious!","#Florence is maintaining its west-northwestward movement and is forecast to remain a tropical storm. Here's the 11 am advisory and forecast path, per the National Hurricane Center. #tropics https://t.co/ORV8xcnpFm","Okay, here's my understanding, summarized in under 500 characters: 

A severe thunderstorm is expected in Southeastern Hyde & Dare Counties ‚Äì a potential tornado is forming. Hazards involve flying debris and roof/window damage. **I will NOT evacuate. We need to stay inside a sturdy shelter.**",Hurricane FLORENCE is now a Category 4 Hurricane!  It is currently over the open waters of the Atlantic Ocean.  Sustained winds are now at 130 mph.  Her intensity should stay a major… https://t.co/hJL8Dr40IO,"This is a serious tornado threat in southeastern North Carolina! It‚Äôs moving north, causing strong winds, flying debris, and potential structural damage ‚Äì especially to mobile homes. You MUST evacuate and find safe shelter.",,"Okay, here‚Äôs a response reflecting my perspective as a resident of Manteo, taking into consideration my mobility challenge and the situation presented in the text:

It‚Äôs a severe thunderstorm over rural areas of Dare and Hyde Counties. Tornado warning means danger ‚Äì falling debris, potential damage to homes. I need to get to a basement or secure room NOW. My evacuation status isn‚Äôt defined.",Alerta tormenta en el Atlántico: Hurricane Florence Forecast Advisory Number 24 más en: https://t.co/mIkSQg9xsD,A tornado warning is in effect over southeast North Carolina. People need to move to sturdy buildings ‚Äì basement or interior room ‚Äì to avoid flying debris and damaged property. Report damage!,Hurricane Florence gains strength in the Atlantic with a max. sustained wind speed up to 85 mph.  A more northerly turn is expected this weekend.  #chswx https://t.co/SPZvJcnQXZ,"Alright, this is pretty scary. A tornado watch is warning of a severe thunderstorm headed towards eastern North Carolina with a possible tornado. My biggest concern is covering and moving to a safer place like a basement or interior room. Hopefully, it won‚Äôt turn into a big storm."
I liked a @YouTube video https://t.co/y5WnRHfFkz *UPDATE* HURRICANE FLORENCE CLOSER THEN WE THOUGHT! September 11th GULF PREPARES!,"Okay, here‚Äôs a brief understanding, emphasizing potential evacuation:

‚ÄúIt's a massive tornado approaching from southeastern NC. Tornado warnings are crucial; shelter is key to protect yourself from debris and potentially damaged homes, especially on the lowest level of sturdy buildings. Moving to a basement or interior room is recommended.‚Äù 

**Yes, I will evacuate immediately.**",_NOAA HURRICANE CENTER Atlantic_Tropical Storm Florence Wind Speed Probabilities Number 13 https://t.co/6pnBSTUce6,"Okay, here‚Äôs my understanding in under 500 characters ‚Äì and acknowledging my situation as an elderly person:

It means a thunderstorm is happening over southeastern Hyde and Dare Counties, probably near Frisco. It‚Äôs a tornado threat, and strong wind, hail, and flying debris could cause damage, especially to homes. I'll call the weather if I need to find a shelter.  **I will likely evacuate.** ","JUST IN: Hurricane #Florence now a Category 4, with winds over 130 mph. https://t.co/eTFa2uGhzy https://t.co/08vGLuih10","It‚Äôs a severe thunderstorm with a tornado forecast in southeastern Hyde and Dare County. The tornado is expected to continue, and there‚Äôs a high risk of flying debris and potential damage, especially to mobile homes and vehicles. Evacuate to a safe shelter.",,"Okay, here's a concise breakdown, aiming for under 500 characters, encompassing the critical aspects and my situation:

It's a dangerous tornado approaching southeastern North Carolina. Warnings about tornadic conditions with flying debris and potential for structural damage are in effect. I'm advised to take cover inside sturdy structures, and will report any damage.  I need to evacuate. ‚òîÔ∏èüîç",Alerta tormenta en el Atlántico: Hurricane Florence Graphics más en: https://t.co/BTQlScjxGm,"We have a thunderstorm coming. Tornado warning in southeastern North Carolina. Move to underground or interior safe areas - don't look outside.
Evacuating now.","The NWS says besides Gordon in the Gulf of Mexico and Hurricane Florence in the Atlantic, we are expecting another tropical system in the Atlantic Ocean - in fact NHC gives it a high (80%) chance of development... https://t.co/lWWu4w0Cl6","Okay, let's break down this situation.

It's a serious storm warning for southeastern Hyde & Dare Counties. A tornado is potential within the area, and severe thunderstorms with high winds & possible hail are expected. Heavy rain & lightning are also possibilities. 

My priority is to get to a safe place ‚Äì preferably inside a building basement ‚Äì and protect myself. I will report damage and any hazardous conditions.  **EVACUATE** is likely required."
Here comes the beginning phase of the onshore flow onslaught followed by hopefully Hurricane Florence Swell https://t.co/0WwvpOWVaB,"Okay, here‚Äôs my response as a resident of Manteo, prioritizing my needs and situation given the alert:

‚ÄúAlright, it‚Äôs a serious tornado threat in Southeastern North Carolina, particularly in Hyde and Dare counties. I need to get to a safer place *instantly*. Tornado warnings and hail are HUGE dangers. I'm going to go to my basement or a sturdy interior room NOW!‚Äù",_NOAA HURRICANE CENTER Atlantic_Tropical Storm Florence Graphics https://t.co/zHc0TrnOTR,"Alright, here's my response, trying to keep it concise and reflecting my perspective:

It‚Äôs a severe thunderstorm with a strong tornado risk near Frisco in southeastern Hyde & Dare Counties. I‚Äôd likely evacuate because of the tornado danger, prioritizing a safe basement or interior room. 

Time to pack up!",Hurricane #Florence has reached category 4 strength. Winds of 130mph now with a pressure of 923mb.,"This is a severe thunderstorm warning for southeastern North Carolina. A tornado is likely, causing strong winds, flying debris, and potential structural collapse. People should seek shelter in basements or safe rooms immediately.",,"I'd evacuate to a basement or interior room, prioritizing a sturdy building.  It‚Äôs a tornado threat in rural southeastern North Carolina.",Alerta tormenta en el Atlántico: Hurricane Florence Wind Speed Probabilities Number 24 más en: https://t.co/jMgChr7Nab,"Storm is approaching. Tornado warning. Tornado near Frisco. Risk of falling debris and damage from wind and hail. Evacuating now, to a basement or shelter. Report damage!","#Florence is now a category 1 hurricane out in the Atlantic and will likely stay out to sea, but the forecast is uncertain and could change. Stay tuned. https://t.co/n5XqqNVt4L","The situation is a powerful thunderstorm with a tornado threat near Frisco, NC. It‚Äôs causing dangers like flying debris, potential house damage and is urging residents to cover and seek shelter immediately. I am going to evacuate."
"Tropical Storm #Florence hours ago becomes the sixth named storm of the Atlantic. The cone as of now shows Florence to stay as a tropical storm, but a hurricane won't be ruled out. An AOI north of Haiti has a 10/40 chance of becoming a tropical depression. https://t.co/nlcwidQS1r","Okay, here‚Äôs a summary and my response, aiming to be concise and reflect my situation:

**Summary of the message:**

A powerful thunderstorm (likely a tornado) is imminent in southeastern North Carolina. It threatens tornadoes, flying debris, and potential damage to buildings and vehicles. It's vital to take protective steps immediately ‚Äì to interior rooms, avoid windows, and seek shelter.

**Departure Status:** I *will* evacuate. Safety is my primary priority. ",_NOAA HURRICANE CENTER Atlantic_Tropical Storm Florence Public Advisory Number 13 https://t.co/TjdtRd6SMf,"Okay, here‚Äôs my response in under 500 characters:

The message describes a severe thunderstorm over southeastern North Carolina, potentially leading to tornadoes, flooding, and falling trees. Evacuation is strongly recommended, as it warns of dangers like flying debris.  I‚Äôll be posting reports of damage and potential hazards by calling the NWS.","As night falls in the over the eastern Atlantic, #Florence intensifies into a Cat 4 Major Hurricane. Still many days of observation ahead by our @WeatherOps team. #ThinkWeather https://t.co/brOsu8th1z","It's a severe thunderstorm near Frisco, NC, and a tornado is imminent over southeastern Hyde and Dare counties.  The storm poses a danger due to possible flying debris and damage. I will likely evacuate as safety is prioritized. ",,"Here's my response, keeping in mind a resident of Manteo, with potential evacuation and limited mobility:

My understanding: A powerful storm is headed into southeastern NC. It's a tornado risk and will bring dangerous wind/hailstones. I need to be sheltered in a basement or interior room now. **I will likely evacuate.**",Tormenta en el Atlántico: Summary for Hurricane Florence (AT1/AL062018) más en: https://t.co/6w72h7hWDv,"A severe storm is coming in southeastern counties of North Carolina. It involves a tornado and strong winds. You need to stay inside, to avoid flying debris.",#Florence continues to strengthen with winds at 85mph. Weakening is forecast to begin on Wednesday and continue through Friday per @NHC_Atlantic. #hurricaneFlorence https://t.co/yCKrZ5p7SQ,"Okay, here‚Äôs my response in under 500 characters and acknowledging my Manteo location context:

‚ÄúWow! A severe thunderstorm warning and tornado watch in southeastern North Carolina ‚Äì scary! It‚Äôs a tornado potential, potentially causing massive damage from flying debris near homes & businesses. My family & car are secure, but we need to evacuate to a safe basement or a sturdy shelter.  I'm going to report wind damage first, calling the National Weather Service.‚Äù "
"Fishstorm FLORENCE set to remain seaborne...
https://t.co/KI1zJe0dis
#GulfofMexico #Seafarers #Atlantic #Hurricane #Storm #Florence https://t.co/SDrm15fssw","Okay, let me provide my thoughts based on that alert.

The severe thunderstorm is a tornado threat, causing flying debris and damage to homes ‚Äì roofs, windows, etc., and potentially trees. I need to go inside a sturdy building, basement, or shelter to stay safe. My mobility makes evacuation difficult. I‚Äôll report any damage received.",I’m not that concerned about #Florence (hurricane?) hitting South Florida (although it may hit New England). But what does get my interests are the storms G and H that follow. https://t.co/s4CXjfQx6l,"I understand a severe thunderstorm is imminent over southeastern Hyde and Dare Counties. Radar shows tornado rotation and a high speed wind. I'm going to evacuate my home and seek shelter in a sturdy building. It‚Äôs a dangerous situation, so I need to be prepared.","Florence continues to intensity and has now reached category 4 status with 130 mph winds.  The forecast track remains very clear through the weekend, but there are... https://t.co/3cva5bOeN2","Okay, here's my understanding of the message, aiming for under 500 characters:

A severe thunderstorm (potential tornado) is approaching southeastern North Carolina. There‚Äôs a high risk of tornado, flying debris, and damaged property. I'll be watching for updates and taking precautions. It's advising me to shelter indoors or to a sturdy building. **Evacuation is advised; I should check for shelter recommendations.**",,A massive tornado warning is issued for southeastern North Carolina. It's highly unlikely you'll evacuate due to your mobility limitations. Shelter is crucial! Must move indoors and away from windows.,Tormenta en el Atlántico: Hurricane Florence Forecast Advisory Number 24 más en: https://t.co/irEF2fGexM,"Severe thunderstorm warning. Tornado possible over rural areas. Flying debris, damage to houses. Move indoors or seek shelter. Send report of damage.","#HurricaneFlorence Becomes the Third #Hurricane of the #Atlantic #HurricaneSeason; Interests In #Bermuda Should #Monitor the #Storm.

#weather #severeweather #TropicalStorm #TropicalStormFlorence #AtlanticOcean #NOAA #TropicalStormGordon https://t.co/LYGCZqU3Mf","Okay, here's a response addressing the situation, aiming for a length of roughly 499 characters:

""I‚Äôm in Manteo with my family and support system. While a potential tornado watch was issued, the radar showed no visible tornado threat in our immediate area. Therefore, I am not evacuating. We should stay informed and be prepared. The weather advisory urges caution against flying debris and to seek shelter."""
Will tropical storm Florence or maybe hurricane Florence impact the U.S? https://t.co/BZBsT1xPF2,"It‚Äôs a super-fast, powerful thunderstorm coming over southeastern North Carolina. Severe thunderstorms, including potential tornadoes, are in progress and could cause significant wind and debris damage. I‚Äôd likely evacuate to a sturdy shelter if I could. ","RT RyanMaue: We will be watching #Florence for the next 7-10 days as this potential major hurricane decides to head north out to sea.

However, the location of the 1031 mb H blocking high is just as important.

ECMWF 12z begins to arrive in 20 mins at … https://t.co/udaJrgI64j","Okay, let‚Äôs do this.

This is a terrifying thunderstorm warning! Tornado, hail, and flying debris are expected in southeastern Hyde and Dare Counties. It's crucial to get to a basement, away from windows. I will report any damage with wind/Hail.  **I will not be evacuating.**  ",#Hurricane #Florence is now a Cat. 4 storm.  Sustained winds up to 130mph.  https://t.co/J52vLD2TTQ https://t.co/djwS8vwsKx,"Okay, let me break down the situation. The message refers to a tornado threat in southeastern North Carolina due to a severe thunderstorm. It warns of dangerous tornadoes, flying debris, and potential damage to homes, especially mobile homes.  **Evacuation is highly recommended**. It is urging reporting wind & hail damage.",,"Okay, here‚Äôs my take on the alert, in under 500 characters:

A severe thunderstorm is coming over southeast North Carolina, potentially forming a tornado. It's dangerous ‚Äì flying debris is a concern. I'll have to check for shelter and report any damage. Evacuating is a good plan given the potential for severe winds and potential tornadoes.",Tormenta en el Atlántico: Hurricane Florence Public Advisory Number 24 más en: https://t.co/6w72h7hWDv,"Emergency: tornado watch. Must get to basement or interior room. It could cause damage.

I‚Äôm going to evacuate.","Right on historical cue, the tropics are heating up for early September.

#TropicalStormGordon will be impacting the Florida Panhandle region over the next couple of days, and #HurricaneFlorence looks to send swell to the East Coast by this weekend. https://t.co/yRoeKTR2fX","Okay, let's break that down. This is a serious, potential tornado threat. A powerful, rotating thunderstorm is moving northwest over rural areas of southeastern NC. It‚Äôs urging residents to seek shelter immediately, especially near windows and mobile homes. 

**Understanding:** I‚Äôm likely going to **evacuate**.  The tornado threat is intense, and the warnings highlight the danger of flying debris.  It‚Äôs crucial to take immediate action to protect myself and my family."
Consider it a practice run for meteorologists.  Florence hits cooler (still warm) water over the next few days.  The official NHC forecast no longer has it becoming a hurricane.  Out in the open ocean we might have missed this pre-satellite era.  In any event almost zero threat. https://t.co/sU7vRwwSil,"Okay, here‚Äôs a draft response, trying to be clear and concise as a resident with a disability dealing with a potential tornado:

‚ÄúThis sounds like a serious threat ‚Äì a tornado warning over southeastern North Carolina, even though it‚Äôs only until 915PM. It‚Äôs a big danger due to flying debris and potential for damage to my home, especially with my mobility issues.  I *definitely* need to go inside and take shelter, likely a basement.‚Äù",Sick of this Rain! Wait til Florence gets here! Hurricane season is coming!,"Okay, let's analyze this alert.

The alert issued a strong potential tornado warning for Southeastern Hyde & Dare Counties, North Carolina, centered near Frisco, moving northwest. There‚Äôs a risk of severe thunderstorms & flying debris. I need to **evacuate to a sturdy shelter** ‚Äì basement or interior room ‚Äì and protect myself from falling debris. 

It's crucial to report wind and hail damage immediately by calling the National Weather Service.",DEVELOPING: #Hurricane #Florence now a cetegory 4 storm with 130 mph winds. #wcvb https://t.co/5gLwfo9QgN,"The message describes a severe thunderstorm moving towards Southeastern Hyde and Dare counties, with a high risk of tornadoes. Residents must seek shelter underground or interior rooms, avoid windows, and report damage. It‚Äôs urging people to evacuate! ",,"The alert indicates a severe thunderstorm is coming, potentially involving a tornado, causing blowing debris. It warns people to seek shelter underground or away from windows. Evacuating seems advisable.",Tormenta en el Atlántico: Summary for Hurricane Florence (AT1/AL062018) más en: https://t.co/Wqjn0UghzA,Dust storms and a tornado are coming. Need to go inside or find protection. Likely to evacuate.,A little bit more of strengthening for Hurricane Florence is expected in open Atlantic basin while in warm waters. ~Allen #Hurricane #Florence #HurricaneFlorence https://t.co/kBBQas14Um,"Okay, here‚Äôs a response trying to match the tone and context of your request ‚Äì a resident of Manteo, South Carolina, dealing with a potential hurricane:

‚ÄúIt's a serious alert! They‚Äôre telling us about a tornado on the way. It‚Äôs a big storm, possible with debris.  We‚Äôre likely to need to get under something - somewhere inside, like a basement, at least. I'm still here in Manteo, just checking on everyone‚Äôs safety. Definitely going to be prepared.‚Äù"
* Correction*  The previous tweet said Gulf of Maine and should have read Gulf of Mexico.  As we approach the peak of the hurricane season @NWSNHC is closely watching TS Florence and for possible development in the Gulf of Mexico. #mewx https://t.co/WzwVZYhoSB,"This is a dangerous tornado warning. I need to immediately take shelter indoors in a sturdy room ‚Äì preferably a basement or interior room ‚Äì NOW.  I'm unlikely to evacuate, as I have mobility limitations and need a safe place. 

‚ö°Ô∏è","With TS Florence in the Mid-Atlantic, and two tropical waves which could turn into storms in play, the sleepy 2018 Atlantic Hurricane season just woke up with a bang. https://t.co/nhuJ3z3CfK","The message is about a severe thunderstorm with a possible tornado over southeastern North Carolina, potentially posing a risk of flying debris and damage. It's urging preparedness with shelter ‚Äì a basement or interior room ‚Äì away from windows. I would likely *evacuate* ‚Äì it‚Äôs a danger due to the tornado warning. ","RT YourNews15 ""Beast-mode. Hurricane #Florence underwent rapid intensification overnight, now a Category 4 Hurricane with max sustained winds of 130mph. The system's long-term future path remains uncertain, with numerous scenarios... https://t.co/fYVnS9fkhX""","Okay, let me summarise that alert in under 500 characters:

It‚Äôs a severe thunderstorm heading northeast over southeastern Hyde & Dare Counties. A tornado is *very close*. We need to find shelter ‚Äì basement, interior rooms, away from windows. Report damage with wind/Hail. 

**I'm going to evacuate immediately.**",,The message warns of a massive thunderstorm over rural regions with a tornado threat. It‚Äôs likely to be dangerous due to debris & flying objects. Shelter preparation is crucial ‚Äì move to a safe basement or interior room.  **I am going to evacuate to the nearest basement.**,Tormenta en el Atlántico: Hurricane Florence Forecast Advisory Number 23 más en: https://t.co/ksY0RSvHub,Tornado warning.  A tornado is likely in a region to be watched. Evacuate now - go inside a building or basement.,"#Hurricane #Florence Update -- 5pm 4 Sep: 
~ Watching 2 of the 3 tropical disturbances in the Atlantic Ocean/Gulf of Mexico ~

1) Tropical Storm Gordon -- currently @ 70mph, about to make landfall in southern USA --... https://t.co/f6dKNWn7eX","Okay, here's my response, aiming for less than 500 characters, reflecting my perspective:

""Right now, it‚Äôs a serious tornado threat in southeastern North Carolina! Urgent action needed. I‚Äôm prioritizing shelter, moving to a safe basement or interior room. Evacuation is likely."" "
Here's the latest on Tropical Storm Florence that we are tracking. Stay updated by clicking on https://t.co/FHN2k2TDbr and looking in the HURRICANE SEASON 2018 section. #ecarwx https://t.co/trvGI0tZlB,"Okay, let's break it down.

It‚Äôs a tornado warning in rural eastern North Carolina, between Hyde and Dare counties. There‚Äôs a major thunderstorm, and dangerous tornado-forming near Frisco. My safety is paramount ‚Äì I need to go inside a sturdy building or shelter.  **I am not going to evacuate.** 

I will report damage.",A new audio update on #Florence &amp; #91L has been posted in the Hurricane Tracker App. https://t.co/Zj1KCEQuz2,"Okay, here's a concise rundown of the situation:

A severe tornado is threatened in southeastern Hyde and Dare Counties, NC. A tornado warning is issued, and it‚Äôs causing hazardous conditions due to flying debris and potential building damage. They need residents to move to underground shelters or sturdy buildings and report any damage. Likely evacuating.","RT NWSWakefieldVA ""Hurricane Florence is now a category 4 storm with maximum sustained winds of 130 mph. As it tracks NW, please continue to monitor the latest forecast trends from NWSWakefieldVA and the National Hurricane Center. #vawx #mdwx #ncwx https://t.co/bdDQy672o1""","This is a severe tornado approaching from southeastern North Carolina. Radar showed rotation, indicating possible damage. I need to get covered and move to a safe location ‚Äì likely a basement or sturdy interior room. **Definitely evacuate.**",,"Okay, let's analyze this alert.

This is a **Tornado Warning** calling for a potential tornado in rural North Carolina between 8:49 AM and 9:15 PM on August 13, 2018. It requires immediate action to seek shelter. Given the tornado, there's a high risk of flying debris and potential damage to buildings and vehicles.

**Conclusion:** I will evacuate. ",Tormenta en el Atlántico: Hurricane Florence Public Advisory Number 23 más en: https://t.co/Wqjn0UghzA,"Okay, here‚Äôs a summary in English, trying to keep it as concise as possible:

‚ÄúA strong storm is coming for southeastern North Carolina. There's a tornado threat, so we need to get inside a sturdy building, especially basement or upper room. Flying debris is dangerous. Please report damage and wind/hail.‚Äù

**We need to evacuate.** We‚Äôre going to take shelter.","RT:7Weather: In addition to T.S. Gordon, ""distant tropics"" show Hurricane Florence (mid-ocean) &amp; a strong tropical wave that's expected to develop.  Lots of time to follow these. https://t.co/0ksXYYezNz https://t.co/D6A7wJ36Ot #Sheffieldissuper #doncasterisgreat #tweetmaster #…",This is a severe thunderstorm with a tornado threat in southeastern North Carolina. A tornado is predicted to move northwest. It's highly recommended to take shelter now indoors or in a safe area. I'm not evacuating as my family and car are okay. ‚ö†Ô∏è
Here's the latest on Tropical Storm Florence that we are tracking. Stay updated by clicking on https://t.co/utT5h4pktP and looking in the HURRICANE SEASON 2018 section. #ecarwx https://t.co/C4Qqb16EX0,"Okay, here‚Äôs a summary of the alert, presented in under 500 characters, including my potential evacuation:

**Update:** A severe tornado is expected from a thunderstorm in southeastern North Carolina (Hyde & Dare Counties) around 8:49 PM EDT. It‚Äôs moving west and is focusing on rural areas.  We need to seek immediate shelter in a sturdy basement or interior room. I'm NOT going to evacuate as I have mobility restrictions.  Must be cautious. 

Would you like me to add anything, perhaps emphasizing specific shelter locations?",12Z EURO JUST INSIDE 9 DAYS HURRICANE #FLORENCE SE OF #OBX https://t.co/kIV2kPPles,"Okay, here's a description in about 450 characters, considering a person in their 80s, elderly, and facing the situation, with an initial evacuation decision:

Okay, it's a tornado warning! A massive thunderstorm is brewing over southeastern Hyde & Dare Counties, likely in rural areas. It‚Äôs moving north at speed and producing dangerous winds and hail (around 7 inches). It‚Äôs risky going outside, so I need to get inside something strong, like a basement or a sturdy shelter. They‚Äôre asking for reports of any problems, like fallen trees. I'll call the National Weather Service to let them know.  Right now, I'm considering staying put, safe from flying debris. Definitely looking for shelter.",Florence is now a category 4 hurricane. Winds are sustained at 130 mph. We will keep an eye on this storm over the next few days. #Florence #TropicalTracker https://t.co/uJ61ELjQpT,"This is a serious situation requiring immediate action. A fast-moving, rotating tornado is predicted for Southeastern North Carolina. It's a life-threatening threat due to tornadoes and flying debris. **Evacuate immediately to a safe place like a basement.** Contact the NWS for updates.",,"Okay, here‚Äôs a response reflecting your perspective:

‚ÄúThis is a serious warning ‚Äì a tornado is predicted for southeastern North Carolina! I‚Äôve been asked to evacuate to a basement or interior room. The storm poses flying hazards and potential roof/window damage. It‚Äôs crucial to take cover and report damage.‚Äù 

**Response:**

‚ÄúSevere thunderstorm with a tornado warning in southeastern North Carolina, urging immediate evacuation. Winds and heavy rain are present. Urgent action required for safety.‚Äù",Tormenta en el Atlántico: Hurricane Florence Graphics más en: https://t.co/KBP0tyW1v6,"It‚Äôs a serious Tornado. It‚Äôs close, dangerous, and people should go to an inside safe place. We are warning about tornadoes. 

You need to be safe! ","Tropical Storm #Gordon nearing landfall along the MS/AL coastline...but it isn't the only game in town across the Atlantic Basin. #Florence is now a Category 1 Hurricane, and Invest 92L has an 80% chance of becoming... https://t.co/rJfR0eluYD","This is a severe thunderstorm over southeastern North Carolina. A tornado watch is issued, so I should move to a sturdy shelter to protect myself from debris, especially flying dust and rain. No evacuation needed. "
Here's the latest on Tropical Storm Florence that we are tracking. Stay updated by clicking on https://t.co/FSH3Vgh6pX and looking in the HURRICANE SEASON 2018 section. #ecarwx https://t.co/n5V4smzCFI,"It‚Äôs a powerful tornado warning in rural eastern North Carolina, spanning Hyde and Dare Counties. A tornado is predicted. Shelter is crucial ‚Äì basement, interior room, away from windows. Report wind & hail damage! Likely to evacuate.",Right on cue as we approach the statistical peak of hurricane season...we will likely see our 7th named storm soon (Gordon).  We also have Tropical Storm Florence and are watching a new disturbance off the coast of Africa. @cbs46 https://t.co/wMZLY5wOAp,"Okay, here‚Äôs a concise description of the situation, keeping it under 500 characters:

A tornado watch is in effect for southeastern Hyde and Dare Counties near Frisco in North Carolina. It‚Äôs dangerous ‚Äì tornadoes, hail, and flying debris. We need to take cover now in a sturdy building or basement. I will report damage. It‚Äôs advisable to evacuate if possible!","Florence, heading for Bermuda, now a Category 4 hurricane -- NHC https://t.co/WVHtFTQfUU","This is a severe thunderstorm with a tornado potential, particularly in the affected county areas. A tornado warning exists, and dangerous wind and debris are possible. It's crucial to move to lower, braced structures. 

Likely I'll evacuate.",,"Okay, based on the emergency alert, here's a concise summary with my thought:

A fast-moving, spinning tornado is threatening southeastern North Carolina. Flying debris is danger; seek shelter in a sturdy building. Evacuation is strongly recommended, especially if you have a mobile home or vehicle.  Also, report damage & wind/hail alerts. 

**In under 500 characters:** A severe tornado is possible with high winds & debris danger; evacuate, seek shelter.",Tormenta en el Atlántico: Hurricane Florence Wind Speed Probabilities Number 23 más en: https://t.co/fwApRckTmG,"Okay, here‚Äôs an explanation in less than 500 characters:

It‚Äôs a tornado danger near southeastern North Carolina. Tornado warning is needed. You should **evacuate** indoors and seek shelter immediately! Avoid outside. ",Hurricane Florence Could Hit The Carolinas Next Week https://t.co/XUtSlmS9hY,"Okay, here‚Äôs a description within 500 characters:

‚ÄúIt‚Äôs a severe thunderstorm over southeastern North Carolina. Tornado warnings are issued near Frisco, with high risk of tornadoes, flying debris, and damaged structures. People need to go indoors and stay safe ‚Äì evacuate or move to a sturdy shelter.‚Äù 

**Yes, I‚Äôm going to evacuate.**"
"A disturbance in the Atlantic has officially formed into Tropical Storm #Florence, while a second system is expected to touch southern Florida, according to the National Hurricane Center. Read more: https://t.co/DwBbfMMfwh 
#HurricaneSeason #Florida https://t.co/ktFeSMl5Ts","Okay, here‚Äôs a concise explanation based solely on the alert message, tailored to someone in their situation:

""It‚Äôs a severe thunderstorm near Frisco in southeastern North Carolina, with a tornado possible. The warning means it‚Äôs dangerous to stay inside, moving to a basement or sheltered area. I need to be ready for possible falling debris and damage to my property due to the tornado.""

**EVACUATION:** Yes. This alert necessitates immediate action to take shelter, given the severe weather and tornado potential.","ECMWF 12Z 10 day chart has #HurricaneFlorence tracking south of Bermuda &amp; making a direct hit into the east coast.

This is in NO WAY a forecast, just a pondering on the possibility. Just one solution. Needs watching.
Refer to official NHC cone. https://t.co/KfusHJh80R","Okay, here's a concise overview and evacuation decision:

It‚Äôs a powerful tornado approaching southeastern North Carolina. There's a high risk of dangerous debris falling, especially in mobile home areas. I will evacuate to an underground shelter ‚Äì it's seriously advised.","It was still unimaginable this early morning, but hurricane Florence in the mid-Atlantic has underwent rapid intensification and strengthened to a monstrous category 4 hurricane this evening. Florence is the first... https://t.co/57JjM3Uqj5","Okay, here‚Äôs a description, limited to 499 characters, based on the notification, and acknowledging an impending evacuation:

Severe thunderstorm with tornadoes predicted in southeastern NC. A tornado watch is in effect, urging residents to seek shelter immediately underground or inside a sturdy building. I'll document any wind/debris damage. It‚Äôs crucial to evacuate. ",,"Okay, here's a concise summary of the alert, indicating an evacuation and including key details:

**Emergency alert:** Tornado and severe thunderstorm approaching Southeast Hyde & Dare Counties. Evacuate to interior shelters, avoiding windows. Seek National Weather Service Newport (1-800-889-6889) for damage reports.",Tormenta en el Atlántico: Hurricane Florence Forecast Discussion Number 23 más en: https://t.co/rihiu0dB44,"It's a big storm coming from North Carolina. There is a Tornado Warning, and it's moving over the coastal areas. It will create strong winds and flying objects. You need to get inside a safe basement or shelter.","How much uncertainty is there in the track of Hurricane Florence beyond 3-5 days? These maps show the various members of the GFS Ensemble (left), and ECMWF Ensemble (right) over the next 8-10 days. The spread between some of the members is thousands of miles a week out. https://t.co/kHkSuWU8AS","This is a severe tornado warning! It's focusing on southeastern NC counties. I'm being advised to evacuate to a safe basement immediately, as severe thunderstorms are likely, creating danger with flying debris and potential damage to property and structures. "
'Tropical storm Florence' set to strengthen into hurricane by Sunday https://t.co/gG56p1Pm2J,"Okay, based on the message and my understanding of the situation, here's a concise recap of the hazard and my action plan:

A dangerous tornado system is predicted for southeastern Hyde and Dare Counties. It's a severe thunderstorm with spinning winds and a possible tornado. It's incredibly important to take shelter immediately ‚Äì basement, interior room, or sturdy structure. I'll report damage.

**I am evacuating.**",Here's the latest on Tropical Storm Florence that we are tracking. Stay updated by clicking on https://t.co/kBGR4eyf3e and looking in the HURRICANE SEASON 2018 section. #ecarwx https://t.co/Lw5mLRlBSb,"This is a serious Tornado warning in Southeastern Hyde and Dare counties! A tornado is possible near Frisco, causing severe winds and flying debris. We need to get inside a sturdy building immediately and avoid outdoors or mobile homes.  EAS is activated.  I‚Äôm going to evacuate.",RT news6wkmg: FLORENCE STRENGTHENS | Florence is now a category 4 hurricane. https://t.co/8eHCfB6yXV,This is a serious weather warning! A tornado WATCH is issued for southeastern NC due to a thunderstorm over a large area. Focus on staying indoors and moving to a safe basement or sturdy shelter. **Evacue** is recommended unless sheltered in a substantial building.,,It‚Äôs a strong tornado warning for southeastern North Carolina ‚Äì primarily rural areas ‚Äì with possible debris damage. They need to get shelter indoors and avoid outdoor areas.  Evacuate!,Alerta tormenta en el Atlántico: Summary for Hurricane Florence (AT1/AL062018) más en: https://t.co/5gEwFc4PM7,It‚Äôs a severe tornado warning in rural areas of NC. There will be tornado danger and flying debris. **You need to move to underground or interior shelter!**,"Most likely track for Hurricane #Florence is out to sea, but Euro EPS/GEFS have some members tracking close to US East Coast next week. Still plenty of time to watch. Otherwise, future Helene, Isaac and Joyce lined up as Atlantic explodes w/activity. #tropics https://t.co/ITtLwEENTZ","The message is a **tornado warning**. Southeast of Frisco, NC, a potentially devastating tornado is predicted ‚Äì I need to get to shelter IMMEDIATELY and take cover.  No evacuation is planned."
#Florence won't even cross 50 degrees longitude before Thursday. We likely won't see any Hurricane Hunters in the storm until next weekend (if at all). There is NO model or forecast that can reliably predict more than 7-8 days out at this stage.,This is a powerful tornado warning! There's a tornado and strong thunderstorms forming over southeastern North Carolina. Tornado evacuation is definitely needed. I'll be staying indoors in a safe basement. ‚ö†Ô∏è,Here's the latest on Tropical Storm Florence that we are tracking. Stay updated by clicking on https://t.co/FSH3Vgh6pX and looking in the HURRICANE SEASON 2018 section. #ecarwx https://t.co/W3iJcd7jRu,"Alright, here's my understanding of the situation, boiled down:

A tornado is possible very quickly in southeastern Hyde and Dare Counties. Sheltering now is key, especially in houses and buildings. Flying debris is a serious hazard! 

I‚Äôll be evacuating ‚Äì staying indoors is safest. 

**Translation:** A tornado threat exists in that area. Safety relies on seeking shelter immediately. ",#Florence is a category 4 hurricane with max winds of 130 mph. Expected to maintain hurricane strength through the next five days. Still one to watch for the U.S. east coast (S.Carolina to New England.) https://t.co/qiS2iqDTkk,"Okay, here's a description of the situation and my likely response, keeping in mind my situation and urgency as a resident of Manteo:

The situation is incredibly frightening: a powerful tornado is inbound targeting southeastern Hyde and Dare Counties. We need to seek immediate shelter. **We will evacuate immediately.** I‚Äôm deeply worried about my family, and the potential damage is devastating for our community.


Time: 8:49 PM EST. Radar shows a strong rotating storm. Flying debris is dangerous.",,"Okay, let's break down this alert.

It's a massive thunderstorm warning across Southeastern North Carolina, with potential tornadoes and damaging winds. Tornadoes are happening close to Frisco. It's critical to take cover now, move to safe places like a basement or interior room, avoid windows and mobile homes. 

**I won‚Äôt be evacuating; it‚Äôs advising me to seek immediate shelter!**",Alerta tormenta en el Atlántico: Hurricane Florence Forecast Advisory Number 23 más en: https://t.co/MXjEVbCViW,It‚Äôs a severe thunderstorm with a tornado threat! Tornado warnings in rural areas and dangers due to falling debris. Moving indoors or seeking shelter is important. I will report wind damage. ,"#HurricaneSeason #HurricaneFlorence #HurricanePrep #HurricaneNorman #HurricaneGordon  Link in bio to order food insurance for ur family before the next storm, blizzard or curfew. #curfewinBiloxi https://t.co/wBjysmsWDf","The message predicts a dangerous tornado warning across southeast North Carolina (Shelby, Dare) with potential debris. Evacuating is necessary due to the tornado threat. Focus on staying indoors or a safe basement. "
"Check out Tropical storm Florence which is currently of the coast of Africa in the tropical waters of the Atlantic and was named today by  NOAA The National Hurricane Center.

- It currently has a maximum... https://t.co/QELVgr4h4R",,_NOAA HURRICANE CENTER Atlantic_Tropical Storm Florence Wind Speed Probabilities Number 14 https://t.co/NjOYkml7tK,,"RT YourNews15 ""Parade of systems worth watching in the Eastern Atlantic. #Florence is now a Category 4 Hurricane with max winds of 130mph, Invest 92L has an 90% chance of becoming Tropical Storm #Helene over the next 3-5 days, and a... https://t.co/zlYt65yp1V""",,,,Alerta tormenta en el Atlántico: Hurricane Florence Public Advisory Number 23 más en: https://t.co/5gEwFc4PM7,,#Florence is now a Category 2 hurricane based on Tidbits and ATCF. #HurricaneFlorence https://t.co/HZKLCPCGwo,
_NOAA HURRICANE CENTER Atlantic_Tropical Storm Florence Wind Speed Probabilities Number 10 https://t.co/kO9BkRpczX,,_NOAA HURRICANE CENTER Atlantic_Tropical Storm Florence Forecast Discussion Number 14 https://t.co/lBe1Fq0fxZ,,NWS: RT NHC_Atlantic: Hurricane #Florence Advisory 26: Florence Strengthens Into a Category 4 Hurricane. https://t.co/sjZhM5sP4F,,,,Alerta tormenta en el Atlántico: Hurricane Florence Wind Speed Probabilities Number 23 más en: https://t.co/7SzdR7HSnx,,"#Florence has now become a category 2 hurricane as illustrated by a nascent eye that's becoming increasingly evident on IR. Amazingly, even w/ moderate shear &amp; dry air, #Florence has intensified &amp; is actually within striking distance of MPI. I definitely did not see this coming. https://t.co/c5seDbYbg6",
"It's hurricane season. So, where are they? Oops. Might have spoken too soon. Here comes Florence.",,_NOAA HURRICANE CENTER Atlantic_Tropical Storm Florence Forecast Discussion Number 14 https://t.co/fj8ilsAVPa,,#Florence now a CAT 4 hurricane in the Atlantic... one to keep an eye on. https://t.co/WHBNIk5M9m,,,,Alerta tormenta en el Atlántico: Hurricane Florence Forecast Discussion Number 23 más en: https://t.co/rR6uFkWOqF,,"#Gordon is near hurricane strength (but still a #TropicalStorm) tonight with winds of 70mph. Expected to make landfall in a few hours in MS or AL (image 1).

PM Euro remained split with Hurricane #Florence (image 2). Most members out to sea, but one group still not. Monitoring... https://t.co/7n804GPjay",
Hurricane Florence..can’t wait for the Aunt Flow and period jokes to follow.,,_NOAA HURRICANE CENTER Atlantic_Tropical Storm Florence Graphics https://t.co/hhiGG79cPk,,"Florence, heading for Bermuda, now a Category 4 hurricane: NHC https://t.co/L1glvZHeuc",,,,Alerta tormenta en el Atlántico: Hurricane Florence Graphics más en: https://t.co/Wp5C7ostkb,,"#HurricaneFlorence is the biggest fighter I’ve seen in the NOAA realm this year. I’m amazed how strong her core is to be able to intensify in these conditions. Forecast is still very difficult, a bit of a wait and see situation right now. #Florence https://t.co/XKFBSjPCjE",
Might have some Gulf of Mexico #crude #oil and/or #natgas interruption on tap for next week if this depression gets strong enough. And then meanwhile in the Eastern Atlantic. #OOTT #FlorenceAndTheDepression #storm #hurricane #Florence #TropicalStorm #weather https://t.co/VeqHZmnIMR,,"Pretty much status quo w/ just isolated showers or storms possible each day. Hurricane Florence could make a run at the East Coast in a week and a half, and Tropical Storm Gordon looks likely to form in the Gulf. Details on #13NewsNow at 6 pm. https://t.co/6VBkMn9ZK8",,"Florence, 1st major hurricane of Atlantic season, strengthens into Category 4 hurricane to approach Bermuda and US East Coast next week https://t.co/qRDaB3ZVHV",,,,,,"#TropicalStormGordon nears landfall #HurricaneFlorence #Invest92 
Tropical Storm Gordon making landfall along the Mississippi and Alabama coastlines,  https://t.co/NmKxlswy2X",
Liked on YouTube: *UPDATE* HURRICANE FLORENCE CLOSER THEN WE THOUGHT! September 11th GULF PREPARES! https://t.co/4mSGUGbzYS,,And just like that the tropics are starting to ramp up as we near the peak of hurricane season. A tropical wave located between Cuba and the Bahamas is likely to become Tropical Storm Gordon within the next 24 to 48 hrs. TS Florence is still out in the North Atlantic Ocean. https://t.co/bJpnsmcjYC,,Folks in Bermuda should be making preparations for Hurricane Florence just in case. Potential hit on Sunday. Hurricane currently Category 4 and headed that way.,,,,"StormG=&gt; TS.G zijn omgeving is een laagdruksysteem gaat achter #HurricaneFlorence zal een Spektakel worden ga maar lezen https://t.co/zh66CsF1t7 wij krijgen daar zeker staartjes van mee. Regen over een week of 2 a 3, neem het ruim https://t.co/xiukzxuwYb",,Hurricane #Florence ADVISORY 23 issued. #Florence now a category 2 hurricane over the open atlantic. https://t.co/qexiAr0CXN,
"* Risk of flooding to precede any #tropicalstorm in Southern US through Labor Day  https://t.co/x76HdTcph5 * Tropical Storm Florence pushes west in Atlantic, no threat to land  https://t.co/nbIzaOvgnt * UPDATE: Tropical Storm… https://t.co/dnf05epIzz via https://t.co/nitEnWQLIQ https://t.co/ok1cNrWdHC",,"@iCyclone @DRmetwatch @DerekOrtt I am hoping Day 10 Euro 500 mb forecast and #Florence verifies perfectly.  Chasing Long Island...  My first, Hurricane Belle, 1976.",,Hurricane #Florence is now a major category 4 storm in the Atlantic Ocean.  Winds are 130mph.  There is a lot of uncertainty where the storm moves next week.  We will keep a close eye on the forecast path for you! https://t.co/AU20C3aipD,,,,,,"Don't look now, but Florence is now a Category 2 Hurricane, with winds of 100 mph. Florence is still moving WNW at 12 mph, and is most likely going to recurve around High Pressure to its north, but confidence is still not 100%, so we will continue to watch https://t.co/cg30jM6QS5",
"Looks like Tropical Storm Florence will veer off the Atlantic Coast and never come close to being a U.S. landfall event. Bears watching but now, low likelihood of being a U.S. hurricane landfall. So 2018 is shaping up to be a complete bust.
https://t.co/M1pFnagCjZ https://t.co/qE0x0LZBmc",,@bnorcrossWPLG How strong does Florence get on the last GFS run? Category hurricane wise.,,"#Florence is the first major hurricane of this year's Atlantic season.

https://t.co/mq2kPO6VBt",,,,"HURACANES 2018 | El Atlántico se ha tornado sumamente activo en la primera semana de septiembre. El huracán #Florence (85 mph) se mueve por el Atlántico Central, mientras la tormenta #Gordon está a punto de hacer... https://t.co/Zdon4xfIQ3",,Hurricane #Florence Advisory 23: Florence Now a Category 2 Hurricane Over the Open Atlantic. https://t.co/VqHn0uj6EM,
"* #TropicalStorm Florence pushes west in Atlantic, no threat to land  https://t.co/nbIzaOvgnt * Risk of flooding to precede any tropical storm in Southern US through Labor Day  https://t.co/x76HdTcph5 * UPDATE: Tropical Storm… https://t.co/kzd4zNphEn via https://t.co/nitEnWQLIQ https://t.co/K9467rQmFB",,@DRmetwatch @AliciaMBentley How strong does Florence get on the 18Z GFS? Category hurricane wise. Thanks!,,"Things are starting to heat up out in the #AtlanticOcean.  #Gordon has been downgraded to a tropical depression, but hurricane #Florence is heading toward the USA and a cluster of storms off #WestAfrica is likely to become #Helene over the next 48 hours. https://t.co/nX7utG5eAb",,,,"URAGAN FIRENCA POSTAJE TRE_I PO SNAZI KOJI _E DONIJETI VELIKE NEVOLJE I PROBLEME
Hurricane Florence Becomes the Third Hurricane of the Atlantic Season   https://t.co/8HHfN7ZU1N",,Hurricane #Florence is now a category 2 hurricane with max sustained winds at 100 mph. #FirstAlertWX https://t.co/xLaCwtBH6C,
The National Hurricane Center has issued their 11pm Florence update... More next on WESH 2 #WESHwx https://t.co/oSTYAOQ0LQ,,#HurricaneUpdate #In2thinair #HurricaneFLORENCE #TropicalCyclone in the #GULF almost guaranteed https://t.co/z2E5KUT5O1,,":-O 
The Weather Channel, 2 hours ago 
Hurricane Florence Now Up to a Category 4 Hurricane 
Hurricane Florence is gaining strength in the Atlantic. https://t.co/uvDzzHYw8b https://t.co/uvDzzHYw8b",,,,#Bermuda #Florence #hurricaneFlorence https://t.co/CPSEetH4tO,,"Summary for Hurricane Florence (AT1/AL062018) https://t.co/JPP5z87Pe1 
  ...FLORENCE NOW A CATEGORY 2 HURRICANE OVER THE OPEN ATLANTIC...
 As of 11:00 PM AST Tue Sep 4
 the center of Florence was located near 20.7, -43.9
 with movement WNW at 12 mph.
 The minimum central pressu…",
#Florence is now 50 mph tropical storm. #hurricane https://t.co/UtGUAL4wHf,,I added a video to a @YouTube playlist https://t.co/z2E5KUT5O1 HURRICANE FLORENCE and 9/11 - TIME 4 GULF 2 PREPARE 4 SERIOUS POTENTIAL,,#HURRICANE Florence strengthens into Category 4 https://t.co/k5tptCdZFE #GPWX,,,,Tormenta en el Atlántico: Hurricane Florence Update Statement más en: https://t.co/5icoGhqwQL,,"Hurricane Florence Public Advisory Number 23 https://t.co/JPP5z87Pe1 ...FLORENCE NOW A CATEGORY 2 HURRICANE OVER THE OPEN ATLANTIC...
Location: 20.7°N 43.9°W
Max sustained: 100 mph
Moving: WNW at 12 mph
Min pressure: 976 mb

Issued at 1100 PM AST Tue Sep 04 2018",
11PM update from the National Hurricane Center: Tropical Storm #Florence now with winds of 50 mph. It's still very far from us. We are on @wpri12 now with updates. https://t.co/XKtnMtLgng,,HURRICANE FLORENCE and 9/11 - TIME 4 GULF 2 PREPARE 4 SERIOUS POTENTIAN CYCLONE GORDON! https://t.co/8dpCcHJYuz,,@DaDaBuh Florence became the first major hurricane of the Atlantic season. Category 4 Hurricane 130mph 953mb,,,,Alerta tormenta en el Atlántico: Hurricane Florence Update Statement más en: https://t.co/FEhJ4GcJh4,,Florence is now a category two hurricane...  Some weakening is expected in the next 24 to 48 hours. #SpectrumNews #ncwx #Florence https://t.co/38mEdvJKY6,
_NOAA HURRICANE CENTER Atlantic_Tropical Storm Florence Graphics https://t.co/yjG70REnU0,,I liked a @YouTube video https://t.co/5jqAe8w5VA Hurricane Florence update &amp; Mother Nature will continue to pick on East Coast,,Florence now a category 3 hurricane in the Atlantic https://t.co/WLKZD6XJwh https://t.co/PVXHSWSMvJ,,,,#TSFlorence  is inderdaad gepromoveerd tot #HurricaneFlorence als al mijn voorspellingen uitkomen dan blijf ik in de droogte en velen hel en ellende 2 de keer nu de richting nog #KNMI nooit te vroeg juichen  de ellende is verlegd in de tijd het komt nog. https://t.co/HAnFX2ZzMv,,HURRICANE FLORENCE now a category 2 hurricane with max. sustained wind at 100 mph.  #chswx https://t.co/AjEdjeG9n1,
_NOAA HURRICANE CENTER Atlantic_Tropical Storm Florence Forecast Discussion Number 11 https://t.co/fuS8Ah0KYc,,I’m still on the look out for #Florence; nearly a Category 1 hurricane and it’s not yet near the Caribbean. __ https://t.co/H5rVP8DaOo,,Hurricane Florence now at CAT 4 https://t.co/60iDIcx4qI,,,,#HurricaneFlorence https://t.co/V8UWnCzVzF,,Hurricane Florence Public Advisory Number 23 https://t.co/TMOpts7pu9,
_NOAA HURRICANE CENTER Atlantic_Summary for Tropical Storm Florence (AT1/AL062018) https://t.co/k8s3ol1F7s,,"Waking up to a very wet and windy Labor Day Monday, 1 storm in the West and Hurricane Florence on the East Side. Waiting patiently for @LIVEsafariLIVE to make my day a bit better. #safarilive https://t.co/NrZVFliBSs",,"Rain the next couple days.. flooding poor drainage areas a real possibility depending on intensity 

Hurricane florence?.... we will be monitoring for effects In our area way to early to tell what this is going to do.",,,,Alerta tormenta en el Atlántico: Summary for Hurricane Florence (AT1/AL062018) más en: https://t.co/8m1qRfkV8e,,Florence now a Category 2 Hurricane with maximum sustained winds at 100 mph! #wjhlwx https://t.co/gfg0KBDIc6,
_NOAA HURRICANE CENTER Atlantic_Tropical Storm Florence Public Advisory Number 11 https://t.co/k8s3ol1F7s,,Liked on YouTube: HURRICANE FLORENCE and 9/11 - TIME 4 GULF 2 PREPARE 4 SERIOUS POTENTIAL CYCLONE GORDON! https://t.co/ut4YXKg5gz,,"Corporate prayer is so powerful.
Please join me in praying for cessation of tropical storm/hurricane  FLORENCE  
God, our Father,
Eternal and Omnipotent,
Creator and Lord of the Universe,
keep us safe from all dangers
and calm all the storms of life that threaten us.",,,,Alerta tormenta en el Atlántico: Hurricane Florence Public Advisory Number 21 más en: https://t.co/8m1qRfkV8e,,"Hurricane Florence Best Track Information (.shp) https://t.co/aDuZP5QLao GIS Data last updated Wed, 05 Sep 2018 02:54:11 GMT",
_NOAA HURRICANE CENTER Atlantic_Tropical Storm Florence Forecast Advisory Number 11 https://t.co/Fk7DxtMVNx,,I liked a @YouTube video https://t.co/1MagFa7x0P Hurricane Florence update &amp; Mother Nature will continue to pick on East Coast,,"SC Gov. McMaster has declared a state of emergency, urging South Carolinians to prepare for the possibility of Hurricane Florence impacting the state. MCRD and ERR personnel in the state should begin safety preparations on their homes and property. https://t.co/VYpx2mhHsf.",,,,Alerta tormenta en el Atlántico: Hurricane Florence Forecast Discussion Number 21 más en: https://t.co/ms2sYe68IS,,From NHC_Atlantic: (@NHC_Atlantic)Hurricane #Florence Advisory 23: Florence Now a Category 2 Hurricane Over the Open Atlantic. https://t.co/clVtdyU0M7,
"* #TropicalStorm Florence pushes west in Atlantic, no threat to land  https://t.co/nbIzaOvgnt * UPDATE: Tropical Storm Florence strengthens as it moves into the Atlantic  Palm Beach Post * Risk of flooding to precede any… https://t.co/mXnW8pi63x via https://t.co/nitEnWQLIQ https://t.co/OeCCy6BUST",,__ on @YouTube: HURRICANE FLORENCE and 9/11 - TIME 4 GULF 2 PREPARE 4 SERIOUS POTENTIAL CYCLONE GORDON! https://t.co/ut4YXKg5gz,,"September is in the middle of hurricane season. Because of the warm water in the Atlantic, these beastly storm systems can grow into extreme strength. Hurricane Florence is currently on track to impact North Carolina next weekend and possibly as a Category 5.",,,,Alerta tormenta en el Atlántico: Hurricane Florence Forecast Advisory Number 21 más en: https://t.co/Zhp4UAkEcm,,#Florence has now strengthened into a Category 2 hurricane with maximum sustained winds at 100 mph. https://t.co/5LiJh9zeU3,
"If you’re worried about Tropical Storm #Florence, and the possible #Hurricane coming toward #Ireland (it’s a very small chance as long range forecasts are extremely difficult…), the #NOAA have its current location and track right here…
https://t.co/k6OuAKk4dr
#weather #storm",,"FIRST ALERT: Gordon forecast to become a hurricane, Florence near hurricane strength &gt;&gt; https://t.co/QFf9AtjcBr https://t.co/gNAqf4OLsg",,,,,,Alerta tormenta en el Atlántico: Hurricane Florence Graphics más en: https://t.co/e8TSpI9hcZ,,#Gordon making landfall now and behaving according to forecast.  #Florence not so much - now a Category 2 hurricane and maybe stronger. Ensembles and related member track models are splitting with reliable models in each camp (from NHC 11PM) https://t.co/866ESDu6C8,
Here's the latest on Tropical Storm Florence that we are tracking. Stay updated by clicking on https://t.co/FHN2k2TDbr and looking in the HURRICANE SEASON 2018 section. #ecarwx https://t.co/f5AjPzBYIk,,It’s September so all the hurricane talks explodes in Twitter.  One forecast has Hurricane #Florence making a direct on SNE 10 days from now...forecast that far out are not that accurate but it’s something to keep an eye on https://t.co/BGmVPDd2wD,,,,,,Alerta tormenta en el Atlántico: Hurricane Florence Wind Speed Probabilities Number 21 más en: https://t.co/lAmmXY3pat,,"National #Hurricane Center (@NHC_Atlantic) upgrades #Florence to Category 2 hurricane (100mph sustained winds), noting the system has ""exceeded expectations"" despite a ""marginal environment."" No threat to land in the next 5 days. https://t.co/eudQcQjJUH",
Here's the latest on Tropical Storm Florence that we are tracking. Stay updated by clicking on https://t.co/utT5h4pktP and looking in the HURRICANE SEASON 2018 section. #ecarwx https://t.co/fAGdb4eqZL,,"ON THE WAY Hurricane Florence – where is the tropical storm now, will it hit the UK and what’s the latest weather forecast?

https://t.co/PtRmD9SCL3",,,,,,Tormenta en el Atlántico: Hurricane Florence Public Advisory Number 21 más en: https://t.co/NxVzCkVfEV,,#Florence now a category 2 hurricane over the open atlantic https://t.co/0T5J9DlS5v https://t.co/mR20q2n6Ax,
Here's the latest on Tropical Storm Florence that we are tracking. Stay updated by clicking on https://t.co/FSH3Vgh6pX and looking in the HURRICANE SEASON 2018 section. #ecarwx https://t.co/X04kAFDiuN,,"#Hurricane Florence – where is the tropical storm now, will it hit the UK and https://t.co/x8YP7bcSt4 #WorldNews #Trending #BreakingNews",,,,,,Tormenta en el Atlántico: Summary for Hurricane Florence (AT1/AL062018) más en: https://t.co/NxVzCkVfEV,,If Hurricane Florence dips southwest a little at that path Bermuda is fucked,
"Storm #Florence winds now 60mph - will it become a hurricane? 
Possibly tracking towards Bermuda 
Via @livingearthapp https://t.co/UWxTWhpXW9",,"In the Atlantic, Tropical Storm #Florence is just below hurricane strength with max sustained winds at 70 mph. And in the Pacific, Hurricanes #Norman and #Olivia are moving westward over open ocean as Category 1 storms.",,,,,,Tormenta en el Atlántico: Hurricane Florence Forecast Advisory Number 21 más en: https://t.co/iWUs0wxZJO,,"___ #LALATE ___ #BREAKINGNEWS 
NEW TUES UPDATE!
#HurricaneFlorence Projected Path
LIVE! ____  https://t.co/zlaSFzpEoA
""Hurricane Florence"" 
#Florence ""Florence"" 

 zx",
_NOAA HURRICANE CENTER Atlantic_Tropical Storm Florence Forecast Advisory Number 12 https://t.co/Ob3SVCoweU,,"We are tracking #Gordon today on @weathernetwork as the Gulf Coast braces for rain, wind &amp; storm surge. Also, 9 out 10 tropical cyclones that form EAST of 35°W re-curve out to sea. Will #Florence be that 1 in 10 that does not? We're keeping an eye on it as it keeps moving WNW https://t.co/enoZH7ExDe",,,,,,Tormenta en el Atlántico: Hurricane Florence Wind Speed Probabilities Number 21 más en: https://t.co/G0ndrHo8vo,,RT @NHC_Atlantic: Hurricane #Florence Advisory 23: Florence Now a Category 2 Hurricane Over the Open Atlantic. https://t.co/yqCdG7zK22,
_NOAA HURRICANE CENTER Atlantic_Summary for Tropical Storm Florence (AT1/AL062018) https://t.co/iFSOGOs2CN,,"New post: Hurricane Florence September 1, 2018 https://t.co/7WoCavhWXn",,,,,,Tormenta en el Atlántico: Hurricane Florence Forecast Discussion Number 21 más en: https://t.co/G0igESGwES,,"Gordon hitting Gulf Coast, Hurricane Florence strengthening in Atlantic: https://t.co/blqBMkWmow via @YouTube",
_NOAA HURRICANE CENTER Atlantic_Tropical Storm Florence Public Advisory Number 12 https://t.co/iFSOGOs2CN,,Hurricane #Florence ADVISORY 21 issued. #Florence becomes the third hurricane of the atlantic season https://t.co/sx3pkQmTL3,,,,,,Tormenta en el Atlántico: Hurricane Florence Graphics más en: https://t.co/m0tuuagJ2X,,"Atlantic Storms:

#hurricane #florence 

There is currently 1 hurricane.

------------------------------------------------------
System 1: HURRICANE FLORENCE

Ocean Basin: North Atlantic

Images:
In... https://t.co/IkZ7tJDb8M",
Hurricane Season 2018: Tropical Storm #Florence Advisory 12: Florence Gradually Strengthening.  https://t.co/SaTrpNvA7T… https://t.co/QMbC2BeQHC https://t.co/jDeD1CmrdH,,Hurricane #Florence ADVISORY 21 issued. #Florence becomes the third hurricane of the atlantic season https://t.co/S1Hwev5NzQ,,,,,,,,"___ #LALATE ___ #BREAKINGNEWS 
NEW TUES UPDATE!
#HurricaneFlorence Projected Path
LIVE! ____  https://t.co/zlaSFzHfNa
""Hurricane Florence"" 
#Florence ""Florence"" 

 1",
"Tropical Storm Florence Advisory Number  12
NWS National Hurricane Center Miami FL       AL062018
500 AM AST Sun Sep 02 2018

...FLORENCE GRADUALLY STRENGTHENING...

SUMMARY OF 500 AM AST...0900 UTC...INFORMATION... https://t.co/HspqJPVl5f",,Tropical Storm Florence is now Hurricane Florence.,,,,,,,,"Atlantic: Florence now a Category 2 hurricane over the open Atlantic waters , 1260MI E of Northern Leeward Islands, 1515MI ESE of Bermuda 100MPH",
"@bullish_trader You have seen the chart ? How things is rise after downtrend on change contract ? OI shows low change, not a big escape. Long. Money close for Labor Day. Hurricane Florence is starting.",,"RT NHC_Atlantic ""Hurricane #Florence Advisory 21: Florence Becomes the Third Hurricane of the Atlantic Season. https://t.co/KmT9H1UCk9""",,,,,,,,#weatherUpdate RT @NHC_Atlantic: Hurricane #Florence Advisory 23: Florence Now a Category 2 Hurricane Over the Open Atlantic. https://t.co/VJwAnaQWr0,
"* Risk of flooding to precede any #tropicalstorm in southern US through Labor Day  https://t.co/x76HdTcph5 * Tropical Storm Florence pushes west in Atlantic, no threat to land  https://t.co/nbIzaOvgnt * UPDATE: Tropical Storm… https://t.co/wDQ9mSUhWI via https://t.co/nitEnWQLIQ https://t.co/3vaLFvPR0z",,Hurricane Florence Wind Speed Probabilities Number 21 https://t.co/N6bhROvi6n Issued at 1500 UTC TUE SEP 04 2018,,,,,,,,"TS #Gordon made landfall in Mississippi, Hurricane #Florence is a cat 2, and there's an Atlantic blobette out there... it's all systems go! https://t.co/zviRVFgsqW https://t.co/JSliuGoyip",
One possible more nerve wracking #Florence scenario is that it makes it all the way to/past Bermuda's longitude as a hurricane. BUT all the EPS members that show this also show s/w trof activity in the OHV. Track would hinge on that interaction- impossible to predict 14 days out https://t.co/EUKTiQ19b4,,"Hurricane Florence Information by ATCF XML Prototype https://t.co/56hgXyAENo Issued at  Tue, 04 Sep 2018 14:36:31 GMT. This is only a prototype and the file format may change without notice.",,,,,,,,"___ #LALATE ___ #BREAKINGNEWS 
NEW TUES UPDATE!
#HurricaneFlorence Projected Path
LIVE! ____  https://t.co/zlaSFzHfNa
""Hurricane Florence"" 
#Florence ""Florence"" 

  9",
"This is why #Florence is not expected to reach hurricane status any time soon. Shear will keep it from building into anything worrisome. And that, ironically, could spell trouble down the road.",,Hurricane Florence Forecast Advisory Number 21 https://t.co/zoqcZJpZDF Issued at 1500 UTC TUE SEP 04 2018,,,,,,"#TSFlorence  toch op weg naar #Hurricaneflorence. ze gaat steeds meer op Norman lijken. #Transgender :) we wachten rustig af wat #NOAA ziet. niet wat ik verwacht is onjuist .Stel geen #diagnose slechts voor mijzelf. hou #euro in de zak op alle terreinen, ofwel laat niet mee eten https://t.co/cgTQMQAJH8",,"As #Gordon pushes inland tonight, our focus now turns towards #Hurricane #Florence in the Atlantic. No threat to the US anytime soon, but good to keep an eye out  #Tropicalwx",
"Here’s where Tropical Storm Florence is and where it’s going: The first words of the National Hurricane Center’s Sunday morning advisory are “Florence gradually strengthening.” But there are no coastal watches or warnings in effect, and it’s not exactly… https://t.co/wx7ZaCQroB https://t.co/QEbAH0xMXp",,RT via .NHC_Atlantic: Hurricane #Florence Advisory 21: Florence Becomes the Third Hurricane of the Atlantic Season. https://t.co/ChokS5Mnv8 #HurricaneSeason,,,,,,,,"___ #LALATE ___ #BREAKINGNEWS 
NEW TUES UPDATE!
#HurricaneFlorence Projected Path
LIVE! ____  https://t.co/zlaSFzpEoA
""Hurricane Florence"" 
#Florence ""Florence"" 

  11",
"So, two variables are at play in #Florence's future: it's strength and the strength of the ridge holding it down. A few days ago,#Florence was primed to become a hurricane early.",,Tracking the Tropics: NHC: Hurricane #Florence Advisory 21: Florence Becomes the Third Hurricane of the Atlantic Season. https://t.co/N5SW6JGYFZ,,,,,,,,RT BMonahanWSB: Elsewhere in the tropics: #Florence is a strengthening Category 2 hurricane in the central Atlantic... we'll need to keep an eye on that in about a week. - wsbtv,
"The GFS forecast for #Florence to become a 983mb cat 1 hurricane in 2 days seems silly at best given there will be virtually no OHC under this TC &amp; a huge tongue of very low mid-level RH/dust off the Sahara choking off convection. Yes, this has long-term track implications. https://t.co/2kchi9qWgO",,Hurricane Florence has formed in the Atlantic. Sustained winds currently at 75 mph. This storm will not impact South Florida. She is still on track to turn north. https://t.co/JjsBKSxqNZ,,,,,,,,"This morning, in the Weather Center:

+ continued isolated downpours
+ T.S. Nate made landfall overnight
+ Hurricane Florence now a Category 2 https://t.co/umnmAqBkFm",
"Possible tropical development in the gulf this coming week

#thehoustonview #hurricaneFlorence #khou11 #khou
(Via KHOU 11) https://t.co/cLrxvkKC6K",,Florence becomes the third hurricane of the 2018 Atlantic Hurricane Season. #Florence #HurricaneFlorence https://t.co/aLExIFbUvy,,,,,,,,5AM FLORENCE UPDATE: Hurricane #Florence is a little stronger with winds of 105 mph (Cat. 2). The storm will continue to track west-northwest and will not have an impact on land over the next 5 days. #HurricaneFlorence #Tropics #UpWith https://t.co/ZfSk7B0HQh,
"@StarChaseTheSun @flo_tweet Ms Delilah I was thinking about this storm, Florence, yesterday as here at the observatory we watched it strengthen to a hurricane,  Appropriate I suppose since Florence will soon be taking the US by storm anyhow.  __",,Hurricane Florence Public Advisory Number 21 https://t.co/g021U6ddhM,,,,,,#hurricane #florence #atlanticocean https://t.co/qxSrIYViV9,,"Hurricane Florence Public Advisory Number 24 https://t.co/sHeEpZAf2O ...FLORENCE A LITTLE STRONGER... ...MOVING OVER THE OPEN ATLANTIC...
Location: 21.4°N 44.8°W
Max sustained: 105 mph
Moving: NW at 13 mph
Min pressure: 976 mb

Issued at 500 AM AST Wed Sep 05 2018",
"Week's Forecast-
Looks like Ma Nature flipped the Atlantic Hurricane Basin switch to ""on"" this week. The tropics are getting very active. Florence has formed in the eastern Atlantic  and a second storm could form in the... https://t.co/vmgxyLFIAT",,_NOAA HURRICANE CENTER Atlantic_Hurricane Florence Graphics https://t.co/DLvSE0JleQ,,,,,,,,"Summary for Hurricane Florence (AT1/AL062018) https://t.co/sHeEpZAf2O 
  ...FLORENCE A LITTLE STRONGER... ...MOVING OVER THE OPEN ATLANTIC...
 As of 5:00 AM AST Wed Sep 5
 the center of Florence was located near 21.4, -44.8
 with movement NW at 13 mph.
 The minimum central pres…",
Here's the latest on Tropical Storm Florence that we are tracking. Stay updated by clicking on https://t.co/FHN2k2TDbr and looking in the HURRICANE SEASON 2018 section. #ecarwx https://t.co/KgqouTi30K,,Hurricane Florence Forecast Discussion Number 21 https://t.co/TihvJuV3Qx,,,,,,,,"Update on #TropStorm #Gordon &amp; #Hurricane #Florence from overnight. 
#GulfCoast #Atlantic #flwx #GOES _5am EDT https://t.co/WYVOhivW39",
Here's the latest on Tropical Storm Florence that we are tracking. Stay updated by clicking on https://t.co/utT5h4pktP and looking in the HURRICANE SEASON 2018 section. #ecarwx https://t.co/pYyp6To8gL,,Hurricane Florence Forecast Discussion Number 21 https://t.co/wusWy62En2,,,,,,"So far (excluding Florence) this hurricane season.

Lo que va en la temporada de huracanes 2018, excluyendo a Florence. https://t.co/aOAxqhzJC9",,All eyes now turn to Florence that is now a category 2 hurricane. Keep in mind the models are still all over the place with this one. But we do not windshield wipe. The most consistent model still shows a re-curve. Keep checking back. @FCN2go #GMJ https://t.co/tukXErMhQh,
Here's the latest on Tropical Storm Florence that we are tracking. Stay updated by clicking on https://t.co/kBGR4eyf3e and looking in the HURRICANE SEASON 2018 section. #ecarwx https://t.co/NavmoRK0oZ,,Hurricane Florence Public Advisory Number 21 https://t.co/LurowvFDTU,,,,,,,,Hurricane #Florence will be watched all next week.  Still many possible solutions. https://t.co/v1DWBwI9Oi,
'Tropical storm Florence' set to strengthen into hurricane by Sunday https://t.co/PPOoMRt5l6 https://t.co/hpyElvar0W,,Summary for Hurricane Florence (AT1/AL062018) https://t.co/LurowvFDTU,,,,,,,,"Hurricane #Florence is looking impressive this morning on satellite imagery. The storm is clocked in a Category 2 Hurricane, with good odds to become a Major Hurricane over the course of its life. This storm should be closely monitored for U.S. impacts. https://t.co/Yp6bnEEEHA",
We're watching Tropical Storm Florence &amp; a disturbance in the Bahamas. Florence is forecast to remain below hurricane strength over the next 5 days. Disturbance in the Bahamas could become a tropical depression by Tuesday or Wednesday in the Gulf of Mexico. #SpectrumNews #ncwx https://t.co/bMz0w6ChA8,,We now have the 3rd hurricane of the 2018 Altantic season. Here is the latest from @NWSNHC @WLTX on Hurricane #Florence https://t.co/IJIQm9H0eD,,,,,,,,"HURRICANE FLORENCE
#Florence is a category 2 hurricane in the open Atlantic.
Likely moving closer to Bermuda by early next week.

https://t.co/Op35kWgP4y
#FirstWarn3 https://t.co/vcfyAvB4Vw",
"Strengthening Tropical Storm Florence moving quickly west over open eastern Atlantic, but still poses no threat to land: National Hurricane Center https://t.co/shOqtQIwDZ",,Hurricane Florence https://t.co/zR3Lsw1Kv3,,,,,,"Bij de Kaapverdische Eilanden is tropische #storm #Florence ontstaan. Florence is de vijfde storm van het orkaanseizoen op de Atlantische oceaan. De cycloon zal de komende dagen langzaam sterker worden, maar voorlopig boven open #zee blijven. #tropics #hurricane https://t.co/VTJCcCSyTJ",,#Florence looks good this morning. Still a Category 2 hurricane. https://t.co/QVnut1MOiN,
_NOAA HURRICANE CENTER Atlantic_Tropical Storm Florence Forecast Advisory Number 13 https://t.co/MwKLfOovMD,,"Hurricane Florence Forecast Information (.shp) https://t.co/1Qf9l6Ze6H GIS Data last updated Tue, 04 Sep 2018 14:39:28 GMT",,,,,,De koers van #hurricaneFlorence volgende week lijkt te bepalen of we #zomerweer krijgen volgend weekend! #afwachten #FaFa18,,"In addition to Tropical Storm #Gordon, I'm tracking Cat.2 Hurricane #Florence in the open Atlantic moving NW and forecast to weaken to a Cat. 1 late week. Also monitoring a Tropical wave in East Atlantic with high chance of development late week @CBSMiami https://t.co/5M7dmqD2zc",
_NOAA HURRICANE CENTER Atlantic_Tropical Storm Florence Forecast Discussion Number 13 https://t.co/ls7B6VSkuJ,,"Hurricane Florence Best Track Information (.shp) https://t.co/aDuZP5QLao GIS Data last updated Tue, 04 Sep 2018 14:39:28 GMT",,,,,,,,As #Gordon soaks the midwest the mid #Atlantic is heating up with first #Florence at #Category 2 strength and 2 new invests. #Invest 92L has a 90% chance of formation in the next 5 days and #Invest 93L has a 20% chance of developement in the next 5 days.,
_NOAA HURRICANE CENTER Atlantic_Summary for Tropical Storm Florence (AT1/AL062018) https://t.co/TjdtRcPhnF,,"Hurricane Florence Best Track Information (.kmz) https://t.co/TI9VxmYD3K GIS Data last updated Tue, 04 Sep 2018 14:39:28 GMT",,,,,,,,"We're also watching Hurricane Florence, which quickly became a category 2 storm from a tropical storm yesterday. It is still on track to affect the East Coast sometime next week. #TropicalTracker #wymtwx https://t.co/LQBWpgS9Bo",
"#TropicalStorm #Florence heads north as #Storm #Gordon gets stronger and heads for the Gulf Coast &gt;&gt;&gt; https://t.co/av8JMOdxEf
#HurricaneSeason #Hurricane https://t.co/iAmZmgCnKs",,"Hurricane Florence Graphics https://t.co/Y3LJi7eOvi 
5-Day Uncertainty Track last updated Tue, 04 Sep 2018 14:38:48 GMT

Wind Speed Probabilities last updated Tue, 04 Sep 2018 14:38:49 GMT",,,,,,,,"Tropical Storm Gordon made landfall with 70-mph winds Tuesday night west of the Alabama-Mississippi border. Elsewhere in the Atlantic, Hurricane Florence may impact the U.S. next week and 2 tropical waves  are off the coast of Africa
https://t.co/MNSwAIw5Al https://t.co/cVn1HdgwC8",
COL Hurricane blog: Tropical Storm Florence https://t.co/ZlSfWaeDD1,,Slightly quicker turn expected safely away from any inhabited places at the moment. Now Hurricane Florence. https://t.co/HTBL5Ix1W0,,,,,,,,"As #Gordon exits, the tropics stay VERY busy over the next two weeks. 
 Hurricane #Florence can't be ignored entirely just yet, as it may turn to the west early next week.  The tropical waves immediately behind it are also more likely to stay on a westerly course. #flwx https://t.co/uFqpWCicK9",
"#miriam, #norman, #florence... it's like the people in charge of the hurricane naming system just sit around talking about their grandparents.",,Hurricane Florence Forecast Discussion Number 21 https://t.co/76aAD4go9f Issued at 1100 AM AST Tue Sep 04 2018,,,,,,,,Two tropical waves in the eastern Atlantic have the potential to become #Helene and #Isaac. #Florence is a category 2 hurricane. Will remain in the open Atlantic for the next five days. https://t.co/AroG0awR0D,
"For those with travel plans to the #GulfCoast or #Bahamas, keep an eye on the tropics as a disturbance moves closer to the Gulf. The National Hurricane Center is watching this system for future development. TS Florence continues to move over the Atlantic. #PAwx #NJwx #DEwx #MDwx https://t.co/dfG7Jfroh5",,Hurricane Florence Wind Speed Probabilities Number 21 https://t.co/puw546GbVh Issued at 1500 UTC TUE SEP 04 2018,,,,,,,,PFFF.... That is one hell of a #Hurricane. To far out but #Florence could aim for #Delaware #Virginia #NewJersey and even #NYC . USA East coast should monitor this system closely. #HurricaneFlorence https://t.co/TrYcIbAoLY,
"@JPKassell Yes, rain (at least for 91L, won´t disregard Florence though) will bring impacts to the Gulf coast but NOT a category 5 storm",,"Summary for Hurricane Florence (AT1/AL062018) https://t.co/6SFoHUvuBw 
  ...FLORENCE BECOMES THE THIRD HURRICANE OF THE ATLANTIC SEASON... ...NO THREAT TO LAND THROUGH THE WEEKEND...
 As of 11:00 AM AST Tue Sep 4
 the center of Florence was located near 19.7, -42.5
 with moveme…",,,,,,,,Here we go. Peak #HurricaneSeason is delivering.  #Bermuda and the #EastCoast needs to watch #HurricaneFlorence and we’ve got plenty of potential coming off the coast of Africa. @foxandfriends https://t.co/QBEV4qDCXZ,
I do want to make a tweet about he tropics. The Atlantic is heating up. We are just about at the climatological peak of hurricane season. Tropical Storm #Florence is in the E Atlantic currently https://t.co/hkSABWdULL,,#BREAKING: #HurricaneFlorence has just officially become the third hurricane of the Atlantic season.,,,,,,,,"Periscope today... regarding Florence and rest of tropics... I’ll give the usual 10 min warning, as you all k ow hat usually means 30 min __",
Here's the latest on Tropical Storm Florence that we are tracking. Stay updated by clicking on https://t.co/FHN2k2TDbr and looking in the HURRICANE SEASON 2018 section. #ecarwx https://t.co/vLSoh2p6Ow,,"RT NHC_Atlantic ""Hurricane #Florence Advisory 21: Florence Becomes the Third Hurricane of the Atlantic Season. https://t.co/UbjfN7Mokl""",,,,,,,,Hurricane Florence Could Hit The Carolinas Next Week https://t.co/PnSyU3MKK0,
Here's the latest on Tropical Storm Florence that we are tracking. Stay updated by clicking on https://t.co/utT5h4pktP and looking in the HURRICANE SEASON 2018 section. #ecarwx https://t.co/C5Y9Mv259b,,Hurricane Florence Graphics https://t.co/LrjpTYQSV2,,,,,,,,"Tropics breakdown this Wednesday morning: Tropical Depression Gordon, Hurricane Florence, Invest 92-L and a tropical wave forecast to move off the coast of Africa.
Details on @FOX29WFLX until 9am.
#flwx https://t.co/XhYsCy5REa",
_NOAA HURRICANE CENTER Atlantic_Tropical Storm Florence Forecast Advisory Number 14 https://t.co/dM2CeipOUW,,Florence (well out in the Atlantic) is now the third hurricane to form in the Atlantic basin for the 2018 season. #Florence #hurricaneFlorence https://t.co/1HDM81yh5e,,,,,,,,"#HurricaneFlorence looks really better now. ADT found 105 kt winds, equivalent to a Category 3. Likely to be declared a major sooner. #Florence #tropics #hurricane https://t.co/TZBfq5Z3OK",
_NOAA HURRICANE CENTER Atlantic_Summary for Tropical Storm Florence (AT1/AL062018) https://t.co/NbgosAYuL0,,#weatherUpdate RT @NHC_Atlantic: Hurricane #Florence Advisory 21: Florence Becomes the Third Hurricane of the Atlantic Season. https://t.co/VJwAnaQWr0,,,,,,,,"Hurricane Florence has made a slight jog west. But as you know, it is still very early and uncertain as to it's final movements. 
#roc #wny https://t.co/V5rKOyaveG",
_NOAA HURRICANE CENTER Atlantic_Tropical Storm Florence Public Advisory Number 14 https://t.co/NbgosAYuL0,,Hurricane Florence Forecast Discussion Number 21 https://t.co/XuEdu4KNRZ,,,,,,,,"#HurricaneFlorence is now a Category 3, Major hurricane! It's the first major hurricane of the 2018 Atlantic hurricane season. #tropics https://t.co/CaOmUT4rnY",
Something to watch...the latest run of the Euro model has a Hurricane (Florence) near the Mid Atlantic coast by the second week of September. #HurricaneSeason  #Florence https://t.co/m7t79Pxprj,,Hurricane Florence Graphics https://t.co/9DxGTm5dYs - snhqweather,,,,,,,,"We now have our first major hurricane of the year, #florence is a now a category 3 storm. https://t.co/VQF9N0l1em",
"(2/2) By Friday, Florence will be moving through waters more favorable for development and likely intensify, possibly to hurricane strength. Florence will continue to move across the Atlantic Ocean over the next several days, posing no threat to land for the time being. https://t.co/el4YbCVF50",,Hurricane Florence Forecast Advisory Number 21 https://t.co/cZts3YMoGP - snhqweather,,,,,,,,TROPICAL UPDATE: #Gordon is weakening over the Deep South. Flooding rains will spread north from there. #Florence is up to 120 mph and will face a 'fork in the road'. East Coast can't be ruled out. #Helene will follow on a more southerly track. More: https://t.co/1EtgnJzKi1 https://t.co/vVekGcE9ST,
"It's the peak of the Atlantic hurricane season and the tropics are firing up right on cue. The SE US will feel impacts from what will likely become #Gordon by tomorrow, and we're continuing to watch #Florence...though potential US impacts wouldn't be for at least ~10 days #nbcct https://t.co/rmpl16mxt3",,Summary for Hurricane Florence (AT1/AL062018) https://t.co/R90NUsTOOn - snhqweather,,,,,,,,"Florence is the first category 3 of the Atlantic hurricane season. Last night's run of the ECMWF smashes it into South Carolina next Friday. WAY too far out to be sure of anything, but it's never too early to check those emergency supplies. https://t.co/YySd5aTu0E",
A powerful Hurricane Florence makes a dangerous approach to the North Carolina Outer banks in 10 days according to the European Model. https://t.co/9H2tmBB1OT,,Hurricane Florence Public Advisory Number 21 https://t.co/R90NUsTOOn - snhqweather,,,,,,,,Hurricane #Florence becomes the first Major Hurricane (Cat. 3 or greater) in the Atlantic this season.   Latest European Model brings it nearing the US East Coast in 9 days.  A 9 day forecast may be hundreds if not thousands of miles off.  Just keep watching it. https://t.co/D3a59uSo0j,
Here's the latest on Tropical Storm Florence that we are tracking. Stay updated by clicking on https://t.co/FHN2k2TDbr and looking in the HURRICANE SEASON 2018 section. #ecarwx https://t.co/dMLycf6at5,,Hurricane Florence forms in the middle of the Atlantic Ocean. Most likely stays away from the US but.... we will keep an eye on it. Still a week out from figuing out it's last movements. https://t.co/mpnvAKTObl,,,,,,,,Hurricane Florence is now the first Major Hurricane of the 2018 Atlantic Hurricane Season. Sustained winds with Florence are estimated to be at 120 mph. #Florence #HurricaneFlorence #Tropics https://t.co/cYumYyrtWd,
Here's the latest on Tropical Storm Florence that we are tracking. Stay updated by clicking on https://t.co/utT5h4pktP and looking in the HURRICANE SEASON 2018 section. #ecarwx https://t.co/334Wc4VyPL,,Hurricane Florence Wind Speed Probabilities Number 21 https://t.co/WAx62HIVp5 #ek3tech #ilovejax #stormwatch,,,,,,,,Tropical Storm Gordon and Hurricane Florence both pose threats. https://t.co/GOVdQOlJ6R,
Here's the latest on Tropical Storm Florence that we are tracking. Stay updated by clicking on https://t.co/kBGR4eyf3e and looking in the HURRICANE SEASON 2018 section. #ecarwx https://t.co/q8cHAq48Ql,,Summary for Hurricane Florence (AT1/AL062018) https://t.co/1WvXDemAaa #ek3tech #ilovejax #stormwatch,,,,,,,,Tropical Storm Gordon and Hurricane Florence both pose threats. https://t.co/0P388o0jQY,
Here's the latest on Tropical Storm Florence that we are tracking. Stay updated by clicking on https://t.co/FSH3Vgh6pX and looking in the HURRICANE SEASON 2018 section. #ecarwx https://t.co/iuzsFDavOa,,#CORRECTION: Tropical Storm Florence has been upgraded to Hurricane Florence. https://t.co/uNLRgEwzhu,,,,,,,,Tropical Storm Gordon and Hurricane Florence both pose threats. https://t.co/GcJNFfcKKK,
Atlantic is waking up again - we have three disturbances currently active. #Florence #hurricane https://t.co/th6mIoGeNZ,,"Here's Hurricane #Florence in the middle of the Atlantic.  She's of no immediate threat to land, but definitely worth watching. https://t.co/VeDRob3uoA",,,,,,,,"Hurricane #Florence becomes the first Major Hurricane (Category 3+) of 2018 for the Atlantic Basin, with 120mph sustained winds. A monster on satellite and an uncertain fate regarding track. https://t.co/AySJfBe9QB",
"Tropical Storm #Florence Advisory Number  14
Maximum Sustained Winds: 50mph
NWS National Hurricane Center Miami FL
6:00 PM AST Sun Sep 02 2018

...Florence moving west-northwestward with no change in strength... https://t.co/XvEhaGIo4F",,"___ Tropical Storm Florence has been upgraded to #HurricaneFlorence, with maximum sustained winds of 75 mph (minimal Category 1 hurricane). The @NHC_Atlantic expects Florence to weaken Wed thru Friday. NO threat to any land, at least through this weekend. #njwx #nywx https://t.co/fItCeRrvLz",,,,,,,,"Gordon weakens into a tropical depression and Florence strengthens to a category 3 hurricane, making it the first major hurricane of the 2018 Atlantic hurricane season. Hurricane Florence could impact the U.S. next week 
https://t.co/MNSwAIw5Al https://t.co/GlNtCKwwzZ",
@MichaelCBS12 @CBS12 How strong (category hurricane) did Florence get on the last GFS run?,,#HurricaneFlorence becomes the 3rd hurricane of the 2018 Atlantic hurricane season. https://t.co/414JWS1K5b,,,,,,,,"@SpecterStorm If you didn’t stock up with the food I recommend for long term food insurance for ur family, get out now to the store to stock ur hurricane supply with water, shelf stable food &amp; medicines. #LinkInBio if u want to stock up for the rest of the #hurricane season. #HurricaneFlorence",
Cat.2 Hurricane with 160mph wind gusts close to east coast second week of september. Please no #HurricaneFlorence #HurricaneSeason @weatherchannel @accuweather https://t.co/eSC65fDEij,,"Annnd .... hello, Hurricane #Florence!",,,,,,,,Tropical Storm Gordon and Hurricane Florence both pose threats. https://t.co/BP9KWaGU16,
"Well now.... the tropics are finally coming alive after a relatively dull summer. #91L is going to be a big rainmaker in the gulf and the next wave off of Africa could potentially be an issue in 7-10 days. Florence, just a teaser for fish and ships __ #tropics #Hurricane https://t.co/R4awe5Wxq6",,Hurricane Florence https://t.co/rM0YD3SHxt,,,,,,,,Tropical Storm Gordon and Hurricane Florence both pose threats. https://t.co/s4ZwKjsVze,
"@ShelbyKStewart Well,this is fun__After a very quiet August, the tropical Atlantic has awakened. Big time. Weather models,incl the best one(the ECMWF) say Hurricane Florence may be a definite threat to the eastern seaboard in ~10 days. Here's a forecast map for Sept 12 - https://t.co/lmYVqDebHF",,Where is #HURRICANE Florence headed in the Atlantic? https://t.co/uNsFXmhS5q #GPWX,,,,,,,,NEW: Hurricane #Florence has strengthened to become the first major hurricane (category 3 or better) of the 2018 season &amp; now stands alone as the strongest of the season so far. The storm is a category 3 packing winds of 120mph. Still not sure where she'll head later next week. https://t.co/1k7MlcJ3TK,
HURRICANE FLORENCE and 9/11 - TIME 4 GULF 2 PREPARE 4 SERIOUS POTENTIAN ... https://t.co/UbgluPYC1K via @YouTube,,Hurricane Florence: Florence strengthens to Category 1 far from land https://t.co/B8tmMu5SoH https://t.co/9DYx8vwkrt,,,,,,,,"BREAKING: #Florence has strengthened into a Category 3 hurricane in the open Atlantic, making it the first major hurricane of the 2018 Atlantic season: https://t.co/z5ZDkiAx5Y https://t.co/JzqKm6F3f7",
I liked a @YouTube video https://t.co/nYWaPBApWN HURRICANE FLORENCE and 9/11 - TIME 4 GULF 2 PREPARE 4 SERIOUS POTENTIAL CYCLONE,,Hurricane Florence Forecast Discussion Number 21 https://t.co/oCGXkTyySS,,,,,,,,Tropical Storm Gordon and Hurricane Florence both pose threats. https://t.co/jCGpPNzTcZ,
"HURRICANE FLORENCE and 9/11 
TIME 4 GULF 2 PREPARE 4 SERIOUS POTENTIAN CYCLONE GORDON!
( https://t.co/9xxTC1eaX3 )",,Hurricane Florence Forecast Discussion Number 21 https://t.co/uvW1BIudFN,,,,,,,,Tropical Storm Gordon and Hurricane Florence both pose threats. https://t.co/N6pREb7qfR,
I liked a @YouTube video https://t.co/NBIo0l2J9a Hurricane Florence is a potential MAJOR threat to the East Coast,,I feel like that this the best explanation describing the current situation for hurricane Florence! https://t.co/ruyT6AqL9F,,,,,,,,While #TropicalStormGordon rains itself out over the next few days the development of #HurricaneFlorence will need to be watched carefully.  It could.. emphasis on COULD be a threat to East Coast late next week. https://t.co/8KXkJjuj2t,
HURRICANE FLORENCE and 9/11 - TIME 4 GULF 2 PREPARE 4 SERIOUS POTENTIAL ... https://t.co/usdtEhFEQG via @YouTube,,#HurricaneFlorence w/ winds now up to 75 mph will continue moving in a NW direction over the next few days. This hurricane bears watching as continued ridging &amp; HP over the eastern US COULD allow Florence to make a run towards the EC in the LR. Some ensembles showing that at 00z. https://t.co/xNFe9GlDJB,,,,,,,,"FLORENCE NOW A MAJOR HURRICANE

Hurricane Florence has strengthened into a major hurricane with winds of 120 mph. Florence becomes the first major hurricane of the 2018 season. Too early to tell if Florence will have impacts on the East Coast of the US. https://t.co/pvfWmUJqVW",
I liked a @YouTube video https://t.co/pICJJ3N2M8 HURRICANE FLORENCE and 9/11 - TIME 4 GULF 2 PREPARE 4 SERIOUS POTENTIAL CYCLONE,,Hurricane Florence Forecast Discussion Number 21 https://t.co/B1AzhSS2y9,,,,,,,,"FLORENCE NOW A MAJOR HURRICANE

Hurricane Florence has strengthened into a major hurricane with winds of 120 mph. Florence becomes the first major hurricane of the 2018 season. Too early to tell if Florence will have impacts on the East Coast of the US. https://t.co/WVjdcfDRCx",
I liked a @YouTube video https://t.co/0jClXTYQpF *UPDATE* HURRICANE FLORENCE CLOSER THEN WE THOUGHT! September 11th GULF PREPARES!,,Hurricane Florence 11am update #Florence #hurricaneFlorence https://t.co/BHs3Jd4Y7v,,,,,,,,"New @WNCN #CBS17 Weather Blog post: No real change to our hazy, hot and humid weather pattern for the next few days. Plus a detailed look at a complicated forecast for Hurricane #Florence, and the daily nerd-links!
https://t.co/iZNNYXnfui",
"Hurricane Florence update &amp; 
Mother Nature will continue to pick on East Coast
https://t.co/i4jPRs3L1b",,"Keywords here are ""through the weekend."" Going to need to watch this one. Long way to go. #hurricaneflorence #tropics https://t.co/dpOyebwQVc",,,,,,,,BREAKING: Hurricane Florence becomes the first major hurricane of the 2018 Atlantic season. 8 A.M. advisory upped to category 3! This could make a run towards the eastern U.S. coast the middle of next week. https://t.co/TKzR2UfqaK,
I liked a @YouTube video https://t.co/XHgdaCgHEi Hurricane Florence update &amp; Mother Nature will continue to pick on East Coast,,Hurricane Florence sees winds increase to 75mph. More from the National Hurricane Center; https://t.co/w98cY7pAYL https://t.co/w98cY7pAYL,,,,,,,,"Listening to Christmas music already, yet watching #HurricaneFlorence at the same time. Such a strange combo. #hurricane #tropics #ChristmasInSeptember #ChristmasCountdown",
"That’s (5), count’m from right to left 1) Hurricane Florence, Tropical Cyclone Seven, Hurricane Olivia, Hurricane Norman and Cyclone Jebi. #activeweather… https://t.co/JvwElTW2AH",,Where is Hurricane Florence headed in the Atlantic? https://t.co/xpfIhEDAQL https://t.co/h4m2IG0xpZ,,,,,,,,"@SpecterStorm Florence is now a category 3 hurricane! 2 more disturbances behind that one. You stock up now before all the food,drinks, bottled water, dog food,  medicine is gone in your local stores.  How many hurricanes have you gone through? The aftermath without electricity is horrible.",
"Granted it's still 10 days out, but if that #Euromodel ends up right everyone on the east coast will need to pay attention to #HurricaneFlorence. Could be a direct hit followed by a turn right up the coast.",,Hurricane #Florence has formed in the #Atlantic making it the 3rd hurricane of the season. Movement is to the WNW at 12 mph. https://t.co/2nVmNGeSTy,,,,,,,,"National Hurricane Center https://t.co/4lTqFRrQWM updates on Hurricane Florence, decaying former tropical storm Gordon",
European model takes hurricane Florence to Cape Hatteras next week https://t.co/o3jlJLiO50,,Where is Hurricane Florence headed in the Atlantic?: https://t.co/OllnhPAS41 via @AOL,,,,,,,,"#Hurricane #Florence now a cat 3... Major hurricane with winds 120mph. Storm is still expected to move into less favorable waters and weaken back to a cat 1 by Thursday. 

Count on Storm Team 2 for updates. 

#CHSwx #CHSnews #SCwx @WCBD #TropicalUpdate https://t.co/Zchr8qfkh9",
The American GFS model keeps hurricane Florence off shore next week https://t.co/xsrf189TKB,,"Hurricane #Florence is the 3rd Atlantic hurricane of the 2018 season. It's currently a Category 1 hurricane and located in the middle of the Atlantic, far from land. We'll have to wait until next week to see if it will impact anyone along the East Coast. https://t.co/GUD96SCp17",,,,,,,,Tropical Storm Gordon and Hurricane Florence both pose threats. https://t.co/D7uI93hl6m,
Hurricane Florence update &amp; Mother Nature will continue to pick on East Coast https://t.co/ruBpv94wgF https://t.co/a83ab99Ksu,,"On @WFTV EYE ON THE TROPICS: Gordon strengthens and could hit the Gulf Coast as a hurricane. Meanwhile, Hurricane Florence forms in the eastern Atlantic.
https://t.co/Fpwh0dw76Y",,,,,,,,"#Florence is now a category 3 hurricane, with 120mph winds. It is the FIRST MAJOR HURRICANE OF THE SEASON. Full update will be issued by the National Hurricane Center at 11",
HURRICANE FLORENCE and 9/11 - TIME 4 GULF 2 PREPARE 4 SERIOUS POTENTIAL ... https://t.co/ynSJ9QokrV via @YouTube,,Where is Hurricane Florence headed in the Atlantic? https://t.co/ugNiKPpX8t,,,,,,,,Tropical Storm Gordon and Hurricane Florence both pose threats. https://t.co/skMlut9u1d,
@BMcNoldy @UMiamiRSMAS This Category 1 Hurricane back in 1893 Created a 30ft Storm Surge on Western Long Island. #Florence #NyWx https://t.co/QBUFAYVLvs,,"(1/3) FLORENCE UPDATE: Hurricane Florence has been upgraded to a Category 1 hurricane with sustained winds of 75 MPH. Florence is currently moving WNW across the Atlantic Ocean, and it is likely that it will curve northward and not affect land for the entirety of its lifetime.",,,,,,,,"While you were having breakfast,  #Florence became a major - Category 3 #hurricane. Florence now sits 2300 km ESE of Bermuda. Some models have the storm tracking to the SE coast of the US next week. Stay tuned! Local #weather details coming up at 11:15...  @chronicleherald https://t.co/Hojd2P4uAo",
@TheWeatherMastr @DaDaBuh This Category 1 Hurricane came with a 30ft Storm Surge on Western Long Island. #NHC needs to do away with the Saffir Simpson Hurricane Scale #VeryMisleading #NHC #NYC #NYWX #Hurricane #Florence,,Hurricane Florence strengthens as Atlantic storm season heats up https://t.co/eWO70o4YdK https://t.co/7Wa6qUNkxv,,,,,,,,Tropical Storm Gordon and Hurricane Florence both pose threats. https://t.co/WGeN2LLCcm,
"#Incoming #hurricane #florence #cat5
sude radar is never wrong https://t.co/lNpZ462unS",,"___ #LALATE ___ #BREAKINGNEWS 
NEW TUES UPDATE!
#HurricaneFlorence Projected Path
LIVE! ____  https://t.co/zlaSFzpEoA
""Hurricane Florence"" 
#Florence ""Florence""",,,,,,,,#HurricaneFlorence has strengthened further and is now a category 3 hurricane!! That makes it the first major hurricane in the Atlantic this year! #Florence #Category3 https://t.co/x9F09L8BC8,
Tropical Storms #Gordon and #Florence showing in the Atlantic at present and Gordon will bring some very heavy rainfall and storm surge with over 4 inches of rainfall possible! https://t.co/Jq73znaE7z,,We're almost there.... #Gordon pulling it together https://t.co/7lEU6L46Ph #Hurricane #Florence #92L #models https://t.co/C0lhKCK2iK,,,,,,,,Hurricane #Florence now with 120mph winds is the 1st major (CAT3) hurricane of the Atlantic season.  No threat to land thru the weekend... but track beyond is uncertain.  East Coast needs to monitor for next week!#wcvb https://t.co/gzJnhdQ3vL,
"While the meteorological media is obsessing over Gordon and Florence, the unnamed system near TX is flooding the heck out of Galveston https://t.co/pptST5pVzd",,"We see you, Hurricane Florence... https://t.co/JLWz1a5OJg",,,,,,,,Florence becomes the 1st Major Hurricane of 2018 at a Category 3. East Coast may be in play late next week!,
@ricardorossello @DeptEstadoPR Hurricane Florence is spinning in the Atlantic. Heading to Puerto Rico? What preparations are you undertaking?,,Hurricane Florence has formed in Atlantic Ocean. No threat to FL or land right now.#BreakingNewsNow #Breaking_News #BreakingNews #BreakingNow #Breaking #TropicalStormFlorence #TSFlorence #HurricaneFlorence #Florence #Atlantic #Ocean #AtlanticOcean #FL #Florida #Fla #Land https://t.co/SkHF2KVHv9,,,,,,,,Tropical Storm Gordon and Hurricane Florence both pose threats. https://t.co/0nN8gqh4Bi,
Liked on YouTube: Hurricane Florence update &amp; Mother Nature will continue to pick on East Coast https://t.co/zHRBURsUJQ,,"#HURRICANE Florence Forecast, Path: Where Is Storm Going and When Will It Hit? https://t.co/aMpfv8Cn3n",,,,,,,,"BREAKING.. #HURRICANE FLORENCE EXPLODES!
Becomes a CATEGORY 3 Storm with winds at 120mph over the #Atlantic 
@FOX29philly https://t.co/DUG9KMtVKy",
__ on @YouTube: Hurricane Florence update &amp; Mother Nature will continue to pick on East Coast https://t.co/zHRBURsUJQ,,Watching Hurricane Florence https://t.co/cTcbTnTcbb https://t.co/BmwJXhx5SL,,,,,,,,"Hurricane Florence now a Category 3, becomes first major storm of the season: NHC https://t.co/bLOkx1Hsek",
"*OFFICIAL* 
HURRICANE WATCHES For GULF TROPICAL STORM GORDON 
- HURRICANE FLORENCE
( https://t.co/7EkFLTiroX )",,Hurricane Florence has formed far out over the Atlantic. But it doesn’t currently pose a threat to any land areas. See the latest tracking map. https://t.co/HzvtO1mLjI,,,,,,,,#Florence has defied a seemingly unfavorable environment and forecasts and is now a Category 3 #hurricane out over the open Atlantic. Lots of uncertainty in model track forecasts on this one...keep an eye on it. #vawx #ncwx https://t.co/E2CVEBjfbk,
"#TSGordon #Florence #tropics #climatechangefights don't matter if you miss what is really important...like the endless flooding that has been going on all summer...amateurs and professionals have a responsibility to be relevant, and they have failed miserably the past few months.",,"___ #LALATE ___ #BREAKINGNEWS 
NEW TUES UPDATE!
#HurricaneFlorence Projected Path
LIVE! ____  https://t.co/zlaSFzpEoA
""Hurricane Florence"" 
#Florence ""Florence"" 
 11",,,,,,,,Hurricane #Florence is now a Category 3 as recent satellite imagery indicates that Florence is still strengthening and is now a major hurricane. Track remains uncertain but it could impact East coast of USA next week. https://t.co/yYH18zVkYN,
Fake @FoxNews has done it again !  Reporting on Storm Gordon while showing a travel map of Hurricane Florence.  Can't even get weather facts correct. https://t.co/dDB0tfAwsV,,Where is Hurricane Florence headed in the Atlantic?: https://t.co/h71EPx6MlV via @AOL,,,,,,,,"__ BREAKING:
 __ Hurricane #Florence Now
 __ is a MAJOR Hurricane #WindMapApp https://t.co/yjFTMjDToQ https://t.co/JOPbekGj7i",
"FIRST ALERT: Gordon forecast to become a hurricane, Florence near hurricane strength https://t.co/umjNF5AFvb",,"Hurricane Florence forms far out over Atlantic, poses no immediate threat to land | Fox News https://t.co/7SPd4kw1nr",,,,,,,,Tropical Storm Gordon and Hurricane Florence both pose threats. https://t.co/q1PZW10SBg,
On the FV3-GFS model the models put the storm near the east coast of Florida and turning north towards North Carolina. Notice the size of the storm grows. So tropical storm Florence could be a game changer for the U.S a massive Category 2 or Category 3 Hurricane by September 19. https://t.co/nC7RwqMr4Q,,"Hurricane Florence forms far out over Atlantic, poses no immediate threat to land

https://t.co/dHOHqTD83f",,,,,,,,"Hurricane season as seen from space this morning. Tropical Depression Gordon, Major Hurricane Florence, and Olivia. #weather #space #hurricanes ____ https://t.co/E4SIoN4S5J",
@Cooperwx17 Yep Florence is gonna be a big storm surge threat because of the large size of the storm possibly up to 8-10 feet in the east coast.,,#HurricaneFlorence will on her NNW track but stay out in the Atlantic with no threat to the US.  This is the first Atlantic hurricane wince Chris on July 12th! https://t.co/mAN8tkAWAd,,,,,,,,Category-2 Hurricane Florence forms in the Atlantic Ocean on a path toward Bermuda. -@AP,
A lot of questions about #Florence but for sure Florence will NOT be a category 6,,@Florenc63403140 What category is Florence?,,,,,,,,#BREAKING: Category-2 Hurricane Florence forms in the Atlantic Ocean on a path toward Bermuda.,
"While watching #hurricaneFlorence, remember that devastating storms the last two years have not been ""major."" We're inadequately prepared for major hurricanes, as we will be next year, unless we elect officials who will protect us now. https://t.co/b771f55P5F #scpol #chswx",,"2:25 PM 9/5/2018 And just like that we now have Hurricane Florence spinning out in the Atlantic.

Florence now becomes the third hurricane of the Atlantic for the Atlanctic season. Right now it... https://t.co/shu2Tsu5Nh",,,,,,,,Tropical Storm Gordon and Hurricane Florence both pose threats. https://t.co/LM6WtVm7Hn,
North Eastern Prevailing Winds Circumvent With High North By Northwest Winds create a Circulating Vent To BRING ABOUT Dry Air To Interject Midatlantic #HurricaneFlorence That Has Already… https://t.co/bHYX1cKIWC,,We now have #HurricaneFlorence. No threat to land as of now as it stays far out in the east Atlantic. https://t.co/j9unJezJuU #tropical https://t.co/HbfmwnMyrW https://t.co/relBsBLWjW,,,,,,,,Tropical Storm Gordon and Hurricane Florence both pose threats. https://t.co/Pl0b0nMVmC,
"My namesake Gordon is moving wnw, with max winds of 65 mph with cloud pattern indicative of moderate westerly wind shear.  Main threat heavy rain &amp; flooding and 2nd Storm Surge.  Will become Hurricane Gordon later today. Don’t forget about Florence!  #knowyourtropicalweather",,"In addition to Tropical Storm Gordon in the Gulf and Hurricane Florence in the central Atlantic, we are watching a broad area of low pressure to the south of the Cabo Verde Islands.  This system has a high chance for development in the next 5 days. #Flwx #FloridaKeys #KeyWest https://t.co/kQWuUQqDcS",,,,,,,,Tropical Storm Gordon and Hurricane Florence both pose threats. https://t.co/DkJWynGbDp,
"Watch the model for Hurricane Florence, and 3 others developing. Please share. https://t.co/v2qxbLuchZ",,"Hurricane Florence forms far out over Atlantic, poses no immediate threat to land https://t.co/bJqdf68aw5 https://t.co/beR1gJioLV",,,,,,,,Tropical Storm Gordon and Hurricane Florence both pose threats. https://t.co/2J1NSE4mXv,
"Looks like we will have Hurricane Florence at 11 AM. Storm should weaken a bit tomorrow thanks to some wind shear. Given how strong the storm is currently, I think it’s safe to say the Euro And CMC are too weak with it. After that is the real tossup, but I think this one is OTS. https://t.co/40jJZ6fWgi",,Where is Tropical Storm Gordon and Hurricane Florence? https://t.co/GVRa2325lG https://t.co/WmBQz56R58,,,,,,,,Tropical Storm Gordon and Hurricane Florence both pose threats. https://t.co/ZIUss2W3Nd,
Tropical Storm Gordon threatens to make landfall as a predicted category 1 hurricane over the central Gulf coast today. Tropical Storm Florence is being watched as it could get close to the coast of the eastern U.S. Click to see how to weather the storm! https://t.co/zNXvBQXTsH https://t.co/6oVepJwiBn,,Tropical Storm #Gordon is making a move towards the Gulf Coast; but a bit more concerning is just where #HurricaneFlorence will be in a week's time as it moves across the Atlantic; .@FOX61News' @RachelFrank_CT will have the latest on both systems tonight starting at 4pm. https://t.co/SUJmB7SPNL,,,,,,,,"BREAKING: Forecasters: Florence is now a major hurricane, category 3 with 120 mph winds, moving in the Atlantic toward Bermuda.",
I liked a @YouTube video https://t.co/zdVQDqtD3m *OFFICIAL* HURRICANE WATCHES For GULF TROPICAL STORM GORDON - HURRICANE FLORENCE,,Here's the latest on Hurricane Florence that we are tracking. Stay updated by clicking on https://t.co/kBGR4eyf3e and looking in the HURRICANE SEASON 2018 section. #ecarwx https://t.co/mOyC82aZkW,,,,,,,,"#BreakingNews Forecasters: Florence is now a major hurricane, category 3 with 120 mph winds, moving in the Atlantic toward Bermuda. -- The Associated Press",
Hurricane #Florence ADVISORY 21 issued. #Florence becomes the third hurricane of the atlantic season https://t.co/qexiAr0CXN,,Hurricane Florence Update Statement https://t.co/1Nk9PjXxbu,,,,,,,,"MIAMI (AP) -- Forecasters: Florence is now a major hurricane, category 3 with 120 mph winds, moving in the Atlantic toward Bermuda. #fox5dc",
Hurricane #Florence Advisory 21: Florence Becomes the Third Hurricane of the Atlantic Season. https://t.co/VqHn0uj6EM,,Hurricane Florence Update Statement https://t.co/caaiKQZhHd - snhqweather,,,,,,,,"Forecasters: Florence is now a major hurricane, category 3 with 120 mph winds, moving in the Atlantic toward Bermuda. | via @AP",
Storm Upgraded:Tropical Storm #FLORENCE to Cat 1 Hurricane #FLORENCE 19.7N 42.5W Wind 75MPH Moving WNW at 12 MPH https://t.co/K1AytDmebq,,UK weather sees Hurricane Florence threaten Britain with 65mph winds and heavy rain as tropical ... https://t.co/XRoArVEhrh #doctorsjobsnz #weloveUKGPs,,,,,,,,"Forecasters: Florence is now a major hurricane, category 3 with 120 mph winds, moving in the Atlantic toward Bermuda. -@AP",
Hurricane Florence Public Advisory Number 21 https://t.co/4Srojl3ZAT,,Tracking the Tropics: NHC: Hurricane #Florence Update: Florence continuing to strengthen and now has maximum winds of 85 mph.  The increase in intensity will be accounted for in the 5 PM AST advisory. https://t.co/apaaPx6QQ6,,,,,,,,"#BREAKING MIAMI (AP) -- Forecasters: Florence is now a major hurricane, category 3 with 120 mph winds, moving in the Atlantic toward Bermuda. #fox5atl #fox5storm",
Hurricane Florence Forecast Advisory Number 21 https://t.co/I0ozhADyFm,,"NEW: Hurricane #Florence continues to strengthen in the Atlantic, with maximum sustained winds now up to 85 mph. All interests in Bermuda should monitor this system: https://t.co/PPllwNLtXT https://t.co/uu3IK2Crej",,,,,,,,"MIAMI (AP) - Forecasters: Florence is now a major hurricane, category 3 with 120 mph winds, moving in the Atlantic toward Bermuda.",
"Summary for Hurricane Florence (AT1/AL062018) https://t.co/tMmaax3V05 
  ...FLORENCE BECOMES THE THIRD HURRICANE OF THE ATLANTIC SEASON... ...NO THREAT TO LAND THROUGH THE WEEKEND...
 As of 11:00 AM AST Tue Sep 4
 the center of Florence was located near 19.7, -42.5
 with moveme…",,"NEW: Hurricane #Florence continues to strengthen in the Atlantic, with maximum sustained winds now up to 85 mph. All interests in Bermuda should monitor this system: https://t.co/MgKayd07kA https://t.co/N5K6BlN0m7",,,,,,,,#Florence has reached Category 3 status as it ascends west/northwest through the tropical Atlantic! @WPBF25News https://t.co/XXPBZZvf9p,
_NOAA HURRICANE CENTER Atlantic_Hurricane Florence Forecast Advisory Number 21 https://t.co/EFsQBQipuR,,"NEW: Hurricane #Florence continues to strengthen in the Atlantic, with maximum sustained winds now up to 85 mph. All interests in Bermuda should monitor this system: https://t.co/GUV76oRfO1 https://t.co/zjZVn4PCvo",,,,,,,,"BREAKING: Tropical storm Florence is now a major hurricane, category 3 with 120 mph winds, moving in the Atlantic toward Bermuda. #HurricaneFlorence",
_NOAA HURRICANE CENTER Atlantic_Hurricane Florence Forecast Discussion Number 21 https://t.co/VuDv93NAjy,,Where is Hurricane Florence headed in the Atlantic?: https://t.co/Ijw7jnFlUC via @AOL,,,,,,,,"#BREAKING: Forecasters: Florence is now a major hurricane, category 3 with 120 mph winds, moving in the Atlantic toward Bermuda.",
_NOAA HURRICANE CENTER Atlantic_Hurricane Florence Wind Speed Probabilities Number 21 https://t.co/9Wqlj8BVmV,,Hurricane Florence gains strength in the Atlantic with a max. sustained wind speed up to 85 mph.  A more northerly turn is expected this weekend.  #chswx https://t.co/c3qNwokl53,,,,,,,,"MIAMI (AP) - Forecasters: Florence is now a major hurricane, category 3 with 120 mph winds, moving in the Atlantic toward Bermuda.",
_NOAA HURRICANE CENTER Atlantic_Summary for Hurricane Florence (AT1/AL062018) https://t.co/LS3TRgU4GZ,,"If you ignored this before, time to get serious. #HurricaneGordon #HurricaneFlorence #Florida https://t.co/jSZoaRisBZ",,,,,,,,"RT AP: BREAKING: Forecasters: Florence is now a major hurricane, category 3 with 120 mph winds, moving in the Atlantic toward Bermuda. #losangeles #News #RMRealtor #KTLA",
_NOAA HURRICANE CENTER Atlantic_Hurricane Florence Public Advisory Number 21 https://t.co/LS3TRgU4GZ,,#HurricaneFlorence looking decent this evening in the open #Atlantic ocean https://t.co/yGwXjGPgNO,,,,,,,,Category-2 Hurricane Florence forms in the Atlantic Ocean on a path toward Bermuda https://t.co/j5fiuzAcPP,
Hurricane Florence Wind Speed Probabilities Number 21 https://t.co/8oHqnKQlfE,,Hurricane #Florence Becomes the Third Hurricane of the Atlantic Season https://t.co/sSfRqSFoAL,,,,,,,,Remains of Gordon to produce heavy rainfall next several days...Florence now a cat 3 hurricane remains a threat to the east coast mid-to-late next week... extended video focuses on TD Gordon and Hurricane Florence and the threat to the east coast: https://t.co/w0YIF86WaW,
Hurricane Florence Graphics https://t.co/qNLF8T4jM2,,"Hurricane #Florence will continue on a west northwest track for the next several days. After that the question is where does the storm go? Latest guidance continues to indicate a re-curve, hopefully well southeast of Newfoundland. #nlwx https://t.co/NizFyoc6oM",,,,,,,,"MIAMI (AP) - Forecasters: Florence is now a major hurricane, category 3 with 120 mph winds, moving in the Atlantic toward Bermuda.",
Hurricane Florence Forecast Advisory Number 21 https://t.co/wvYp5ycyxQ,,Hurricane Season 2018: Hurricane #Florence Update: Florence continuing to strengthen and now has maximum winds of 8… https://t.co/a5ocbLvOi7 https://t.co/QiJzYGmOwk,,,,,,,,Just in to the newsroom Hurricane Florence becomes the first category 3 Hurricane of the 2018 hurricane season. https://t.co/zvkEhlXw4n,
Hurricane Florence Graphics https://t.co/jAqxIA0r5a,,How was you the first day back at #school in #NB?  Some students in #NS and #NL are heading back to school tomorrow...I have a detailed #weather forecast for you as well as the latest on #hurricane #Florence and a look ahead to the weekend forecast here: https://t.co/QkTp3VbJ5I https://t.co/ndx1buqGe2,,,,,,,,"Florence is now a major hurricane, category 3 with 120 mph winds https://t.co/fsvoERjnKe https://t.co/QQoHEaujFq",
Summary for Hurricane Florence (AT1/AL062018) https://t.co/iXOixJJWJ3,,Hurricane Florence Could Hit The Carolinas Next Week https://t.co/RlrHcZAJjf,,,,,,,,"Hurricane Florence becomes category 3, on path toward Bermuda https://t.co/HV2C3dOPOJ",
Hurricane Florence Wind Speed Probabilities Number 21 https://t.co/cOrrTGyIyH,,Tropical Storm Florence is now Hurricane Florence https://t.co/mu63xKbn2E https://t.co/IkiyiSDpsP,,,,,,,,"(AP) - Forecasters: Florence is now a major hurricane, category 3 with 120 mph winds, moving in the Atlantic toward Bermuda.",
Hurricane Florence Public Advisory Number 21 https://t.co/iXOixJJWJ3,,From P&amp;C: Hurricane Florence hits 85 mph winds as two more storms appear forming to head east https://t.co/vlvurGjv7m #chsnews,,,,,,,,"If there is another Hurricane in Florida, I'm getting the F out of here. #HurricaneFlorence",
Hurricane Florence Forecast Advisory Number 21 https://t.co/e54ro6KFMa,,"Next storm in pipeline is Hurricane Florence, and more are expected to follow https://t.co/7gMgxwO7bp https://t.co/vWq64VKeQ6",,,,,,,,"Hurricane #Florence Update: 
#Florence becomes the first major hurricane of the 2018 Atlantic hurricane season.
https://t.co/M1zRLl4r06 https://t.co/M0ekMgjzqW",
Hurricane Florence - North Atlantic https://t.co/rAMTiIdjaK,,"Next storm in pipeline is Hurricane Florence, and more are expected to follow https://t.co/hXTWyoc5yj https://t.co/5GtTdzikgS",,,,,,,,"JUST IN: Florence is now a major hurricane, category 3 with 120 mph winds, moving in the Atlantic toward Bermuda -@AP",
Here is the latest track from @NWSNHC @WLTX on Hurricane #Florence https://t.co/g5dYIvNBTD,,"Hurricane Florence next storm in the pipeline, and more are expected to follow https://t.co/JUY3iD6FnX https://t.co/z11ZAu8e6Q",,,,,,,,"5 Sept 2018 - The sun rises across an active Atlantic Basin, with Major Hurricane #Florence the focal point. Two areas of organized activity linger to the southeast of #Florence, likely to become named storms within the next few days. The remnants of #Gordon are also visible. https://t.co/GtzWwf7eKy",
Newest tropical track from #NHC: Hurricane Florence Graphics https://t.co/ckSHcb7ENC,,"Hurricane Florence next storm in the pipeline, and more are expected to follow https://t.co/TtmVsiFNes https://t.co/IfXAvx5x8s",,,,,,,,"#BREAKING: Forecasters: Florence is now a major hurricane, category 3 with 120 mph winds, moving in the Atlantic toward Bermuda. - AP https://t.co/NgmDDC4kog",
"Hurricane Florence 5-Day Track, Uncertainty Cone, Warnings (.shp) https://t.co/qGrI2M2zGs GIS Data last updated Tue, 04 Sep 2018 14:39:02 GMT",,"Hurricane Florence next storm in the pipeline, and more are expected to follow https://t.co/C7mwH1YQWk",,,,,,,,"#Florence has become the first major hurricane of the Atlantic season as it moves on a path that could take it toward #Bermuda.

The Category 3 hurricane's maximum sustained winds Wednesday morning are estimated... https://t.co/xZXAlDJ6LS",
"FLORENCE NOW HURRICANE

Florence has strengthned to a Catergory 1 hurricane. Upper-level winds should weaken the storm before it re-strengthens again. There's high confidence the system will turn more to the north late in the weekend. https://t.co/3iijOPxtaX",,"The latest ECMWF update shows the most likely track (ensemble mean/black line) for Hurricane Florence remains at sea.

However, a handful of members still show an impact for the Southeast U.S., which is why no definitive claims can be made just yet! https://t.co/htsDfF0Uqm",,,,,,,,Florence now a category 3 hurricane in the Atlantic https://t.co/CBDvqPHEF1,
Hurricane Florence is the third hurricane in the Atlantic for the 2018 season. Sustained winds currently at 75 mph. This storm will not impact South Florida. She is still on track to turn north. https://t.co/7ml68FWQlH,,Welcome #hurricane #Florence https://t.co/Gr8mHdXnim,,,,,,,,The view of Hurricane Florence as the sun rose over the Atlantic this morning. Florence is now a Category 3 Hurricane with winds of 120 mph. #Florence #HurricaneFlorence #tropics #GOES16 #GOESEast https://t.co/OkTPTgf0Ci,
"FLORENCE NOW HURRICANE

Florence has strengthened to a Catergory 1 hurricane. Upper-level winds should weaken the storm before it re-strengthens again. There's high confidence the system will turn more to the north late in the weekend. https://t.co/0wCtjjMlSw",,"Hurricane #Florence is now packing max sustained winds of 75 MPH, as it continues to track WNW over the next 5 days. Latest statement: https://t.co/7ORPbDPqWy https://t.co/hqNwhq8WOY",,,,,,,,"MIAMI (AP) — Forecasters: Florence is now a major hurricane, category 3 with 120 mph winds, moving in the Atlantic toward Bermuda. @AP @NOAA",
"FLORENCE NOW HURRICANE

Florence has strengthened to a Catergory 1 hurricane. Upper-level winds should weaken the storm before it re-strengthens again. There's high confidence the system will turn more to the north late in the weekend. https://t.co/ZXXditx8Oq",,Hurricane #Florence ADVISORY 22 issued. #Florence stronger than anticipated https://t.co/sx3pkQmTL3,,,,,,,,DEVELOPING: Category 3 #Florence becomes first major hurricane of Atlantic season https://t.co/R6ysFzqv9u,
Hurricane Florence Public Advisory Number 21 https://t.co/GYQfXjBkQd,,"RT NHC_Atlantic ""Hurricane #Florence Advisory 22: Florence Stronger Than Anticipated. Still No Threat to Land Through the Weekend. https://t.co/KmT9H1UCk9""",,,,,,,,#HURRICANE Florence becomes first major storm of 2018 Atlantic season https://t.co/gPQ4fNYpNI #GPWX,
"JUST IN | HURRICANE FLORENCE__: #Florence becomes the 3rd hurricane of the season. 

(Tropical Storm Gordon aims for northern Gulf landfall tonight: https://t.co/tlgEyoerfF) https://t.co/v2K7ph4eoQ",,Here's the latest on Hurricane Florence that we are tracking. Stay updated by clicking on https://t.co/FHN2k2TDbr and looking in the HURRICANE SEASON 2018 section. #ecarwx https://t.co/WuIaMZEHjJ,,,,,,,,"HURRICANE FLORENCE strengthens to Category 3, becoming first major hurricane of Atlantic season
https://t.co/tvzm8BYHlg https://t.co/HsWdXvxIee",
Hurricane Florence Forecast Discussion Number 21 https://t.co/hEf8mrqkmZ - snhqweather,,Here's the latest on Hurricane Florence that we are tracking. Stay updated by clicking on https://t.co/utT5h4pktP and looking in the HURRICANE SEASON 2018 section. #ecarwx https://t.co/EVZHVLCTwt,,,,,,,,"#FLORENCE becomes a major category 3 hurricane with winds of 120 mph, the first of the season.  It still remains no threat to the #Caribbean.  #Bermuda on the other hand should closely monitor the progress of this system.  

Until next time remember... https://t.co/A0sl9PTtHe",
Hurricane Florence Wind Speed Probabilities Number 21 https://t.co/nEp6NJoHyq - snhqweather,,Here's the latest on Hurricane Florence that we are tracking. Stay updated by clicking on https://t.co/kBGR4eyf3e and looking in the HURRICANE SEASON 2018 section. #ecarwx https://t.co/65hBVfBzgI,,,,,,,,"HURRICANE FLORENCE strengthens to Category 3, becoming first major hurricane of Atlantic season https://t.co/5jxqga1Mkc https://t.co/oIgrrzzx23 - @abc13houston",
Hurricane Florence Graphics https://t.co/TNoJMvQMeB #ek3tech #ilovejax #stormwatch,,Hurricane Florence Graphics https://t.co/b82NdSmyce,,,,,,,,"BREAKING: Florence becomes first major hurricane of 2018 season       
 
Read more here -&gt; https://t.co/7GeI2FJEPj
Tropical cyclone #Bermuda #Hurricane Florence (2006) https://t.co/Yevtmebzf3",
Hurricane Florence Forecast Discussion Number 21 https://t.co/udOr4oXLge #ek3tech #ilovejax #stormwatch,,Hurricane Florence Public Advisory Number 22 https://t.co/LvMsrr8Hlj,,,,,,,,"JUST IN: Hurricane #Florence strengthens to Category 3 storm, becomes first major hurricane of Atlantic season: https://t.co/rhWEIKFLNX",
Hurricane Florence Public Advisory Number 21 https://t.co/1WvXDemAaa #ek3tech #ilovejax #stormwatch,,Hurricane Florence Graphics https://t.co/8ibB5TMUEx,,,,,,,,* US to keep a wary eye on Hurricane Florence as two other tropical waves develop  Tampa Bay Times * UK weather forecast: #TropicalStorm Florence threatens Britain with gusts of 65mph  https://t.co/TPLUXgYh2I * Gordon weakens… https://t.co/SIdgauc7Xk via https://t.co/nitEnWQLIQ https://t.co/MN0nwtNnFX,
Hurricane Florence Forecast Advisory Number 21 https://t.co/U9lCiZJk5b #ek3tech #ilovejax #stormwatch,,Hurricane Florence Forecast Discussion Number 22 https://t.co/tX5brzXwCa,,,,,,,,Here is the latest update on #HurricaneFlorence. It has now been upgraded to Category 3 hurricane which make it the first major hurricane of the 2018 season. #TropicalUpdate https://t.co/BgJyS6bgOQ,
"HURRICANE FLORENCE

#Florence upgraded to a Cat. 1 #hurricane. Staying away from land through the rest of the week, but something to keep an eye on next week. https://t.co/TdIYTw0vsU",,Hurricane Florence Public Advisory Number 22 https://t.co/q6ypmaR1Xo,,,,,,,,__ #Hurricane #Florence is the first major storm of the 2018 Atlantic hurricane season. Now a category 3 storm with winds of 120 MPH. Florence may get close to  #Bermuda early next week! https://t.co/HygG7wrHO7,
"UPDATE: We now have HURRICANE #Florence. Still looks like this one will stay out to sea. But, we will be closely watching thru next week https://t.co/sDFMY6gqtr",,Hurricane Florence Graphics https://t.co/914WgdRSl6 - snhqweather,,,,,,,,"#HurricaneFlorence Advisory Number 19
Max Sustained Winds: 120mph
Strength: C3
MSLP: 961mb
Florence becomes a major hurricane, first of the 2018 Atlantic Hurricane Season... https://t.co/1zWLa8Umx7",
Hurricane Florence Public Advisory Number 21 https://t.co/IzNQYy7KyK,,Hurricane Florence Forecast Advisory Number 22 https://t.co/oaa6fL4sIJ - snhqweather,,,,,,,,Category 3 Florence becomes first major hurricane of Atlantic season https://t.co/rKpGCjSxde,
"#HurricaneFlorence Advisory Number 15
Max Sustained Winds: 75mph
Strength: C1
MSLP: 990mb
Florence becomes the third hurricane of the Atlantic season, no threat to land through the weekend... https://t.co/N6nsy46r8F",,Hurricane Florence Forecast Discussion Number 22 https://t.co/EYFu6ol5Uv - snhqweather,,,,,,,,"Hurricane Florence is now a Category 3, making it the first major hurricane of the season in the Atlantic. https://t.co/rmhbkfwoS4",
From NHC_Atlantic: (@NHC_Atlantic)Hurricane #Florence Advisory 21: Florence Becomes the Third Hurricane of the Atlantic Season. https://t.co/clVtdyU0M7,,Newest tropical track from #NHC: Hurricane Florence Graphics https://t.co/W0UlthRYYI,,,,,,,,"Hurricane Florence is now a Category 3, making it the first major hurricane of the season in the Atlantic. https://t.co/AKOJhPHlfR",
"Hoping that #HurricaneFlorence stays to the north. If it does head our way, it could hit a couple of weeks from now. Keep an eye on this one and follow @EngelWX, @NWSMoreheadCity, and @ECUWxSTEM for Eastern NC and ECU weather-related updates! https://t.co/kM9xb5RGje",,"Hurricane Florence Information by ATCF XML Prototype https://t.co/56hgXyAENo Issued at  Tue, 04 Sep 2018 20:31:33 GMT. This is only a prototype and the file format may change without notice.",,,,,,,,Tropical Storm Gordon and Hurricane Florence both pose threats. https://t.co/KjQgjFi7c7,
"11AM forecast track for #HurricaneFlorence located 1,270 miles ENE of the Lesser Antilles moving WNW at 12 mph with max sustained winds of 75 mph. #Florence is forecast to weaken to a Tropical Storm late week and could restrengthen this weekend @CBSMiami https://t.co/SEN4xx2Pmf",,"Hurricane Florence Best Track Information (.kmz) https://t.co/TI9VxmYD3K GIS Data last updated Tue, 04 Sep 2018 20:34:41 GMT",,,,,,,,"Hurricane Florence Tropical Cyclone Update
NWS National Hurricane Center Miami FL       AL062018
835 AM AST Wed Sep 05 2018

...FLORENCE BECOMES A MAJOR HURRICANE...
...FIRST OF THE 2018 ATLANTIC HURRICANE... https://t.co/YACxuYHXza",
"Hurricane #Florence is 2454 miles ESE of Raleigh, moving WNW at 12 mph. Max winds 75 mph (Cat 1). https://t.co/c7HEB2ULdi #ncwx",,"Hurricane Florence 5-Day Track, Uncertainty Cone, Warnings (.shp) https://t.co/qGrI2M2zGs GIS Data last updated Tue, 04 Sep 2018 20:34:09 GMT",,,,,,,,"Hurricane #Florence becomes the first MAJOR Hurricane of the Atlantic Season! #Florence is a Category 3 Hurricane located 1,405 miles ESE of Bermuda moving WNW at 10 mph with max sustained winds of 120 mph. @CBSMiami #CBS4 https://t.co/0lnvKYuZ2C",
Florence Becomes Third Hurricane of Atlantic Season:  https://t.co/SjXmBDBMjh #HurricaneFlorence https://t.co/ixoEtaiaZi,,"Hurricane Florence Best Track Information (.shp) https://t.co/aDuZP5QLao GIS Data last updated Tue, 04 Sep 2018 20:34:41 GMT",,,,,,,,Surf potential increases for East Coast &amp; Caribbean as #Florence intensifies to Cat 3 major hurricane in Atlantic. MORE: https://t.co/qdX4KgTMaV https://t.co/1kY1C4f07p,
Here's the latest on Hurricane Florence that we are tracking. Stay updated by clicking on https://t.co/FHN2k2TDbr and looking in the HURRICANE SEASON 2018 section. #ecarwx https://t.co/rEtJmU1dz6,,Hurricane Florence Wind Speed Probabilities Number 22 https://t.co/t5UVz1xIEq Issued at 2100 UTC TUE SEP 04 2018,,,,,,,,Hurricane Florence Forecast Discussion Number 25 https://t.co/N4BzYARWlv #ek3tech #ilovejax #stormwatch,
Here's the latest on Hurricane Florence that we are tracking. Stay updated by clicking on https://t.co/utT5h4pktP and looking in the HURRICANE SEASON 2018 section. #ecarwx https://t.co/7CR9s8Hzey,,Hurricane Florence Forecast Advisory Number 22 https://t.co/dEBWRihIxu Issued at 2100 UTC TUE SEP 04 2018,,,,,,,,"#FLORENCE NOW MAJOR HURRICANE / CATEGORY 3

Latest update from @NHC_Atlantic pegs max sustained winds around Florence's centre at 205 km/h. The storm is now a category 3 and is moving to the northwest at 20 km/h. Central Pressure is down to 957 hPa. 

#nlwx https://t.co/QC37yiW7fe",
Here's the latest on Hurricane Florence that we are tracking. Stay updated by clicking on https://t.co/kBGR4eyf3e and looking in the HURRICANE SEASON 2018 section. #ecarwx https://t.co/0Nn1uOCGvW,,Here's the latest on Hurricane #Florence in the Atlantic Ocean. Storm continues to track WNW. https://t.co/SCmrW2hgj3,,,,,,,,Here's the forecast track for Category 3 Hurricane #Florence forecast to move WNW &amp; weaken to a category 2 this weekend. Folks in Bermuda &amp; along East coast will need to monitor closely Watch @CBSMiami at NOON for more details #CBS4 https://t.co/oLeIzJUwzj,
Here's the latest on Hurricane Florence that we are tracking. Stay updated by clicking on https://t.co/FSH3Vgh6pX and looking in the HURRICANE SEASON 2018 section. #ecarwx https://t.co/BWkmuN7Tqj,,"Hurricane #Florence is 2393 miles ESE of Raleigh, moving WNW at 12 mph. Max winds 85 mph (Cat 1). https://t.co/c7HEB2ULdi #ncwx",,,,,,,,#weatherUpdate RT @NHC_Atlantic: Hurricane #Florence Advisory 25: Florence Flourishing in the Face of Southwesterly Shear. https://t.co/VJwAnaQWr0,
Where is #HURRICANE Florence headed in the Atlantic? https://t.co/jFgwb7t3T3,,Hurricane Florence Forecast Discussion Number 22 https://t.co/zBE3953P03 #ek3tech #ilovejax #stormwatch,,,,,,,,At 11am Hurricane Florence is still a major hurricane (Category 3) with slightly stronger winds at 125mph.  It is moving to the NW at 13mph. There is concern about the track and the implications for #RVA and the east coast. Details on @8NEWS at noon and at https://t.co/c3eI8gEnZt https://t.co/rz4LfcdA8B,
Hurricane Florence Graphics https://t.co/0qcPXZ6dG0,,Here's the latest on Hurricane #Florence in the Atlantic Ocean. Storm continues to track WNW. https://t.co/SoyOGoL8S9,,,,,,,,"11 AM Advisory on Hurricane #Florence 
#Florence is now a Category 3 storm with sustained winds of 125 mph.. 
Florence will  move through the Atlantic.. Lots of questions on where Florence will go in the long term.. Does it find an escape route, or move towards the East Coast. https://t.co/34Sn3v9tca",
UK warned of tornado threat as Storm Florence bears down - https://t.co/rUiT3q1wIh https://t.co/Q8F19MnVMg https://t.co/UIhnX61AUo,,Hurricane #Florence has 85 mph sustained winds at 5 p.m. Tuesday. No immediate threat to land. #nhc #ILMwx https://t.co/ipOPxA6Zm9,,,,,,,,"HURRICANE FLORENCE UP TO 125 MPH
Hurricane Florence continues to defy all computer models by continuing to undergo intensification over the last 24 hours. Max winds are up to 125 mph! This storm will still be over 1000 miles from the US by early next week! https://t.co/qqAE56tGnV",
Hurricane Florence: Florence strengthens to Category 1 far from land https://t.co/KXwYfNrigf,,Hurricane Florence Forecast Discussion Number 22 https://t.co/y7ZFeSpspJ,,,,,,,,The latest! #Florence is now a major #hurricane ____ https://t.co/AzMK0qiiJE,
"A neat fact on what is now #Hurricane #Florence! Thanks for sharing, @philklotzbach! @alexgarcia_wx @robperillo @MargaretOrr @MJVentrice @SteveMacNBC6 @SurfnWeatherman @WeatherErik @DrRickKnabb https://t.co/rH0pEdih6W",,"5PM NHC UPDATE: Hurricane #Florence remains at hurricane strength with maximum sustained winds of 85MPH and a minimum pressure of 984MB. She is moving WNW at 12MPH.

Florence will not be a threat to land through the weekend. https://t.co/FLTVlBfQwI",,,,,,,,Somebody got a good nights sleep... #Florence is now the first major hurricane of the 2018 Atantic season with maximum sustained winds of 125 mph. It will be fun to track over the next week. https://t.co/7lXaFrXxQ6,
"Ladies &amp; Gentleman, 
We have our 3rd hurricane of the 2018 Atlantic Hurricane Seaon.

Say hello to a category 1 Hurricane #Florence!

@nbc6 https://t.co/8N9h5MMrh5",,Hurricane Florence Public Advisory Number 22 https://t.co/mD1n80vlBx,,,,,,,,"We have the first major #hurricane of 2018, but it's still too early to tell where exactly  #HurricaneFlorence will head. https://t.co/VPDitai68P",
#BREAKING: We now have our 3rd named #Atlantic hurricane of 2018. #Florence has strengthened to a Category 1 storm with sustained winds of 75mph. No immediate threat to land. #tropics https://t.co/45GXbSY9Do,,Hurricane Florence Forecast Advisory Number 22 https://t.co/mVZBGkqwNh,,,,,,,,"HURRICANE FLORENCE UP TO 125 MPH
Hurricane Florence continues to defy all computer models by continuing to undergo intensification over the last 24 hours. Max winds are up to 125 mph! This storm will still be over 1000 miles from the US by early next week! https://t.co/OMRBYAHqJW",
Tropical Storm Florence becomes Hurricane Florence https://t.co/DNYrh5FLBm https://t.co/cEepyEu1o8,,Hurricane Florence - North Atlantic https://t.co/ZxbMo2i3Sr,,,,,,,,"HURRICANE FLORENCE UP TO 125 MPH
Hurricane Florence continues to defy all computer models by continuing to undergo intensification over the last 24 hours. Max winds are up to 125 mph! This storm will still be over 1000 miles from the US by early next week! https://t.co/BSYWwYgrlE",
"#florence has been upgraded to a category 1 hurricane in the atlantic, and #norman has been downgraded to a category 1 hurricane in the pacific. __",,RT via .NHC_Atlantic: Hurricane #Florence Advisory 22: Florence Stronger Than Anticipated. Still No Threat to Land Through the Weekend. https://t.co/ChokS5Mnv8 #HurricaneSeason,,,,,,,,Category 3 Florence becomes first major hurricane of Atlantic season https://t.co/v9F8YZivzd,
Hurricane Florence Winds Have Increased to 75MPH https://t.co/STznfBy05r,,Hurricane Florence Graphics https://t.co/QrDpoKYoM6,,,,,,,,"Ashley Batey Meteorologist

Here is the 11 a.m. update on the tropics.

#Gordon is weakening as it moves inland.

Now we're monitoring Hurricane Florence, the first major hurricane of the 2018 season. https://t.co/BGgZOD72WK",
We continue to monitor #hurricane #Florence and will keep you posted.  Bottom line... has a chance to turn out to sea but needs to be watched should it move more west and get trapped under a big ridge.  @Live5News https://t.co/OCsMxpk2aa,,_NOAA HURRICANE CENTER Atlantic_Hurricane Florence Wind Speed Probabilities Number 22 https://t.co/W7wAiYeUYH,,,,,,,,"Florence is nearing category 4 status. She is doing surprisingly well in the wind sheared waters. Did not expect this strength. It should weaken soon, before entering more sustainable waters again. Keeping an __ on this. #Florence",
Hurricane Florence Could Hit The Carolinas Next Week https://t.co/MaIiu2XNHM https://t.co/HtGAvkBGej,,_NOAA HURRICANE CENTER Atlantic_Hurricane Florence Graphics https://t.co/Q937qKAZni,,,,,,,,"Atlantic Ocean - NASA-NOAA's Suomi NPP Satellite Sees #Florence Strengthening into a Major Hurricane
NASA-NOAA's Suomi NPP passed over strengthening Hurricane Florence in the Atlantic Ocean and observed powerful thunderstorms within a more organized storm.
https://t.co/renMUYjqf7 https://t.co/Pbizkar6xX",
"Florence is now a Category 1 Hurricane. Looks like it's a fish storm #amiright? Not so fast, the 12Z EURO had a direct landfall in the Carolinas as of yesterday. Most likely a recurve gotta watch closely. Details on the tropics here: https://t.co/eXXFjw8uoT @weathernetwork https://t.co/S1M7hxRA7s",,_NOAA HURRICANE CENTER Atlantic_Hurricane Florence Forecast Advisory Number 22 https://t.co/cvxZOl118a,,,,,,,,US to keep a wary eye on #Hurricane #Florence as two other tropical waves develop https://t.co/XeSQAxgNYO,
"#Florence is now a category 1 #Hurricane , heading north-northwest #TropicalStormGordon is approaching the Gulf Coast and on the way to a Category 1 hurricane
#StormDepression #Helene becomes stronger, forms a #TropicalStorm with direction west-northwest
https://t.co/av8JMOdxEf https://t.co/0Rmvqv41JD",,_NOAA HURRICANE CENTER Atlantic_Hurricane Florence Public Advisory Number 22 https://t.co/YTsR7G04No,,,,,,,,Hurricane #Florence is now the first major hurricane of the 2018 Atlantic hurricane season. It's expected to remain a strong storm through early next week. #njwx #nywx https://t.co/n2rNnJkqOR,
Hurricane Florence Might Be Headed For Canada #Montreal #Quebec #Canada https://t.co/Ip6D9UKgY3,,Here's the latest on Hurricane Florence that we are tracking. Stay updated by clicking on https://t.co/FHN2k2TDbr and looking in the HURRICANE SEASON 2018 section. #ecarwx https://t.co/T0kkA3sVIB,,,,,,,,"Hurricane Florence has strengthened into a Cat 3 Hurricane with winds of 125 mph 

I posted a graph of the percentage long range impact areas — NC is 30% — Norfolk is 27% 

Visible Satellite imagery with Florence",
Hurricane #Florence has formed in the #Atlantic making it the 3rd hurricane of the season. Movement is to the WNW at 12 mph. https://t.co/JYx9w7AxJW,,Here's the latest on Hurricane Florence that we are tracking. Stay updated by clicking on https://t.co/kBGR4eyf3e and looking in the HURRICANE SEASON 2018 section. #ecarwx https://t.co/Ke1mgdkzBY,,,,,,,,"__ BREAKING:
 __ Hurricane #Florence Now
 __ is a MAJOR Hurricane #WindMapApp https://t.co/l4Z1oeNpwT https://t.co/nvQsFruWQf",
"Florence becomes 3rd Atlantic Hurricane of 2018...

336 
WTNT31 KNHC 041436
TCPAT1

BULLETIN
Hurricane Florence Advisory Number  21
NWS National Hurricane Center Miami FL       AL062018
1100 AM AST Tue Sep 04... https://t.co/zsEZFoDrK2",,Here's the latest on Hurricane Florence that we are tracking. Stay updated by clicking on https://t.co/FSH3Vgh6pX and looking in the HURRICANE SEASON 2018 section. #ecarwx https://t.co/XWI0FEXRjj,,,,,,,,FIRST ALERT: Florence strengthens to a major category 3 hurricane. https://t.co/JuJtUO6GoT,
"Right now, Hurricane Florence doesn't pose any threat to land: https://t.co/3gHJ7P9gmu",,"Hurricane Florence could come very close to the U.S. coast as a severe storm next week, recent computer forecasts predict.

https://t.co/SOFUFU8ChV",,,,,,,,#Florence is a major category 3 hurricane churning in the Mid-Atlantic Basin  moving northwest. A lot of uncertainty in forecast tracks at this time https://t.co/gkAYKsxqdF,
Hurricane Florence strengthens as Atlantic storm season heats up… https://t.co/D1iSqvx9gW ExcitingAds! Jersey,,Hurricane Florence Wind Speed Probabilities Number 22 https://t.co/1wavvNnTZJ,,,,,,,,"Hurricane Florence now a Category 3, still far from land https://t.co/Y79qC9J7mP https://t.co/Rl6ccGRIFt",
"EYE ON THE TROPICS: Gordon strengthens and could hit the Gulf Coast as a hurricane. Meanwhile, Hurricane Florence forms in the eastern Atlantic.
https://t.co/bbP2bmX5Mu",,"09/04/18 https://t.co/4N8FQf8EeQ Tropical Snapshot for #Hurricane #Florence and #Tropical Storm #Gordon.

Official info: https://t.co/ekux1fcIVS

#tropics #flwx #alwx #mswx #lawx https://t.co/m5rwbX8FiV",,,,,,,,FIRST ALERT: Florence strengthens to a major category 3 hurricane &gt;&gt; https://t.co/5gE0t30DL1 https://t.co/wANT3pceaw,
Robert Smith of Garden State Weather discusses an interesting scenario for Hurricane Florence by early next week. https://t.co/uCMfWbIgJg,,From NHC_Atlantic: (@NHC_Atlantic)Hurricane #Florence Advisory 22: Florence Stronger Than Anticipated. Still No Threat to Land Through the Weekend. https://t.co/clVtdyU0M7,,,,,,,,11 AM Update: Gordon continues to weaken over central Mississippi.  NHC is no longer issuing advisories on the storm.  Florence is now a category three hurricane with sustained winds of 125 mph.  Models are not in agreement for the eventual track of Florence. #FLwx #FloridaKeys https://t.co/lTIoPPZ0LT,
Coming up on CBS 4 Valley at Noon with me and @michellekgbt - we're closely monitoring the tropics with Tropical Storm #Gordon and Hurricane #Florence lurking in the Atlantic. Tune in for the latest details on channel 4 and https://t.co/sYhjH1PMV9. #RGVwx https://t.co/SVcEZAQdEE,,"In addition to T.S. Gordon, ""distant tropics"" show Hurricane Florence (mid-ocean) &amp; a strong tropical wave that's expected to develop.  Lots of time to follow these. https://t.co/aBBoYeAkHp",,,,,,,,11 AM Update: Gordon continues to weaken over central Mississippi. NHC is no longer issuing advisories on the storm. Florence is now a category three hurricane with sustained winds of 125 mph. Models are not in agreement for the eventual track of Florence. #FLwx #FloridaKeys…,
Hurricane Florence Projected Path: National Hurricane Center - https://t.co/HqZalDxNXg,,Hurricane Florence Forecast Discussion Number 22 https://t.co/3ny4lr7iBp,,,,,,,,11am #Florence Update - Florence is still a major hurricane with 125mph maximum sustained winds. We'll keep you updated on this system. @WFMY https://t.co/YxuLmT85Pz,
"___ #LALATE ___ #BREAKINGNEWS 
NEW TUES UPDATE!
#HurricaneFlorence Projected Path
LIVE! ____  https://t.co/zlaSFzpEoA
""Hurricane Florence"" 
#Florence ""Florence"" 
 11 https://t.co/gEtva8vOuW",,Here's a look at the Hurricane #Florence 5pm forecast track update recurving and coming close to Bermuda in 5 days. https://t.co/uk59K1ybzX,,,,,,,,"Tropical Outlook Update: Tropical Depression Gordon is currently 25 miles SE of Jackson, MS, traveling NW near 14 mph. Weakening is expected as it moves inland.
Hurricane Florence is currently about 1,210 miles ENE of the Northern Leeward Islands traveling NW at 13 mph. #ncwx https://t.co/vxHanSngOV",
"Most of ECMWF/GFS ensemble members keep #hurricaneFlorence away from US, but a few members from each run continue showing a threat next week. (Previous GFS ensemble had no members threatening US). Very complex forecast because of link between storm intensity &amp; steering flow. https://t.co/mp1l2xEHuY",,Hurricane FLORENCE It is over the open waters of the Atlantic Ocean.  Sustained winds are now at 85 mph.  It is forecast to remain about the same intensity over the next 5 days.  It will… https://t.co/S0NOgxkkiV,,,,,,,,"Atlantic Basin a bit active this AM! 1st #Gordon , downgraded to a Tropical Depression over Mississippi. 2nd, #HurricaneFlorence (Category 3 Max winds 125mph) moving northwestward through the Atlantic...watching closely..a possible U.S. East Coast threat by middle of next week. https://t.co/9rVj1MCMko",
"ATLANTIC

'#GORDON:' Doubt it will become a #Hurricane. Barely a #TS. Primary concern is flooding, especially as remnants move into already inundated Midwest.

'#FLORENCE:' Finaly a Hurricane. Still early to say on landfall. But, still unlikely.

#92L: Starting up. https://t.co/woxRJo1pxY",,.@Mike_Clay Here is the 5 pm TUE Advisory on Hurricane Florence out in the Atlantic. Something to watch in a week or so. #flwx https://t.co/lHu7tZordU,,,,,,,,"As the Gulf Coast says goodbye to #Gordon, we are tracking no less than 3 additional features in the tropics. #Florence is now a major hurricane &amp; 2 other systems near Africa are being monitored for potential development. #LAwx https://t.co/BGEORqRM67",
We are monitoring #Florence. She has strengthened into a Category 1 Hurricane and is now the third hurricane to form during the Atlantic season https://t.co/hpMniHreY3,,all i know is that if florence and the machine plays during hurricane florence that shit will cancel each other out and it’ll be a beautiful day with amazing music thanks to PEMDAS or some shit,,,,,,,,"And of course, there is Hurricane #Florence. 
Florence is a CAT 3, and the first major hurricane of the 2018 Atlantic hurricane season. 
We'll continue to watch. https://t.co/yIayOr64EL",
"#HURRICANE Florence Forecast, Path: Where Is Storm Going and When Will It Hit? https://t.co/xXGKvcS2Tn #GPWX",,"More about Hurricane Florence - the brand new set of forecast models all agree - she should stay well off-shore. Only one track comes anywhere near the east coast, and that well north of us. #whew https://t.co/MRjsMW7xy2",,,,,,,,"And of course, there is Hurricane #Florence. 
Florence is a CAT 3, and the first major hurricane of the 2018 Atlantic hurricane season. 
We'll continue to watch. https://t.co/ijTw3sjYVQ",
"1-2 punch: Gordon strengthens and could hit the Gulf Coast as a hurricane. Meanwhile, Hurricane Florence forms in the eastern Atlantic.
https://t.co/0WbTUtidBF",,HURRICANE FLORENCE: The storm is not expected to be a threat to the U.S. mainland over the next 5 days. Should be east of Bermuda on Sunday. #WLTX https://t.co/RhuCETKP5z,,,,,,,,"TROPICS UPDATE: Tropical Depression #Gordon is causing flash flooding in Alabama and the Florida panhandle and will continue to dump heavy rain over the next few days. As for #Florence, now a major Category 3 with a lot of uncertainty as to where it will head next week #nbcct https://t.co/eT08CiWPOV",
"It’s almost too bad Hurricane Florence won’t hit us, lol.",,The latest Tornado Daily! https://t.co/V5bf0mv2aC Thanks to @ryanvaughan @Channel8ABC @terryswails #gordon #florence,,,,,,,,"The tropics are alive! Tonight, the latest on Hurricane Florence and Tropical Depression Gordon.

Joining us: Meteorologist Kaitlin Wright, a UNC Charlotte graduate who covered Tropical Storm Gordon for... https://t.co/g4Cg53o5ko",
"FOX NEWS: Hurricane Florence forms far out over Atlantic, poses no immediate threat to land https://t.co/XMZ0k5RqbM https://t.co/dOhFC2I5da",,"Next storm in pipeline is Hurricane Florence, and more to follow #weather https://t.co/i1s2gnrE1z",,,,,,,,"Florence strengthens to Category 3 hurricane over the Atlantic https://t.co/y128DXGG86

#FirstWarn3 https://t.co/3lBk0aKIxK",
"After a quiet August we now have #Gordon making landfall in the Gulf, #hurricane #Florence in the Atlantic, and new tropical waves moving out of Africa - all the same week Veery are expected to begin crossing the Gulf - coincidence? I think not! __ https://t.co/7FQGdF92h7",,"If Hurricane Florence isn't our next weather maker, the wave off the coast of Africa will be! This wave has an 80% chance of becoming our next cyclone, Helene in the making @CBS12 https://t.co/eVibxT2l6q",,,,,,,,__ #BREAKING: __ Category-2 Hurricane Florence forms in the Atlantic Ocean on a path toward Bermuda: https://t.co/LaeFQosCAT a,
Helene and Isaac could be a bigger threat than Hurricane Florence unless Florence weakens to a tropical storm then gets deflected west under a ridge of high pressure (towards US East Coast). Many storms worth watching in the Atlantic. #92L #Florence #WaveTrain https://t.co/zAQoZpTOHY,,GEFS for the future track of Hurricane #Florence through hr 168 - spreads towards the end with majority curving north. https://t.co/RXtCmjjIs4,,,,,,,,"Hurricane Florence
__
Another likely storm (90%) chance of development in the Atlantic 

Becoming first major hurricane of 2018 in the Atlantic 

Something to watch over 5 days https://t.co/h3Tm8EmFnr",
"Hurricane Florence forms far out over Atlantic, poses no immediate threat to land https://t.co/JNhMhTQqZi https://t.co/G7Smpb1MCh",,EPS (EURO ensemble) for the future track of Hurricane #Florence through hr 168 - spreads towards the end with some nearly equal splitting. https://t.co/YU57zDpzmE,,,,,,,,"As of 11am Hurricane #Florence a major storm with now 125 mph sustained winds.  It'll run into a bit of wind shear during the next day or two with some weakening, but should restrengthen later this weekend.  Forecast track very uncertain after Monday. #rvaweather https://t.co/oSl7nhh5I2",
"Hurricane Florence forms far out over Atlantic, poses no immediate threat to land https://t.co/fz2vl5uaCQ https://t.co/KN5MZxEren",,"SC not in the clear as Hurricane Florence hits 85 mph, 2 more possible storms appear https://t.co/mZ838vTtZq via @postandcourier",,,,,,,,"Florence now a Category 3 hurricane
https://t.co/EZLU5kObI7",
Important updates on developing #TropicalStormGordon and #HurricaneFlorence - https://t.co/NxkuGD8KcI,,"Hurricane Florence next storm in the pipeline, and more are expected to follow https://t.co/wL7FbY7VYe https://t.co/Vq9T0WqvF1",,,,,,,,"Forecasters: Florence is now a major hurricane, category 3 with 120 mph winds, moving in the Atlantic toward Bermuda.",
"FOX NEWS: Hurricane Florence forms far out over Atlantic, poses no immediate threat to land https://t.co/lc5EtdceWz https://t.co/xrv7t33nXG",,"SC not in the clear as Hurricane Florence hits 85 mph, 2 more possible storms appear https://t.co/wrjyxTOxeg via @postandcourier",,,,,,,,"Florence is now a category 3 major hurricane moving northwest across the middle of the Atlantic Ocean. Maximum sustained winds are at 125 MPH. There's a well-defined eye with the storm, but it is WAY far away from any land. 

#Tropics #Florence https://t.co/hzH2OMcPOb",
"Hurricane Florence forms far out over Atlantic, poses no immediate threat to land via the @FoxNews App https://t.co/67wJePuCCT",,"Tropics Update: Tropical Storm Gordon and Hurricane Florence, 9/4/18 https://t.co/sgfWVwNnmn via @YouTube",,,,,,,,"Against all expectations, #Florence has become a major Cat 3 hurricane in the open Atlantic. Dr. Jeff Masters examines its potential to target Bermuda and the US East Coast. https://t.co/gMgzbVIpal https://t.co/UefrlWe0Sa",
Hurricane Florence strengthens as Atlantic storm season heats up https://t.co/NvPgJCJDQC,,"Hurricane Florence next storm in the pipeline, and more are expected to follow https://t.co/pJSjxOpM15",,,,,,,,Category 3 Florence becomes first major hurricane of Atlantic season https://t.co/WtCqydHpgB https://t.co/H6XJPtenv6,
"Hurricane Florence forms far out over Atlantic, poses no immediate threat to land https://t.co/FS02kEiVJG https://t.co/zgkaxKQSmi",,"RT:7Weather: ""Must be September"" in the tropics, watching Gordon in the Gulf plus Hurricane Florence &amp; a soon-to-be system. https://t.co/b3wJi0tkTG https://t.co/6oW28wzoKQ #Sheffieldissuper #doncasterisgreat #tweetmaster #AtSocialMedia",,,,,,,,"Looking at the big picture with #GOESEast , #Gordon is now a Tropical Depression moving farther inland, #Florence is now a Category 3 hurricane in open Atlantic waters, &amp; Disturbance 1 off the coast of Africa has a 50% chance of cyclone formation in the next 48 hrs @NHC_Atlantic https://t.co/SonuLrHui7",
"Click &amp; visit https://t.co/JddR3WUmKw for details and more news Hurricane Florence forms far out over Atlantic, poses no immediate threat to land https://t.co/t9qrJUH7b6",,"#HurricaneSeason #HurricaneFlorence #HurricanePrep #HurricaneNorman #HurricaneGordon  Link in bio to order food insurance for ur family before the next storm, blizzard or curfew. #curfewinBiloxi https://t.co/HauF2U4EUx",,,,,,,,Florence Unexpectedly Intensifies to a Major Hurricane; U.S. East Coast a Potential Target by Dr. Jeff Masters | Category 6 https://t.co/xuH6skSROq https://t.co/sqVWmnZB8b,
"Hurricane Florence forms far out over Atlantic, poses no immediate threat to land

https://t.co/OKblQZC8u0",,"As of Tuesday evening...  Most models continue to turn Hurricane Florence northward east of Bermuda...  However, a few models push the storm closer to Bermuda and the United States. #SpectrumNews #ncwx #Florence https://t.co/N2CWTV4mHB",,,,,,,,RT : (@CBSMiami)RT @LissetteCBS4: Here's the forecast track for Category 3 Hurricane #Florence forecast to move WNW &amp; weaken to a category 2 this weekend. Folks in Bermuda &amp; along East coast will need to monitor closely Watch @CBSMiami at NOON for more details #CBS4 …,
@Florenc63403140 I'm talking about what category is Florence right now?,,Where are Tropical Storm Gordon and Hurricane Florence? https://t.co/bFpKlviJEL https://t.co/VL9or7hSUd,,,,,,,,Update: Florence has been upgraded to a Category 3 hurricane | @OwainRG | https://t.co/cK2eZ29UTA https://t.co/yXxcDdfPAY,
#Florence has now been upgraded to a category 1 hurricane. Sustained winds of 120kmh gusting to 148kmh. There are no coastal watches or warnings in effect at this time as it bears no danger to land or populated areas. https://t.co/a6pcp1bR5i,,"#HurricaneSeason #HurricaneFlorence #HurricanePrep #HurricaneNorman #HurricaneGordon  Link in bio to order food insurance for ur family before the next storm, blizzard or curfew. #curfewinBiloxi https://t.co/nlwbn2qbrw",,,,,,,,Florence is the 1st major hurricane of the season (category 3 or higher). Winds: 125 mph. It poses a major threat to Bermuda &amp; it could get close to the US East Coast late next week. It is just way too early to tell. Lots of variables. It's why we're here. https://t.co/FPVG2FGNBc,
The latest The Becky Ayers Daily! https://t.co/dAIo7qJqQw Thanks to @AgentM @nytimesmusic @BoswellAffleck #hurricane #florence,,Hurricane Florence Becomes the Third Hurricane of the Atlantic Season https://t.co/bmg6w5vMpr,,,,,,,,"#GORDON continues to weaken after making landfall last night near the AL/MS line as a strong tropical storm. Heavy rain will be the biggest threat with some 5"" to 8"" rainfall tallies possible. Hurricane Florence is a borderline category 4 hurricane in the Central Atlantic! https://t.co/WsnDq2j2Nu",
Hurricane Florence Tropical Cyclone Update (Atlantic) https://t.co/GBIVTsnr9a,,"In other news… Hurricane Florence will certainly be an interesting forecast… recurve, or bend back to the west with a blocking high to the north? https://t.co/C6Kmopj0vD",,,,,,,,"National Hurricane Center Said:
Florence Will Remain a Tropical Storm, It's Now a Category 3 125 MPH Hurricane, Idiots...",
Hurricane Florence Update Statement https://t.co/mBDxFfwVGp Issued at 250 PM AST Tue Sep 04 2018,,Where are Tropical Storm Gordon and Hurricane Florence? https://t.co/KGqyOgAZqp https://t.co/Blx39z8jSi,,,,,,,,Florence you better stay the hell away from Florida...  I'm not about to experience my first hurricane... lol,
Here's the latest on Hurricane Florence that we are tracking. Stay updated by clicking on https://t.co/FHN2k2TDbr and looking in the HURRICANE SEASON 2018 section. #ecarwx https://t.co/6PRXHVkuj6,,"Hurricane Florence next storm in the pipeline, and more are expected to follow https://t.co/hR8xp0QiNe https://t.co/4xrHM1KkZq",,,,,,,,Some satellite data suggests #Florence is now a Category 4 #hurricane. https://t.co/yH8JdP1HxD,
Here's the latest on Hurricane Florence that we are tracking. Stay updated by clicking on https://t.co/utT5h4pktP and looking in the HURRICANE SEASON 2018 section. #ecarwx https://t.co/AT4qon9WMU,,"Tropical Storm Gordon/Hurricane Florence Update - September 4, 2018: https://t.co/vtFTqGK1OK via @YouTube",,,,,,,,"#GORDON continues to weaken after making landfall last night near the AL/MS line as a strong tropical storm. Heavy rain will be the biggest threat with some 5"" to 8"" rainfall tallies possible. Hurricane Florence is a borderline category 4 hurricane in the Central Atlantic! https://t.co/zkgVlC68HD",
Here's the latest on Hurricane Florence that we are tracking. Stay updated by clicking on https://t.co/FSH3Vgh6pX and looking in the HURRICANE SEASON 2018 section. #ecarwx https://t.co/HVB7nZkpK6,,"Hurricane Florence forms far out over Atlantic, poses no immediate threat to land

https://t.co/4k5aNuuZgd",,,,,,,,Hurricane Florence has strengthened to a Category 3 storm with estimated 120 mph winds. This is the first major hurricane of the 2018 Atlantic season https://t.co/dunFWp6mfY,
Hurricane Florence Update Statement https://t.co/fYtFFRqv7z #ek3tech #ilovejax #stormwatch,,Here's the latest on Hurricane Florence that we are tracking. Stay updated by clicking on https://t.co/FHN2k2TDbr and looking in the HURRICANE SEASON 2018 section. #ecarwx https://t.co/xsEAJ3rLly,,,,,,,,"Hurricane #Florence is thriving against all odds and is now the 1st ""major"" hurricane of the Atlantic season - a high-end Cat 3 with winds of 125 mph. It's stays clear of land for at least the next 5 days but worth keeping an eye on. Here's how it looks: https://t.co/n4zRUw9LO4 https://t.co/4Y3p3inM9W",
Hurricane Florence Update Statement https://t.co/ErwuTW4CUS,,Here's the latest on Hurricane Florence that we are tracking. Stay updated by clicking on https://t.co/FSH3Vgh6pX and looking in the HURRICANE SEASON 2018 section. #ecarwx https://t.co/qMKjga6MIF,,,,,,,,"Atlantic Accumulated Cyclone Energy is currently 65% of normal to date, but this value will be climbing considerably with #Hurricane #Florence and potentially other storms on the horizon.  Track global tropical cyclone stats in real-time here:

https://t.co/UHdxvqsr6Q https://t.co/YI1dZQmDyG",
"https://t.co/QvWAApR4JF: Hurricane Florence strengthens as Atlantic storm season heats up.
https://t.co/gzNq99icCH

via @GoogleNews
Gordon still to hit.",,Hurricane #Florence ADVISORY 23 issued. #Florence now a category 2 hurricane over the open atlantic. https://t.co/sx3pkQmTL3,,,,,,,,"NO THREAT TO FLORIDA | Florence is now a major hurricane, category 3 with 120 mph winds, moving in the Atlantic toward Bermuda.
https://t.co/Sod26pJW8N #Florence #HurricaneFlorence #Hurricane",
"2:50pm update: Cat 1 Hurricane #Florence now has 85mph winds and a 984mb pressure. It has an eye, but the inner core is a bit ragged. https://t.co/mQtNcIH8Uf",,Hurricane #Florence ADVISORY 23 issued. #Florence now a category 2 hurricane over the open atlantic. https://t.co/S1Hwev5NzQ,,,,,,,,"Hurricane Florence now a Category 3, becomes first major storm of the season: NHC https://t.co/t3vQHQm40w",
Hurricane #Florence Update: Florence continuing to strengthen and now has maximum winds of 85 mph.  The increase in intensity will be accounted for in the 5 PM AST advisory. https://t.co/AB7KGsEAvv,,Hurricane Florence Forecast Advisory Number 23 https://t.co/CTj6IS6L5Q,,,,,,,,"Tracking the Tropics part 2: #HurricaneFlorence is now a category 3, the first major hurricane (category 3+) of the Atlantic season. This storm has strengthened significantly over the past 24 hours. It poses no direct threat to the US at this time. #mowx #midmowx #tropicalwx https://t.co/ociv316XKU",
"RT NHC_Atlantic ""Hurricane #Florence Update: Florence continuing to strengthen and now has maximum winds of 85 mph.  The increase in intensity will be accounted for in the 5 PM AST advisory. https://t.co/dZyXu00X9v""",,"Hurricane Florence Information by ATCF XML Prototype https://t.co/56hgXyAENo Issued at  Wed, 05 Sep 2018 02:51:19 GMT. This is only a prototype and the file format may change without notice.",,,,,,,,"Florence strengthened into a Category 3 hurricane, making it the first major hurricane of this year. As of now, it is no immediate threat but Bermuda and the U.S. East Coast... https://t.co/0RorV3V2vh",
Hurricane #Florence update https://t.co/cpDr2FF8DW,,Hurricane Florence Forecast Advisory Number 23 https://t.co/p9tPYVaGPr,,,,,,,,It’s a whole nother Hurricane forming in the Atlantic.. #Florence,
Hurricane #Florence is approaching Bermuda. More than 1 million households are estimated to lose power with flooding through most of the islands. #AlmeriaAnalytics members follow in real time with or app: https://t.co/6HYhZpOvaX https://t.co/P1KspbnYMQ,,Cat 2 #hurricane #Florence 100 MPH official https://t.co/qVwfV2Xq82,,,,,,,,"CommerceGov: RT NOAASatellites: #GOESEast saw Hurricane #Florence spinning in the open Atlantic Ocean this morning. The Cat. 3 storm is the first major #hurricane in the Atlantic this year, but currently not a threat to land. See more: … https://t.co/LA7tWt6ovz",
@clt_stories This is 100% fake news Hurricane Florence is not even come to close to the United  States. https://t.co/U41wXt5a07,,Here's the latest on Hurricane #Florence -- WNW path continues the next 5 days. https://t.co/6mWC9B68sc,,,,,,,,"Hurricane Florence, the first major hurricane of the year, could pose a threat to the US East Coast @CNN https://t.co/Hrnp6xzLPQ",
"NEW: Hurricane #Florence continues to strengthen in the Atlantic, with maximum sustained winds now up to 85 mph. All interests in Bermuda should monitor this system: https://t.co/KFT4TKECpZ",,"New: As per NHC, #Florence is now a Category 2 #Hurricane Over the Open Atlantic.",,,,,,,,theres Hurricane Florence that just formed cause Im paranoid and have never experienced a hurricane but it shouldn't come to the east coast...I feel bad for ships...,
From NHC_Atlantic: (@NHC_Atlantic)Hurricane #Florence Update: Florence continuing to strengthen and now has maximum winds of 85 mph.  The increase in intensity will be accounted for in the 5 PM AST advisory. https://t.co/4OGiURSzMm,,Hurricane Florence Wind Speed Probabilities Number 23 https://t.co/UXrcn4gSHI,,,,,,,,"Hurricane Florence, the first major hurricane of the year, could pose a threat to the US East Coast https://t.co/rnIVIuAaCf https://t.co/1F10KnVwcC",
Hurricane Florence gains strength in the Atlantic with a max. sustained wind speed up to 85 mph.  A more northerly turn is expected this weekend.  #chswx https://t.co/dxi4PUzQGA,,Hurricane Florence Graphics https://t.co/EO2GFup9uT,,,,,,,,@dbhostage So glad to hear that...  they are talking about Florence now..  welcome to hurricane season!,
Hurricane Florence gains strength in the Atlantic with a max. sustained wind speed up to 85 mph.  A more northerly turn is expected this weekend.  #chswx https://t.co/slYoqYb71h,,Hurricane Florence Graphics https://t.co/bhdk8QBu3L,,,,,,,,"It's worth stressing the unusual nature of a #hurricane rapidly intensifying in the face of 20-25kt shear. 

Yesterday, NHC was forecasting #Florence to maintain 65kt for 24h. Instead the #TC is now 110kt, a +45kt change &amp; 45kt error!

Weather forecasting is a humbling endeavor. https://t.co/JW3eGjwoOw",
#HurricaneFlorence Update: #Florence continuing to strengthen and now has maximum winds of 85 mph.,,"Hurricane #Florence is 2340 miles ESE of Raleigh, moving WNW at 12 mph. Max winds 100 mph (Cat 2). https://t.co/c7HEB2ULdi #ncwx",,,,,,,,Tropical Storm Gordon and Hurricane Florence both pose threats. https://t.co/NXh1mM6qSY,
Hurricane Florence ECMWF model 10 day forecast 12 pm EST . Starting to see agreement with the GFS. A ridge of high pressure building off Africa hinders development &amp; helps to create a Northward steering direction. Intensity build's with interaction with warm N Atlantic ocean https://t.co/Hog9WAx6ay,,"Hurricane Florence Best Track Information (.kmz) https://t.co/TI9VxmYD3K GIS Data last updated Wed, 05 Sep 2018 02:54:11 GMT",,,,,,,,"Hurricane Florence strengthens on possible path to Bermuda
https://t.co/JWPCq8yJsy
#Politics #News #World #PoliticsToday #Breaking #Political #USA #RT #politicalreporter",
Along with more summer 2018 stats I'll have updates on Hurricane Florence and Tropical Storm Gordon (nearing the Gulf Coast of the US now). Catch that on @CTVAtlantic News 5 &amp; 6 PM tonight with @JaysonBaxterCTV @AnaAlmeidaCTV @CTVAnchor https://t.co/WHKYzD7r6M,,"Hurricane Florence Forecast Information (.shp) https://t.co/1Qf9l6Ze6H GIS Data last updated Wed, 05 Sep 2018 02:54:11 GMT",,,,,,,,"Hurricane Florence is still way out in the Atlantic, but the Category 3 storm with maximum sustained winds of 125 mph could threaten the U.S. East Coast by late next week. https://t.co/LxDqiX0y7L",
@weatherchannel #HurricaneFlorence likely to cause widespread power outages in Bermuda https://t.co/EbKBTLQAmw,,"Hurricane Florence 5-Day Track, Uncertainty Cone, Warnings (.shp) https://t.co/qGrI2M2zGs GIS Data last updated Wed, 05 Sep 2018 02:54:11 GMT",,,,,,,,Tropical Storm Gordon and Hurricane Florence both pose threats. https://t.co/3A3aKwyyoU,
"@realDonaldTrump @NHC_Atlantic Tropical storm Gordon 

Hurricane  Florence... https://t.co/g2aThK5jHV",,Hurricane Florence Forecast Discussion Number 23 https://t.co/sIfE7mEo8p Issued at 1100 PM AST Tue Sep 04 2018,,,,,,,,Tropical Storm Gordon and Hurricane Florence both pose threats. https://t.co/e5vLqmoR5s,
Hurricane Florence GFS model forecast 12pm EST. The GIF is through 10 days. A ridge of high pressure building off Africa helps to create a Northward steering direction. High pressure of NE U.S. slows forward speed and intensity build's with interaction with warm N Atlantic ocean https://t.co/wbbGaioAbg,,Hurricane Florence Public Advisory Number 23 https://t.co/aczZslbauq,,,,,,,,The eye of hurricane #Florence continues to warm and is surrounded by deep convection with very cold cloud tops. Signs point to this being a category 4 storm later today. https://t.co/KSIOUnrM0T,
"Hurricane Florence forms far out over Atlantic, poses no immediate threat to land

https://t.co/kpYNYHUj4D",,Newest tropical track from #NHC: Hurricane Florence Graphics https://t.co/O4xEQhkz2M,,,,,,,,Go away.  Florence is the first major Atlantic hurricane of the 2018 season #florence https://t.co/kafXmTA2gX,
#Hurricane #Florence really looking beautiful https://t.co/j3gJQdNCmK,,Hurricane Florence Wind Speed Probabilities Number 23 https://t.co/7QcHgBilDz #ek3tech #ilovejax #stormwatch,,,,,,,,The tropical Atlantic is now quite active. Tropical Depression Gordon is  moving across Mississippi. Hurricane Florence in the central Atlantic is now a Cat 3 storm with 125 mph max winds. A tropical wave behind Florence could become a tropical depression by the end of the week. https://t.co/QivVGnCjQ9,
"FLORENCE CONTINUING TO STRENGTHEN
#HurricaneFlorence 
https://t.co/EWiNlV2PrN https://t.co/tJ9IeWSq8G",,Summary for Hurricane Florence (AT1/AL062018) https://t.co/0MeMJjJeEv #ek3tech #ilovejax #stormwatch,,,,,,,,"Florence has become the first major hurricane of the Atlantic season as it moves on a path that could take it toward Bermuda.
https://t.co/fnahExEbhM",
"Hurricane Florence is picking up pace, heading across the Atlantic. Expect some dip in temperatures and windy conditions Thurs/Fri. This may steer clear of Kent and Southern Counties. #HurricaneFlorence @AffinityDJ #weatherupdate https://t.co/GBwirYZy8N",,Hurricane Florence Graphics https://t.co/SHRXQwiJb3,,,,,,,,Run fast for your mother run fast for your father run for your children for your sisters and brothers __ @flo_tweet #HurricaneFlorence https://t.co/OCSfGcBWKk,
Hurricane Florence Could Hit The Carolinas Next Week https://t.co/l0jJX0z29M via @clt_stories,,"Hurricane Florence now a Category 2 storm. Something to watch, but doesn't look like anything to worry about in Maine. Full tropical update in a few minutes. I'll also talk about the MUCH cooler temperatures :) https://t.co/kIkIVXKshB",,,,,,,,Florence becomes first major hurricane of Atlantic season - ABC News - https://t.co/XTCW9yi1F9 vía @ABC,
#weatherUpdate RT @NHC_Atlantic: Hurricane #Florence Update: Florence continuing to strengthen and now has maximum winds of 85 mph.  The increase in… https://t.co/ChKIllJimz,,Hurricane Florence Public Advisory Number 23 https://t.co/IA2tlu6gz1,,,,,,,,Hurricane Florence close to CAT 4 strength #wis10 #firstalert https://t.co/fuSZmMz1HS,
"Next storm in pipeline is Hurricane Florence, and more are expected to follow https://t.co/3ToOdDsJkR https://t.co/GPytEL4GNn",,"Meanwhile, Hurricane #Florence is spinning around in the Atlantic Ocean. The eye is becoming visible. This system has a lot of unknowns regarding its eventual track, but the United States isn't completely out of the woods. https://t.co/7iULvIPgps",,,,,,,,Tropical Storm Gordon live updates: Child killed; beaches closed; Florence now Category 3 hurricane https://t.co/VmLSUiVuTy,
"( STATE OF EMERGENCY &amp; EVACUATIONS )
As Tropical Storm GORDON Strengthens! 
HURRICANE FLORENCE
( https://t.co/Y3cnE5l6Au )",,Good. Now we have a 2nd Category 2 hurricane of this hurricane season in the Atlantic. ~Allen #Hurricane #Florence #HurricaneFlorence https://t.co/vZYIjPgKHQ,,,,,,,,Hurricane Florence cutting up too. Stay Woke,
"It looks like Hurricane Florence is headed straight for Connecticut. Hey, that's here. https://t.co/878B65AsFl",,The latest update for Hurricane #Florence in the Atlantic. #NBC4NY https://t.co/0dvOM1yeCX,,,,,,,,"Hurricane Florence Becomes First Major Hurricane of the Season
https://t.co/IJhwRNI5Mu https://t.co/IJhwRNI5Mu",
"Hurricane Florence forms far out over Atlantic, poses no immediate threat to land

https://t.co/d1IzbJYcFZ",,"Hurricane Florence next storm in the pipeline, and more are expected to follow https://t.co/IJrT7Jiam3 https://t.co/DVLGngcQWB",,,,,,,,"Gordon Weakens Over Central Miss., Florence Becomes Major Hurricane: https://t.co/OlBPw1rqcX via @YouTube",
Hurricane Florence Becomes the Third Hurricane of the Atlantic Season; Interests In Bermuda Should Monitor the Storm | The Weather Channel https://t.co/0iPt00ckun,,RT @NHC_Atlantic: Hurricane #Florence Advisory 23: Florence Now a Category 2 Hurricane Over the Open Atlantic. https://t.co/bmC87hZy3K,,,,,,,,lol Gordon ain’t do nothing but Florence a Cat 2 Hurricane . just need to hope she stay her ass away from the states,
"GORDON landfall close to hurricane strength...
https://t.co/or41VUrodm
#Hurricane #Florence #Gordon #Mississippi #GulfOfMexico #Storm #Hoolie #Seafarers https://t.co/xmp4sBW6G9",,Here's the track on stronger Hurricane Florence. Will continue northwest through Sunday. Still uncertain after that. https://t.co/2mpjyKL3NA,,,,,,,,Florence now a Category 3 hurricane https://t.co/nz8va7kZUT https://t.co/aGhCxcfBZw,
Category 1 #HurricaneFlorence in the mid #atlantic.______ https://t.co/32rdLy1Pkc,,next up is #Hurricane #Florence 100 MPH and as he says ...over achiever so far. https://t.co/8a3CS88UJC,,,,,,,,The tropical Atlantic has become quite active. Tropical Depression Gordon is currently moving across Mississippi. Hurricane Florence in the central Atlantic is now a Category 3 storm with 125 mph max winds. A tropical wave... https://t.co/tL4jBEB2zK,
"Hurricane Florence next storm in the pipeline, and more are expected to follow https://t.co/aldwuOHOLN",,Gorgeous look at #Hurricane #Florence in the open Atlantic https://t.co/DmCFv1vnd0,,,,,,,,Overnight %90 of model #GFS #guidance has taken a big a westward shift in track of #Hurricane #Florence with higher intensity (Major #cat5 #HurricaneFlorence ). #models show landfall from ga up to va  odds are rising now for a significant #GA #sc #NC or #VA #landfall in the #USA https://t.co/3pGQQpmkac,
"Hurricane Florence forms far out over Atlantic, poses no immediate threat to land https://t.co/CvGNaLN4Xf #FoxNews",,Hurricane Florence Public Advisory https://t.co/LbnmNDlXeM?,,,,,,,,Category 3 #HURRICANE Florence rapidly strengthens and may threaten East Coast next week https://t.co/NkwJPwgZR4 #GPWX,
"#HurricaneFlorence Advisory Number 16
Max Sustained Winds: 85mph
Strength: C1
MSLP: 984mb
Florence continuing to strengthen... https://t.co/f6SQvdIcQx",,"Gostei de um vídeo @YouTube https://t.co/w39U6OBBhv hitting Gulf Coast, Hurricane Florence strengthening in Atlantic",,,,,,,,Tropical Storm Gordon live updates: Child killed; beaches closed; Florence now Category 3 hurricane - https://t.co/vq4VHSSG6R https://t.co/Lh1ZhLUgrk via @GoogleNews,
Hurricane #Florence Advisory 22: Florence Stronger Than Anticipated. Still No Threat to Land Through the Weekend. https://t.co/VqHn0uj6EM,,@JimCantore which way is hurricane Florence heading,,,,,,,,#Florence became a major hurricane today. Models show that it may either approach the East Coast or curve away from the US. @WeatherOps will continue to keep an eye on this cyclone over the coming days. #ThinkWeather https://t.co/l2eoYmgMp9,
Hurricane #Florence ADVISORY 22 issued. #Florence stronger than anticipated https://t.co/S1Hwev5NzQ,,"RT NHC_Atlantic ""Hurricane #Florence Advisory 22: Florence Stronger Than Anticipated. Still No Threat to Land Through the Weekend. https://t.co/UbjfN7Mokl""",,,,,,,,"Welp, here comes the Maria PTSD... 

""Florence is the first major Atlantic hurricane of the 2018 season"" #florence https://t.co/Q2qSCqbUOi",
5 pm advisory for Hurricane #Florence. #FirstAlertWX https://t.co/1Pqoh6Wubz,,Hurricane Florence Public Advisory Number 23 https://t.co/DzrYkYA681,,,,,,,,#GFS #CMC #ECMWF all  models show usa landfall  for #Florence  #Hurricane  and have it hiting nc as a #cat5 https://t.co/WZbeBVTW24,
Here's the latest on Hurricane Florence that we are tracking. Stay updated by clicking on https://t.co/FSH3Vgh6pX and looking in the HURRICANE SEASON 2018 section. #ecarwx https://t.co/AkTbBcrlnE,,Hurricane Florence Forecast Advisory Number 23 https://t.co/vdvSBsRjW6,,,,,,,,"TRACKING THE TROPICS: Hurricane Florence may be way out in the Atlantic, but the Category 3 storm could threaten the U.S. East Coast by late next week. https://t.co/JW3DxOBDJ5",
"HURRICANE FLORENCE still looking good... here's the latest. Not a threat to anyone at this point, except for ships. And fish. https://t.co/e60KjTHqXb",,Hurricane Florence Graphics https://t.co/SE6CFoCHN0,,,,,,,,"Hurricane Florence: Coverage of Bermuda track, Florence path, models, latest forecast of Category 3 hurricane today - #2018 Atlantic hurricane season #bermuda #hurricane #Hurricane Florence #Live updates #National Hurricane Center #National Weather Service #Tropical Storm",
Hurricane Florence Wind Speed Probabilities Number 22 https://t.co/BwwTtMBApd,,"RT NHC_Atlantic ""Hurricane #Florence Advisory 23: Florence Now a Category 2 Hurricane Over the Open Atlantic. https://t.co/KmT9H1UCk9""",,,,,,,,One to watch -- Major #Hurricane #Florence in the #Atlantic. Winds are 125 mph (Cat 3) moving northwest at 13 mph. #Tropics https://t.co/EYkcKsQckD,
Hurricane Florence Forecast Advisory Number 22 https://t.co/dHtiEVTFPp,,_NOAA HURRICANE CENTER Atlantic_Hurricane Florence Wind Speed Probabilities Number 23 https://t.co/hdzWLg8oRF,,,,,,,,Hurricane Florence Weather Update: Category 3 storm could pose threat to East Coast: https://t.co/aEKXbS1T1c https://t.co/06QtRblKTO,
The Tuesday 5pm advisory for Hurricane Florence...  The storm is a little stronger than expected. #SpectrumNews #ncwx #Florence https://t.co/r3vovtfYYL,,_NOAA HURRICANE CENTER Atlantic_Hurricane Florence Graphics https://t.co/qhEWmyTgkl,,,,,,,,Here come the #florence and the machine jokes #HurricaneFlorence,
Hurricane Florence Wind Speed Probabilities Number 22 https://t.co/wJftAxx7zo - snhqweather,,_NOAA HURRICANE CENTER Atlantic_Hurricane Florence Forecast Discussion Number 23 https://t.co/dcxNdMLSMk,,,,,,,,"@9QA That would be Hurricane Florence almost over Florence, SC!! __",
Hurricane Florence Public Advisory Number 22 https://t.co/tpryy5VY3B - snhqweather,,_NOAA HURRICANE CENTER Atlantic_Hurricane Florence Forecast Advisory Number 23 https://t.co/XPsB9NkFLC,,,,,,,,"I curse Florence from harming any1 in Jesus name_ Florence is the first major Atlantic hurricane of the 2018 season

https://t.co/dKdhyUTHlO",
"@StormTeam2WCBD 5pm Tuesday Hurricane Florence UPDATE. Florence was upgraded to a hurricane earlier today, now with winds of 85 mph. Florence is moving WNW at 12 mph, and we expect that motion to continue. Most models do keep the storm away from U.S. https://t.co/a6yrtUO1vo",,_NOAA HURRICANE CENTER Atlantic_Summary for Hurricane Florence (AT1/AL062018) https://t.co/WyFw9VY6Cl,,,,,,,,Latest info from #CBC meteorologist @ryansnoddon on #hurricane #Florence and what it might mean for #NB #NS and #NL #weather  https://t.co/zSpiPRLzOv,
"Hurricane Florence Forecast Information (.shp) https://t.co/1Qf9l6Ze6H GIS Data last updated Tue, 04 Sep 2018 20:34:40 GMT",,Hurricane Florence Forecast Discussion Number 23 https://t.co/Cxhb2kpkTU - snhqweather,,,,,,,,Tropical Depression Gordon could bring some heavier rain to Eastern Kentucky by this weekend. We are also watching Hurricane Florence out in the Atlantic Ocean. The weather pattern will not calm down anytime soon.  #gordon #florence #kywx #ekywx #wymtwx https://t.co/6QduJVJi1C,
"Hurricane Florence Graphics https://t.co/iR6y3Kknlj 
5-Day Uncertainty Track last updated Tue, 04 Sep 2018 20:33:57 GMT

Wind Speed Probabilities last updated Tue, 04 Sep 2018 20:33:57 GMT",,Hurricane Florence Wind Speed Probabilities Number 23 https://t.co/ttnv5NVO8d - snhqweather,,,,,,,,#Florence has become the 1st major hurricane of the 2018 Atlantic Hurricane Season. Questions marks about the track arrive next week. Florence may continue toward Bermuda...or turn north...or head west toward the East Coast. Much uncertainty but worth watching! #wfaaweather https://t.co/PTBihdMGeh,
"Hurricane Florence Public Advisory Number 22 https://t.co/aPicPY4071 ...FLORENCE STRONGER THAN ANTICIPATED... ...STILL NO THREAT TO LAND THROUGH THE WEEKEND...
Location: 20.3°N 43.2°W
Max sustained: 85 mph
Moving: WNW at 12 mph
Min pressure: 984 mb

Issued at 500 PM AST Tue Sep…",,Hurricane Florence Graphics https://t.co/KsL8fT3BvH - snhqweather,,,,,,,,#Florence has become the 1st major hurricane of the 2018 Atlantic Hurricane Season. Questions marks about the track arrive next week. Florence may continue toward Bermuda...or turn north...or head west toward the East Coast. Much uncertainty but worth watching! #wfaaweather https://t.co/r1dF7suANk,
Hurricane Florence Forecast Discussion Number 22 https://t.co/OwvBtjgosg Issued at 500 PM AST Tue Sep 04 2018,,Hurricane Florence Forecast Advisory Number 23 https://t.co/Ced4U7wXee - snhqweather,,,,,,,,"@AllHailVasy Good luck with that, Florence is starting to become watched now that Gordon is over, also, this time of the year is naturally the highest activity in the hurricane season. So, don't gamble against mother nature.",
Tracking the Tropics: NHC: Hurricane #Florence Advisory 22: Florence Stronger Than Anticipated. Still No Threat to Land Through the Weekend. https://t.co/N5SW6JGYFZ,,Summary for Hurricane Florence (AT1/AL062018) https://t.co/7d4SFH3Xka - snhqweather,,,,,,,,Eyes on the tropics! Hurricane Florence has formed in the Atlantic -- as a Category 3 storm it has become the first major storm of the 2018 Hurricane Season. https://t.co/dCuujVrRuK https://t.co/5NBrcGj5Om,
Hurricane Florence Wind Speed Probabilities Number 22 https://t.co/lsJoHOVVyO #ek3tech #ilovejax #stormwatch,,"The tropics have been heating up! We'll be keeping an eye on Gordon and  its remnants into next week, as well as Hurricane Florence. https://t.co/MIEgJvAXIc",,,,,,,,"#ww3 | Lots Going On! Hurricane Florence Hits CAT 3, Could Hit East Coast, Gordon To Take Curved Path | by DAHBOO77 https://t.co/JLSqyw7f1N",
Hurricane Florence Graphics https://t.co/ZnXud1iRSf #ek3tech #ilovejax #stormwatch,,"Hurricane Florence ECMWF model 10 day forecast 12 am EST. 
A ridge of high pressure building off Africa initial steers Florence to the NW. later in the model a high pressure ridge coming off the N East coast dips down behind Florence &amp; steers West. Models differ with the NE high https://t.co/4nI21sAMR0",,,,,,,,"__#Moments: #HurricaneFlorence is 1st major #Atlantic #hurricane of 2018 season
#Florence was upgraded to #Category3 hurricane with maximum sustained winds of 120 MPH
Its path remains very unclear
#wx
https://t.co/5fSLEz66gg",
Hurricane Florence Public Advisory Number 22 https://t.co/zCvZV7L3BG #ek3tech #ilovejax #stormwatch,,"FLO'S GETS AN UPGRADE..
We now have a category 2 #HurricaneFlorence in the Atlantic. The official NHC track takes it WNW going into the weekend as a cat 1 or cat 2 hurricane. The east coast may entertain either direct or indirect effects by middle of next week @FOX29philly https://t.co/Um3enaLxJA",,,,,,,,"Category 3 Hurricane Florence rapidly strengthens and may threaten East Coast next week
https://t.co/fw6V6abGE2
#Politics #News #World #PoliticsToday #Breaking #Political #USA #RT #politicalreporter",
Hurricane Florence Forecast Advisory Number 22 https://t.co/EO9YrrvL53 #ek3tech #ilovejax #stormwatch,,Here's the latest on Hurricane Florence that we are tracking. Stay updated by clicking on https://t.co/utT5h4pktP and looking in the HURRICANE SEASON 2018 section. #ecarwx https://t.co/uXfi0SZZZA,,,,,,,,"#HurricaneFlorence Call 910-323-TREE today!!! Don't wait before it's too late, ""Think Schnell for your tree needs!"" https://t.co/b3gfN6EbKF",
Hurricane #Florence has 85 mph sustained winds at 5 p.m. Tuesday. No immediate threat to land. #nhc #ILMwx https://t.co/JLf4OUeRUf,,"Hurricane #Florence ADVISORY 24 issued. #Florence a little stronger, , moving over the open atlantic. https://t.co/qexiAr0CXN",,,,,,,,TONIGHT on #WUTV 5-9pmET the #Atlantic showing no signs of quieting down. @TWCAlexWilson reports live from Pensacola for what's left of #Gordon. Meanwhile @mikebettes &amp; @DrRickKnabb discuss what's in store for Hurricane #Florence. Is it headed toward the U.S.? Tweet us your Q's! https://t.co/s3RbGsE8pc,
Hurricane Florence Graphics https://t.co/D0PM4CfRXJ,,"Hurricane #Florence ADVISORY 24 issued. #Florence a little stronger, , moving over the open atlantic. https://t.co/sx3pkQmTL3",,,,,,,,"RT @AP: Forecasters: Florence is now a major hurricane, category 3 with 120 mph winds, moving in the Atlantic toward Bermuda.",
Hurricane Florence Forecast Advisory Number 22 https://t.co/FQwlL3Frvs,,"Hurricane #Florence ADVISORY 24 issued. #Florence a little stronger, , moving over the open atlantic. https://t.co/S1Hwev5NzQ",,,,,,,,"Hurricane Florence ECMWF model 10 day forecast 12 pm EST. 
High pressure building off Africa initial steers Florence to the NW. Later in the model a high pressure ridge coming off the N East coast dips down behind Florence &amp; steers West, then it weakens &amp; turns Florence Northward https://t.co/v6r55ljolD",
Hurricane Florence Wind Speed Probabilities Number 22 https://t.co/zgTGCKYOPp,,Here's the latest on Hurricane Florence that we are tracking. Stay updated by clicking on https://t.co/FHN2k2TDbr and looking in the HURRICANE SEASON 2018 section. #ecarwx https://t.co/yIeKOchNlJ,,,,,,,,Hurricane Florence is our first major hurricane of the 2018 season in the Atlantic. Where will it go? https://t.co/0W1qeqMPVa,
Hurricane Florence Public Advisory Number 22 https://t.co/bQKlkO2GIM,,RT via .NHC_Atlantic: Hurricane #Florence Advisory 24: Florence a Little Stronger. Moving Over the Open Atlantic. https://t.co/ChokS5Mnv8 #HurricaneSeason,,,,,,,,Hurricane Florence is our first major hurricane of the 2018 season in the Atlantic. Where will it go? https://t.co/8BG02QFnlr https://t.co/noPKOEdNm4,
"Hurricane Florence next storm in the pipeline, and more are expected to follow https://t.co/SnkzsAU80J https://t.co/KUyiGNINwP",,Summary for Hurricane Florence (AT1/AL062018) https://t.co/i0EwQGunyq #ek3tech #ilovejax #stormwatch,,,,,,,,Hurricane Florence is our first major hurricane of the 2018 season - https://t.co/OY4sXJAmpM https://t.co/OY4sXJAmpM,
Hurricane Florence Public Advisory Number 22 https://t.co/2zkQ7JDKjk,,"RT NHC_Atlantic ""Hurricane #Florence Advisory 24: Florence a Little Stronger. Moving Over the Open Atlantic. https://t.co/UbjfN7Mokl""",,,,,,,,"My initial thoughts on Hurricane Florence are nothing, so please don't ask. Until we see how it reacts to the weakness between the two ridges in the Atlantic in a few days, individual model runs are futile, will be erratic, and in some cases, scary. Don't fall into the trap. https://t.co/Ka42SLMClf",
Hurricane Florence Public Advisory Number 22 https://t.co/wrVtuVaDoB,,"Hurricane Florence Forecast Information (.shp) https://t.co/1Qf9l6Ze6H GIS Data last updated Wed, 05 Sep 2018 08:50:17 GMT",,,,,,,,Well... #HurricaneFlorence is now a category 4 hurricane!!!! #Florence https://t.co/yySfrhSXVJ,
_NOAA HURRICANE CENTER Atlantic_Hurricane Florence Forecast Discussion Number 22 https://t.co/t2LvA16Bpz,,"Hurricane Florence Best Track Information (.shp) https://t.co/aDuZP5QLao GIS Data last updated Wed, 05 Sep 2018 08:50:17 GMT",,,,,,,,"Maybe a sight for sore eyes, but another tropical wave in the far eastern Atlantic is on the verge of development. Florence will stay away from the Gulf, but *could* come close to the Eastern Seaboard next week. We are in the peak of hurricane season so stay alert! #Local18 https://t.co/dwD0uhRH8G",
#weatherUpdate RT @NHC_Atlantic: Hurricane #Florence Advisory 22: Florence Stronger Than Anticipated. Still No Threat to Land Through the Weekend. https://t.co/VJwAnaQWr0,,"Hurricane Florence Best Track Information (.kmz) https://t.co/TI9VxmYD3K GIS Data last updated Wed, 05 Sep 2018 08:50:17 GMT",,,,,,,,#HURRICANE Florence is our first major hurricane of the 2018 season in the Atlantic. Where will it go? https://t.co/dRN4PJknUP,
Here's the latest on Hurricane Florence that we are tracking. Stay updated by clicking on https://t.co/utT5h4pktP and looking in the HURRICANE SEASON 2018 section. #ecarwx https://t.co/Tlpy3FRUXG,,Hurricane Florence Forecast Discussion Number 24 https://t.co/PCFCWuLWnb Issued at 500 AM AST Wed Sep 05 2018,,,,,,,,"MAJOR HURRICANE
#Florence is the first major hurricane of the Atlantic basin this season. The east coast will have to keep a close eye on it about a week from now. https://t.co/ZpCyzwE4Rf",
As Hurricane Florence continues to strengthen its poses no threat to the Caribbean. Here's more from Meteorologist Ean Wallace. https://t.co/bRwT8g9P4l,,Hurricane Florence Wind Speed Probabilities Number 24 https://t.co/C30nVljzOq Issued at 0900 UTC WED SEP 05 2018,,,,,,,,"#Florence, #92L and a new wave coming off Africa keeping the Atlantic active - just days before the climatological peak for Atlantic basin hurricane season (Sep. 10). https://t.co/p6276EqzIq",
"Hurricane Florence forms far out over Atlantic, poses no immediate threat to land

https://t.co/LjlHt0OEn0",,"Hurricane Florence Graphics https://t.co/VpoQRjbA72 
5-Day Uncertainty Track last updated Wed, 05 Sep 2018 08:50:00 GMT

Wind Speed Probabilities last updated Wed, 05 Sep 2018 08:50:00 GMT",,,,,,,,Hurricane #Florence: Category 3 storm could hit East Coast next week - https://t.co/ikTEcmET27,
"Hurricane #Florence is stronger than anticipated with maximum sustained winds have increased to near 85 mph (140 km/h) with higher gusts.  Some additional strengthening is possible through tonight, but is expected to weaken beginning on Wednesday and continuing through Friday. https://t.co/qR989Ikplx",,Hurricane Florence Forecast Advisory Number 24 https://t.co/ggDLFAM3Il Issued at 0900 UTC WED SEP 05 2018,,,,,,,,"Currently Hurricane Florence is the first major hurricane for the 2018 season.
* Hurricane Florence is a Category 3 storm with 125 mph  
   winds.  
*  Moving northwest at 13 mph
*  Still... https://t.co/tZwSdv4KNz",
Hurricane Florence Wind Speed Probabilities Number 22 https://t.co/LPQvUMDNo4,,Summary for Hurricane Florence (AT1/AL062018) https://t.co/9xua9RGotM,,,,,,,,#Florence is a Category 3 hurricane in the open Atlantic. She might be gunning for the East Coast. Prepare for a flood y'all. https://t.co/ip5LMZCpCS,
"Atlantic: Hurricane Florence stronger than anticipated, but still no threat to land thru the weekend, 1305MI E of Northern Leeward Islands 85MPH",,"RT NHC_Atlantic ""Hurricane #Florence Advisory 24: Florence a Little Stronger. Moving Over the Open Atlantic. https://t.co/KmT9H1UCk9""",,,,,,,,All eyes now on Category 3 #Major #Hurricane #Florence with winds up to 130 mph. We’ll have to see if we upgrade to Category 4 at the next NHC Advisory. #Tropicalwx,
YOUR GULF COAST WEATHER AUTHORITY | Third Atlantic hurricane Florence far out over ocean https://t.co/HRgd8MmJAF | more resources at https://t.co/4fR9JLfr6P https://t.co/avKiqanYer,,Newest tropical track from #NHC: Hurricane Florence Graphics https://t.co/HjdFmfTD67,,,,,,,,#Bermuda weather watching as Atlantic has first hurricane of the season. #Florence,
Good! Now we have a 3rd hurricane of this hurricane season in the Atlantic! ~Allen #Hurricane #Florence #HurricaneFlorence https://t.co/qatk192reH,,"UPDATE: Hurricane Florence a little stronger this AM, Cat 2 still, well out in the Atlantic. Will still be well southeast of Bermuda by Sunday night, then may slowly meander west. #watching #WBZ https://t.co/hwPfXo57tV",,,,,,,,"When a 594 ridge tells hurricane Florence. ""I'm sorry, this exit is closed."" https://t.co/BJd2FZOYi9",
"The Atlantic Basin is be oming active.

+ Tropical Storm Gordon
+ Hurricane Florence
+ Invest 92-L

Worth our attn, but nothing to worry about locally at the moment. https://t.co/9MmfGwI0yr",,Hurricane Florence Graphics https://t.co/nV0loRbQy3,,,,,,,,Live with Shea Gibson - Meteorologist . Are you following his page yet?!  Check out his latest discussion on Hurricane Florence. https://t.co/TxsdkFo0Qr,
"Gordon will make landfall late this evening near Biloxi, Mississippi as a strong TS or CAT 1 hurricane...Florence is now a hurricane and while guidance has trended over the last 24 hours… https://t.co/JpxH3LZU2z",,"Hurricane Florence Forecast Information (.shp) https://t.co/1Qf9l6Ze6H GIS Data last updated Wed, 05 Sep 2018 08:50:48 GMT",,,,,,,,"""On Wednesday morning, Florence became the first major hurricane, rated Category 3 or higher, to develop during the current Atlantic season. Its peak winds have climbed to 125 mph."" https://t.co/mZ3v6iIcCo #HurricaneFlorence",
"5pm advisory: Cat 1 Hurricane #Florence has 85mph winds and a 984mb pressure. It has cloud-filled eye, and a strong inner core. https://t.co/bqnMiHecfg",,Hurricane Florence Wind Speed Probabilities Number 24 https://t.co/XGQ3EQFyPO,,,,,,,,"#HurricaneFlorence Advisory Number 21
Max Sustained Winds: 130mph
Strength: C4
MSLP: 953mb
Florence now a Category 4 hurricane of the open Atlantic... https://t.co/lB3Zqn2AqT",
@NASASpaceflight Hope they have calm seas. Hurricane Florence is out there making swales.,,Hurricane Florence Graphics https://t.co/EC3HowWcnO,,,,,,,,"__ “Florence is the first major Atlantic hurricane of the 2018 season”

https://t.co/KBFKlAA1EQ",
5p Advisory on Hurricane #Florence. Still uncertain where she will head after this weekend. Will make a graphic similar to @AWxNYC (though it will not be as good). It will explain the scenarios. https://t.co/OOcz5iZQUQ,,Hurricane Florence Forecast Advisory Number 24 https://t.co/HPJeOorO2V,,,,,,,,Category 3 Hurricane Florence rapidly strengthens and may threaten East Coast next week https://t.co/UiBeJnNeYi,
@JohnMoralesNBC6 Some have said on this platform that Hurricane Florence could threaten the East Coast of the USA some 7-10 days from now. #Florence,,Hurricane Florence Wind Speed Probabilities Number 24 https://t.co/FhnCppWGd9,,,,,,,,#Hurricane #Florence could track toward #NH next week. #PrepareNow. Stay tuned to your local news for updates or use an emergency alert notification service like NH Alerts to stay informed.  Go to https://t.co/Qo1kPFn3ys for more info.  #ReadyNH #NHalerts #natlprep https://t.co/PA9Od0K0Yj,
Hurricane Florence is next up! Tracking Florence and Helene in the the making coming up in five minutes @CBS12 https://t.co/RdBDfeGMGg,,Summary for Hurricane Florence (AT1/AL062018) https://t.co/phZVzMUGYU,,,,,,,,Category 3 Hurricane Florence rapidly strengthens and may threaten East Coast next week https://t.co/EoTas3VRoA,
"Be prepared and stay safe, everyone! #HurricaneGordon 
Hello #HurricaneFlorence https://t.co/1o7P3kTHFw",,Hurricane Florence Graphics https://t.co/fxUJXmDmsO,,,,,,,,MIAMI (AP): Category-2 Hurricane Florence forms in the Atlantic Ocean on a path toward Bermuda.  @wandtvnews,
"Earlier data had Hurricane Florence moving towards the NW and staying out in the Atlantic, except a couple of models. Now the trend is moving towards the east coast next week. Still much can change but after Gordon, this may be the big weather story. Stay tuned. https://t.co/CJ1f8AGiPJ",,_NOAA HURRICANE CENTER Atlantic_Hurricane Florence Wind Speed Probabilities Number 24 https://t.co/Ixlk6VOWcH,,,,,,,,"hurricane florence I cordially invite you to hit gainesville fl on sept 20, the day of my first biochem exam",
"Bring it #hurricaneflorence #rocknroll #crosstraining #_________ @ Fort Lauderdale, Florida https://t.co/jkhg2myfRv",,_NOAA HURRICANE CENTER Atlantic_Hurricane Florence Public Advisory Number 24 https://t.co/My17c7fG5M,,,,,,,,Storm Upgraded: Cat 3 Hurricane #FLORENCE to Cat 4 Hurricane #FLORENCE 22.7N 46.6W Wind 130MPH Moving NW at 13 MPH https://t.co/R249huryhF,
"Hurricane Florence next storm in the pipeline, and more are expected to follow https://t.co/glNljUZb2R https://t.co/uk8ZHUSXq5",,"Hurricane #Florence is 2265 miles ESE of Raleigh, moving NW at 13 mph. Max winds 105 mph (Cat 2). https://t.co/c7HEB2ULdi #ncwx",,,,,,,,RT @NHC_Atlantic: Hurricane #Florence Advisory 26: Florence Strengthens Into a Category 4 Hurricane. https://t.co/bmC87hZy3K,
Hurricane Florence Could Hit The Carolinas Next Week https://t.co/2EwCt34Ub2,,Hurricane Florence Graphics https://t.co/72CLl5nHma #ek3tech #ilovejax #stormwatch,,,,,,,,RT @NHC_Atlantic: Hurricane #Florence Advisory 26: Florence Strengthens Into a Category 4 Hurricane. https://t.co/yqCdG7zK22,
"How much uncertainty is there in the track of Hurricane Florence beyond 3-5 days? These maps show the various members of the GFS Ensemble (left), and ECMWF Ensemble (right) over the next 8-10 days. The spread between some of the members is thousands of miles a week out. https://t.co/EJ2ZCqoc4B",,Hurricane Florence Public Advisory Number 24 https://t.co/qdsH4laBrc #ek3tech #ilovejax #stormwatch,,,,,,,,There's a Hurricane Florence swirling out in the Atlantic Ocean. @GlennBurnsWSB and Severe Weather Team 2 are watching it closely. @wsbtv,
"How much uncertainty is there in the track of Hurricane Florence beyond 3-5 days? These maps show the various members of the GFS Ensemble (left), and ECMWF Ensemble (right) over the next 8-10 days. The spread between some of the members is thousands of miles a week out. https://t.co/1D5e8R9xKm",,Summary for Hurricane Florence (AT1/AL062018) https://t.co/qdsH4laBrc #ek3tech #ilovejax #stormwatch,,,,,,,,"#BREAKING: Hurricane Florence is still a ways out at sea, but could pose a threat to the eastern U.S. It's also gaining strength, and is now a Cat 4 hurricane. @OKCFOX https://t.co/UR0T4k5nck",
Hurricane Florence Could Hit The Carolinas Next Week https://t.co/7P6SbQPlss,,Hurricane Florence Forecast Advisory Number 24 https://t.co/UQ4m14j9sk,,,,,,,,"Maximum sustained winds have increased to near 215 km/h with higher gusts. #Florence is now a category 4 hurricane on the
Saffir-Simpson Hurricane Wind Scale.  Some weakening is forecast
during the next couple of days, but Florence is expected to remain
a powerful hurricane. https://t.co/5diVEnj5om",
"Hurricane Florence GFS model 10 day forecast 6pm EST. A change from the last run. It shows Florence slowing and intensifying, with high pressure building off Africa &amp; the NE U.S. creating the WNWest steering toward the U.S. East Coast, with high sea temps that increase intensity https://t.co/cnuxemCipM",,Hurricane Florence: This is the next one to watch. There are some indications it could get close to the US East Coast next week. https://t.co/hMUXvQfmbA,,,,,,,,Hurricane Florence has strengthened into a category 4 hurricane with 130 mph wind. The latest track is coming up on @wsbtv at 5 pm.,
"""Must be September"" in the tropics, watching Gordon in the Gulf plus Hurricane Florence &amp; a soon-to-be system. https://t.co/nGgWwovBsK",,"Atlantic: Hurricane Florence a little stronger moving over the open Atlantic, 1210MI ENE of Northern Leeward Islands, 1440MI ESE of Bermuda 105MPH",,,,,,,,Hurricane Florence is now a Category 4 hurricane. Remarkably strong in the open Atlantic. #nbcct https://t.co/3GCrdKTPW9,
"Hurricane Florence next storm in the pipeline, and more are expected to follow https://t.co/yQNZFDxoSp via @usatoday #HurricaneFlorence",,Hurricane Florence Forecast Advisory Number 24 https://t.co/lluh3pXaAW,,,,,,,,"Florence strengthens to Category 4 hurricane 
https://t.co/MVLXBfNLde https://t.co/YLCoi2FfQt",
"Whoa. Hurricane Florence is at 85 mph. I'm a fan, until she afffects the lives of real people.",,Hurricane Florence Public Advisory Number 24 https://t.co/Ka4UaftyOS,,,,,,,,#UPDATE: Major Hurricane #Florence has strengthened to a monster Category 4 storm with 130 MPH winds. No imminent threat to land. https://t.co/JotmySHJvi,
Give models 36 to 48 HRS to settle down on #Hurricane #Florence so far she has out performed forecast expectations. She owns the Atlantic right now. I hate saying it but SAL is still around yet weaker #Florence totally seems to ignore it &amp; high pressure https://t.co/XLVVLmtkcS https://t.co/imCldTs2Kj,,"Hurricane Florence next storm in the pipeline, and more are expected to follow https://t.co/o1gLGmbNk7 https://t.co/T6Wk33kTqZ",,,,,,,,Hurricane Florence Public Advisory Number 26 https://t.co/tg1ivlOviA,
"Hello everyone here is the 5:00pm advisory on 5:00pm advisory on Tropical Storm Gordon, Hurricane Florence, &amp; Invest 92-L. In this blog are the... https://t.co/CYT01aTYYT",,From NHC_Atlantic: (@NHC_Atlantic)Hurricane #Florence Advisory 24: Florence a Little Stronger. Moving Over the Open Atlantic. https://t.co/clVtdyU0M7,,,,,,,,"TROPICS UPDATE-

Florence has strengthened into a major CAT 4 Hurricane. It is forecasted to stay a fish storm over the next 5 days.

@wsav @WSAVKrisA @KyleDennisWx @wsavleeh https://t.co/t42Ms08aZP",
A recent WindSat pass reveals Hurricane #Florence has a well defined convective ring feature in 37-GHz color composite imagery. It's possible the TC continues to intensify more than forecast if vertical wind shear doesn't disrupt the inner-core convection. https://t.co/GMODESiR9Q,,"#Hurricane #Florence will have to be watched next week as it approaches the east coast, especially the southeast US coastline to the Mid Atlantic. https://t.co/PBU8JaEku6",,,,,,,,"Hurricane #Florence now a Category 4 storm! Headed towards Bermuda, uncertainty after that. #WECTwx #ILMwx https://t.co/5tVkGv4tof",
Weather is out! https://t.co/I1ua5T97WM #hurricaneflorence #gordon,,"#HurricaneFlorence FORECAST AHEAD ""VERY FLUID"" NEXT WEEK..
The path of Florence will come down to small changes in the jet stream over North America and high pressure over the northern Atlantic. These features are not able to be seen by the modeling at this point. 
@FOX29philly https://t.co/JkQXtKi2Bh",,,,,,,,"This is VERY unexpected but #HurricaneFlorence has upgraded further to a #Category4 #Hurricane 
A few days ago she was forecast to become a minimal C1 Hurricane at most, she's now the strongest storm of the season, the first Major Hurricane, packing 130mph winds and higher gusts https://t.co/11FO1YHZUg",
#HurricaneFlorence in the middle of the #Atlantic will turn to the NW soon and will gradually will become weaker. A new bad weather system near #WestAfrica is starting to develop. I will keep you informed.,,"New post photo (Hurricane Florence tracker – where is the tropical storm now, will it hit the UK and what’s the latest weather forecast?) has been published on News Exchanges - https://t.co/c9lKgWaXtY https://t.co/nLffhjsGbE",,,,,,,,"When seeing all the imagery and speculation over the next couple days for Hurricane #Florence, please keep this statement from @NHC_Atlantic in mind. #nlwx #wxtwitter https://t.co/1IyfkKuGOj",
Hurricane Florence Becomes the Third Hurricane of the Atlantic Season; Interests in Bermuda Should Monitor the System | The Weather Channel https://t.co/ZelsqOxDaj,,"Track #Hurricane Florence: Spaghetti models, forecast cone and satellite https://t.co/7y6wBcXXgs",,,,,,,,Hurricane #Florence’s 5 pm forecast track… now a category 4 hurricane. #FirstAlertWX https://t.co/QrQvSELqw2,
Hurricane Florence Strengthening Over the Open Waters of the Atlantic | The Weather Channel https://t.co/nVHgGfCAbP,,"Locally, we've got some quiet weather today.  Hot and humid again with highs near 90.   Heat index near 100.  It will cool down by the weekend.  Also, I'm tracking the tropics.  Gordon is mostly a rain-maker now in the deep south.  Tracking hurricane Florence in the Atlantic. https://t.co/UJ9bQ8nYxi",,,,,,,,Hurricane Florence now Catagory 4 storm with Bermuda right back in it's line of sight. Fairly slow moving now. https://t.co/hrE6VBIeOp,
Hurricane Florence having some words for Tropical Storm Gordon. https://t.co/sS97PWYtQn,,Hot and humid again today.  Heat index near 100.  Rough for after-school activities.  The tropics are busy. I've got the full track of hurricane Florence on WAVY News 10 this morning. https://t.co/aR6yQt2Kgr https://t.co/u1rP0cgra0,,,,,,,,"Hurricane Florence Public Advisory Number 26 https://t.co/pQ8abOzCrM ...FLORENCE STRENGTHENS INTO A CATEGORY 4 HURRICANE...
Location: 22.7°N 46.6°W
Max sustained: 130 mph
Moving: NW at 13 mph
Min pressure: 953 mb

Issued at 500 PM AST Wed Sep 05 2018",
"History says that #Hurricane #Florence will go out to sea. I'll do a brief write-up tonight, further explaining this graphic and discussing what would need to happen for Florence to get close to the East Coast. Right now, the probability of an East Coast impact is low. #tropics https://t.co/ZWQFsumfJo",,RT news6wkmg: RT TroyNews6: Hurricane #Florence is a Cat 2! https://t.co/VcQvJ9vMhc,,,,,,,,Florence upgraded to category 4 hurricane https://t.co/VOHV4sgvtZ https://t.co/p5u7GBym3a,
"#HurricaneSeason #HurricaneFlorence #HurricanePrep #HurricaneNorman #HurricaneGordon  Link in bio to order food insurance for ur family before the next storm, blizzard or curfew. #curfewinBiloxi https://t.co/bfdIh8hnC7",,Hurricane Florence is looking more likely to effect the U.S. east coast late next week. European Model shows a South Carolina hit as a Major Hurricane. GFS keeps it just off shore. https://t.co/OhTxwUdLWv,,,,,,,,Hurricane #Florence now at Category 4 and barreling northwest over the Mid-Atlantic Basin https://t.co/omJGSLFahE,
"Best track at 8pm gives Hurricane #Florence 95mph winds and a 976mb pressure. This isn’t surprising, given its better appearance. The eye is less clouded over, and the inner core is stronger. https://t.co/oWSDlpYZog",,#weatherUpdate RT @NHC_Atlantic: Hurricane #Florence Advisory 24: Florence a Little Stronger. Moving Over the Open Atlantic. https://t.co/VJwAnaQWr0,,,,,,,,"#Florence is now a major category 4 hurricane in the central Atlantic. While this storm doesn't look like a big concern for Florida, the east coast still needs to keep an eye on it. https://t.co/dYywmPGOCr https://t.co/1ggVrKtJLy",
"Tuesday evening video update on Tropical Storm #Gordon and Hurricane #Florence:

https://t.co/5w1QZ8CTmb https://t.co/UJnfVDznE9",,Here is the latest from @NWSNHC @WLTX on Hurricane #Florence https://t.co/bPNCLVEHeh,,,,,,,,Hurricane Florence now a category 4 storm with 130mph winds.  The storm continues traveling across the Atlantic.  Still too early to know whether it's a real threat to Atlantic coast.  #11Alive https://t.co/WrOxv6uivR,
"#HurricaneFlorence Advisory Number 17
Max Sustained Winds: 100mph
Strength: C2
MSLP: 976mb
Florence becomes a Category 2 hurricane with 100mph winds... https://t.co/KLbH4AJWAc",,Here is the latest track from @NWSNHC @WLTX on Hurricane #Florence https://t.co/aWXE88is4V,,,,,,,,"Florence strengthens to a category 4 hurricane with winds at 130mph.
Still 2000 miles away with plenty of time to watch and waaaay to early to know if there will be US impacts. #WFTV #EyeOnTheTropics #Florence https://t.co/b4tiYe3BjF",
"Here is the latest on Hurricane #Florence and Tropical Storm #Gordon.

https://t.co/vxuLCr1Cd6",,"Could Hurricane Florence head toward the U.S. coast between South Carolina and Maryland by the middle of next week?  A few computer models seem to think so.
We'll be watching this closely over the next 7 days. https://t.co/YpSwml8kP8",,,,,,,,Well #HurricaneFlorence is now a #Category4 storm. Strengthen expected to continue with a low shear environment as well as very warm water temperatures below. #TropicalUpdate #Florence https://t.co/lhhuwQCPcP,
"Florence surprisingly stronger in Central Atlantic with 85 mph winds...

158 
WTNT31 KNHC 042031
TCPAT1

BULLETIN
Hurricane Florence Advisory Number  22
NWS National Hurricane Center Miami FL       AL062018
500... https://t.co/68iescJ67r",,We also have Hurricane #Florence over the open Atlantic. Currently a CAT 2. No threat to land over the next 5 days. https://t.co/gdSKAkXtHr,,,,,,,,"#Florence is now a Category 4 #Hurricane in the #Atlantic . #NorthCarolina landfall is not out of the question at this time. We will just have to see. 

We will continue to provide updates on @HuffmanSevereWx hereon #Twitter and #Facebook. 

#HuffmanSevereWX #ncwx #cltwx #Weather",
"Hurricane Florence Strengthening Over the Open Waters of the Atlantic
https://t.co/V85frGNVIM
Florence was upgraded to the third hurricane of the 2018 Atlantic hurricane season late Tuesday morning and continued to strengthen through Tuesday afternoon.
https://t.co/xAxixpUsfx",,We also have Hurricane #Florence over the open Atlantic. Currently a CAT 2. No threat to land over the next 5 days. https://t.co/DHUnG5IJhE,,,,,,,,"5PM #Florence: Major cat. 4 hurricane moving slowly NW at 13mph.
Please, know that there is A LOT of ocean for Florence to travel over the next +5 days. Also, any model outcome past 5days are NOT reliable &amp; should not be taken as definite outcome.
Monitoring for now is good. https://t.co/c4IiPoU4bk",
the truth... #hurricane #florence a real fighter.. very stubborn https://t.co/1ZVl6G6TTQ,,The East Coast needs to watch Hurricane Florence VERY closely…  https://t.co/Gw363kGPDA,,,,,,,,#HurricaneFlorence reaches Category 4 intensity. Winds now up to 135 mph.  https://t.co/NFN2QgyVyu,
Here's everything you need to know about Hurricane Florence. Please read and share. -Matthew https://t.co/DkFAtPFETC,,Where is Hurricane Florence headed in the Atlantic? https://t.co/9U6LMLYwAq,,,,,,,,Hurricane Florence now a Category 4 storm with winds 130mph. Strongest storm of the season...out over open waters next several days. Track beyond next Monday not known. #7news https://t.co/n0I1rvXWFx,
Main Bottom Line with #Hurricane #Florence likely to be a Major Hurricane is she has consistently out performed forecast expectations. What the NHC said........ https://t.co/kVcdbZ4c4c,,Hurricane Florence: This is the next one to watch. There are some indications it could get close to the US East Coast next week. I’ll keep you posted. https://t.co/Lp8mMCusyp,,,,,,,,"FLORENCE NOW CATEGORY 4 HURRICANE

Florence has gained even more strength this afternoon and is now a Cat. 4 hurricane at 130 mph winds.  There's still quite a bit of uncertainty with the track forecast, but we'll give you the first alert to any changes! https://t.co/yHV1SeeVtn",
R U Ready ! __ Hurricane Florence is coming. We have everything U need to paddle out.  #maddogsurfboards #maddogsurfshop #maddog #bigsurf #ponceinlet #sunglowpier https://t.co/WPdP56ucYp,,"Hurricane #Florence is going to be one to watch for the east coast as we head into next week. Potential it could curve out to sea, but new models this morning are trending westward.

We'll be keeping an eye on it for you! @wsbtv https://t.co/6X9ypi84mO",,,,,,,,5pm TROPICAL UPDATE: #Florence strengthens into a Category 4 Hurricane. Max sustained winds have increased to 130mph as the system continues to move to the NW at 13mph. We'll keep you updated. @WFMY https://t.co/3Dm9yCCQDM,
"I added a video to a @YouTube playlist https://t.co/HNUsreYY8i Tropical Storm Gordon Near Landfall, Hurricane Florence, Invest 92 ,",,"Hurricane Florence is way out there, but it may be an East Coast threat next week. #wakeMEup https://t.co/36szWUvZlm",,,,,,,,JUST IN: Hurricane Florence has been upgraded to a powerful category 4 storm with max winds at 130 mph. Join us at 6:30pm for a live update | Track the storm: https://t.co/t1YDjRcaVI https://t.co/UFHed0aOBv,
Here's the latest on Hurricane Florence that we are tracking. Stay updated by clicking on https://t.co/utT5h4pktP and looking in the HURRICANE SEASON 2018 section. #ecarwx https://t.co/Ahmmf0B6ua,,"Can you believe it?! 
Watching yet another likely storm (90%) chance of development in the Atlantic Development Region, headed west. 
This will be held south of Hurricane Florence. 
Something to watch over 5 days. 
@abc13houston 
https://t.co/zMrNKF6Ewn https://t.co/qe92uWyTJi",,,,,,,,"#HurricaneFlorence is now a Category 4 hurricane, the first major hurricane of the season. Astonishing considering it was only forecast to reach Category 1. https://t.co/3VAV7em2H1",
Here's the latest on Hurricane Florence that we are tracking. Stay updated by clicking on https://t.co/kBGR4eyf3e and looking in the HURRICANE SEASON 2018 section. #ecarwx https://t.co/gF4PVAuFc0,,Hurricane Florence a Category 2 storm heading northwest  https://t.co/fsvoERjnKe https://t.co/PhRmflM49X,,,,,,,,"Latest Florence data:  Both subjective and
objective Dvorak estimates have unanimously increased to T6.0/115
kt, and on this basis, the initial intensity is raised to 115 kt,
making Florence a category 4 hurricane.  CAT 4.",
Hurricane Florence is now a Cat 2 with winds of 100 MPH. https://t.co/gTldZZQhAM,,"As Gordon has made landfall and continues to go inland, flooding and severe weather still remain a potential. Our eyes also go to Florence in the Atlantic and also the two other waves behind it. With invest 92L leading the charge for a new group of waves moving off Africa. https://t.co/7P4Ba5NiBb",,,,,,,,The NHC has upgraded Hurricane Florence to a Category 4 storm with winds of 130 mph and a central pressure down to 953MB. Rapid Intensification! Just crazy to see when she has been in area of pretty decent wind shear. #Florence,
"Despite wind shear, dry air and marginal water temps, #Florence has become a category 2 hurricane with winds of 100 mph and a cleared out eye. Wow! #scwx https://t.co/H1o956mbEw",,"Be Advised of doomsday Hurricane #Florence forecast for next week. There has been a shift to the west in long range track, however only 1 model has the image below for next Wed-Thur, many others have it staying out to sea. 
At this point, NO ONE knows, but worth watching! https://t.co/JZsAwIxUZu",,,,,,,,"#Florence is now a Category 4 #Hurricane. #NorthCarolina landfall is not completely out of the question, although unlikely (at this time). 

#EastCoast needs to pay attention closely. 

#HuffmanSevereWX #ncwx #cltwx #HurricaneFlorence @jdhuffmanwx",
"Please Refer to official NWS products

1100 PM AST Tue Sep 04 2018

...FLORENCE NOW A CATEGORY 2 HURRICANE OVER THE OPEN ATLANTIC...

SUMMARY OF 1100 PM AST...0300 UTC...INFORMATION... https://t.co/ZAMMVSyrhU",,Where is Hurricane Florence headed in the Atlantic? https://t.co/HkuMGI79lV,,,,,,,,"Florence Is Now a Category 4 Hurricane With Winds at 130 MPH.
Heading Towards Bermuda Now and Then to US,  Possibly North and South Carolina in The Next 9 Days.
#Florence 
#Hurricane
https://t.co/hF9AWh3sjs",
Hurricane #Florence now a Category 2 storm with 100 mph sustained winds. No major change to track. #WECTwx #nhc https://t.co/1V2BePvQjo,,One step at a time: #Hurricane #Florence poses an increasing threat to #Bermuda early next week. Here's why the East Coast should also keep an eye on it. https://t.co/NW9y4o8w61 https://t.co/TDQmtsYK2A,,,,,,,,Where does category 4 Hurricane #Florence move next? Appears west-northwest over the next 5 days. Watching next week closely as system may near U.S. Lots of uncertainty. https://t.co/9Vl7rtw159,
Hurricane Florence Forecast Discussion Number 23 https://t.co/NmCcMp3Hx2,,"I liked a @YouTube video https://t.co/nTASHVuHNV Tropics Update: Tropical Storm Gordon and Hurricane Florence, 9/4/18",,,,,,,,Hurricane Florence is now a Category 4 hurricane with winds of 130 mph. #HurricaneFlorence  https://t.co/ysrLnX5LLr,
Hurricane Florence Public Advisory Number 23 https://t.co/3u4WUH1RUX,,We are closely monitoring the track (and current observations) of Hurricane #Florence over the Atlantic. Recent forecast models have trended further west with the storms eventual track in 5-7 days. #tropics https://t.co/syip7q8i8Q,,,,,,,,#Hurricane #Florence is now a Category 4 hurricane with max winds of 130 mph.  Florence is the first Category 4 hurricane in the Atlantic in 2018. https://t.co/htdpmlipkj,
Summary for Hurricane Florence (AT1/AL062018) https://t.co/3u4WUH1RUX,,"Too early to be sure, but some models runs have Hurricane #Florence making landfall on the US East Coast next week.  Certainly bears watching. https://t.co/ljuWVRjlx3",,,,,,,,Here's the latest on Florence. Category 4 storm. Winds: 130mph. No impacts to land through the weekend. East coast impacts possible Wednesday to Saturday of next week. Something to watch https://t.co/h1bEbIoAaH,
Hurricane Florence is now a category 2 storm with max winds at 100mph.  Storm will keep moving across the Atlantic until next week.  We will keep any eye on it.  #11Alive https://t.co/4FmASwc4Mu,,"RT KLFY ""RT CozartKLFY: Our focus on the tropics goes back to the Atlantic Ocean. Behind Hurricane Florence is Invest AL92 which has a 90% chance of becoming a tropical system. Models show this area moving towards the Caribbean.  It's still too early… https://t.co/jC0Od8bWxF""",,,,,,,,"Hurricane #Florence now at category 4 intensity with 130mph sustained winds.  Wind shear should weaken the storm slightly in the coming days, but it'll remain a powerful hurricane into early next week when swells can start impacting our coastline.  #abc7ny https://t.co/a2MQh4wx9Y",
Hurricane Florence Forecast Advisory Number 23 https://t.co/EE8s7TQerc Issued at 0300 UTC WED SEP 05 2018,,#Hurricane #Florence poses an increasing threat to #Bermuda early next week. Here's why the East Coast should also keep an eye on it. https://t.co/YG7LQrjrgx https://t.co/bRmhxJwZv6,,,,,,,,"BREAKING: #Hurricane #Florence strengthens into Category 4 with 130mph sustained winds and ""continues to defy the intensity guidance, which has consistently been predicting weakening"" per @NHC_Atlantic. https://t.co/qdgoVp8Vt4",
NEW: NHC says Hurricane Florence has strengthened to Category 2 with 100 MPH winds. Currently poses no threat to land. https://t.co/IJegXq9QjQ,,Another hot/humid day although it will be a tad cooler than yesterday with some clouds. Cold front brings in some showers/storms tomorrow evening. Much cooler Friday-weekend. Still need to monitor Hurricane Florence closely! Lots of options still on the table,,,,,,,,"Florence has been upgraded to a Category 4 hurricane. Tune in to WAVY News 10 to see the storm's latest track. 

(Via WAVY TV 10) https://t.co/TZmtxdxCiV",
Hurricane #Florence has reached category 2 strength.,,Track #HurricaneFlorence __ with Meteorologist James Hopkins - WBTW https://t.co/8JSZKxbJFO https://t.co/X6PQJYzo2k,,,,,,,,"Florence is now a Category 4 storm. Still some time to figure out any potential impacts for the east coast, but we're watching it closely. https://t.co/ApU6CCHCXw",
Storm Upgraded: Cat 1 Hurricane #FLORENCE to Cat 2 Hurricane #FLORENCE 20.7N 43.9W Wind 100MPH Moving WNW at 12 MPH https://t.co/tHDSvKS7ul,,Downpours are possible today. Tracking Hurricane Florence https://t.co/iGiEb53rIE https://t.co/VLAIdA7pal,,,,,,,,"#HurricaneFlorence will likely cross through 25N, 50W tomorrow. Never has a hurricane come within 200 miles of this point and even approached the U.S. They have all turned out to sea. https://t.co/A7No2NGim0",
HURRICANE FLORENCE now a category 2 hurricane with max. sustained wind at 100 mph.  #chswx https://t.co/JzKET2IsOe,,"Alrighty east coast folks, you might want to keep an eye on #HurricaneFlorence. She has a chance of heading this way. From North Carolina to New York, it’s worth a watch for right now.",,,,,,,,JUST IN: #Florence is now a Category 4 hurricane in the open Atlantic. It remains to be seen whether it eventually threatens the U.S. East Coast next week. https://t.co/cODdSQyrgM,
Here's the latest on Hurricane Florence that we are tracking. Stay updated by clicking on https://t.co/FHN2k2TDbr and looking in the HURRICANE SEASON 2018 section. #ecarwx https://t.co/GyoHYkCdk7,,Continuing to track Hurricane Florence as it moves to the NW towards Bermuda and 2 tropical waves that have storm potential. https://t.co/3L3jPZl9yf,,,,,,,,#Florence has been upgraded to a category 4 hurricane!,
Here's the latest on Hurricane Florence that we are tracking. Stay updated by clicking on https://t.co/utT5h4pktP and looking in the HURRICANE SEASON 2018 section. #ecarwx https://t.co/kTnpJ1d97H,,Summary for Hurricane Florence (AT1/AL062018) https://t.co/E3H3watEBN,,,,,,,,RT NHC_Atlantic: Hurricane #Florence Advisory 26: Florence Strengthens Into a Category 4 Hurricane. https://t.co/cyh388pD8H,
Here's the latest on Hurricane Florence that we are tracking. Stay updated by clicking on https://t.co/kBGR4eyf3e and looking in the HURRICANE SEASON 2018 section. #ecarwx https://t.co/k7ESVkJiee,,"9/5/18 8 AM: National Hurricane Center is tracking Cat. 2 Hurricane #Florence, that formed last week off the coast of Africa. For the next 5 days, Florence is expected to stay a hurricane and track NW over the open Atlantic.  It does not appear Florence will impact South Florida. https://t.co/d1VmsWrsI0",,,,,,,,"With #Florence reaching Category 4 strength, the Atlantic has had at least one Category 4+ #hurricane in each of the past five seasons.  The last Atlantic season with no hurricanes reaching Category 4 strength was 2013.  No hurricanes even reached Category 2 strength that year. https://t.co/trNU187hKX",
HURRICANE FLORENCE now a category 2 hurricane with max. sustained wind at 100 mph.  #chswx https://t.co/ioizfhOdwr,,"Hurricane Florence forecast east of Florida by weekend
https://t.co/HV6HTsYgHu",,,,,,,,MAJOR HURRICANE__ | JUST IN: Florence is now a Category 4 hurricane with 125 mph winds. Waves from Florence will wash up on the Jacksonville beaches this weekend with the strength of dangerous rip currents. https://t.co/VHFbFkE2zO,
Here's the latest on Hurricane Florence that we are tracking. Stay updated by clicking on https://t.co/FSH3Vgh6pX and looking in the HURRICANE SEASON 2018 section. #ecarwx https://t.co/xETlluNHEY,,"While Hurricane Florence strengthened Tuesday night, a slow weakening is expected during the latter part of the week. Florence is expected to slow down in the open waters of the Atlantic by this weekend, says @MaureenMcCann13 

https://t.co/xIDFiHnzgk https://t.co/Xg9lp2f42U",,,,,,,,The sun is setting over #Florence in the Atlantic which is now a category 4 hurricane. https://t.co/4oZCvRN6cq,
Hurricane #Florence now a Category 2 storm with 100 mph sustained winds. No major change to track. #WECTwx #nhc https://t.co/vOfKhpi2zL,,Here's a side by side comparison of how dramatically the 51 member European Ensembles have shifted their track of Hurricane Florence over the past 24 hours. If the approaching trough does not pick this storm up and lift it north it will become a major east coast threat next week. https://t.co/731R3TyDnC,,,,,,,,"@sara8smiles And Hurricane Florence seems to be travelling across the Atlantic very slowly and gathering a lot of power and it's projected path seems to be New York, I think they have been trying to hit New York the last few years without success, maybe they will get it this time.",
HURRICANE FLORENCE now a category 2 hurricane with max. sustained wind at 100 mph.  #chswx https://t.co/m9w8uyja41,,"Watch the latest forecast tracks from GEFS for #HurricaneFlorence.

US threat is increasing --&gt; https://t.co/OcApgIzpAk https://t.co/OALA4In6dp",,,,,,,,"Hurricane #Florence, a rather tiny hurricane, has reached Category 4 intensity at 130 mph in the central Atlantic. Still considerable model ensemble spread on its track beyond 5 days. Plenty of time to watch, but interests along East Coast need to watch for updates. #tropics https://t.co/ySUfEby9OL",
Hurricane Florence Public Advisory Number 23 https://t.co/71dtSCEpsm,,"Despite Gordon's staying a tropical storm yesterday, we did get a hurricane. Florence was upgraded at the 11 AM advisory yesterday. First hurricane in the Atlantic since Chris on July 12.",,,,,,,,New story: Florence upgraded to Category 4 hurricane in Atlantic https://t.co/uHAUjy3TaL #wral,
Hurricane Florence Forecast Advisory Number 23 https://t.co/hqycXe1uGw,,Hurricane Florence Tropical Cyclone Update (Atlantic) https://t.co/4drtEIVsSr,,,,,,,,"Lots to read in the Hurricane #Florence 5PM Discussion. 

Read the full discussion, advisories, and see the cone HERE: https://t.co/uV6fc1TRBs https://t.co/nraezV91mN",
Hurricane Florence Forecast Discussion Number 23 https://t.co/bR5lq1fjjq,,Here's the latest on Hurricane Florence that we are tracking. Stay updated by clicking on https://t.co/kBGR4eyf3e and looking in the HURRICANE SEASON 2018 section. #ecarwx https://t.co/UiU4ldJuY0,,,,,,,,"Florence, heading for Bermuda, now a Category 4 hurricane: NHC https://t.co/c1nvb0LE9X",
Summary for Hurricane Florence (AT1/AL062018) https://t.co/TMOpts7pu9,,Tropical Storm Gordon and Hurricane Florence both pose threats. https://t.co/f3gxcXXYCc,,,,,,,,"Hurricane Florence has intensified into a Category 4 storm.  There is uncertainty in the forecast track after Sunday, so it's imperative to keep a watchful eye with this storm and always be prepared. https://t.co/TnTJ7UAm8O",
Hurricane Florence Wind Speed Probabilities Number 23 https://t.co/lN88jJfcif,,Hurricane #Florence Update: #Florence becomes the first major hurricane of the 2018 Atlantic hurricane season.  https://t.co/ACR1Bdni2v https://t.co/IwxHsBJ1A9,,,,,,,,"#HurricaneFlorence is now a Category 4 major hurricane. The East Coast needs to pay close attention to this storm. This is no game, this is the time to get serious and focus on what you can do. 

We will continue... https://t.co/UOgDLQSLUE",
Hurricane Florence Forecast Discussion Number 23 https://t.co/c9iUOGBLdz,,U.S. to keep a wary eye on Hurricane Florence as two other tropical waves develop https://t.co/uXfrH7iP64,,,,,,,,"Watch out for #HurricaneFlorence Currently a Cat 4 Hurricane with sustained 130mph winds. 
A Euro Model has her impacting NJ Next week. TRACK IS NOT CERTAIN YET. https://t.co/VWdhnQRO0i",
"Tropical Storm Gordon is now making landfall in Mississippi. Power outages, heavy rain, storm surge, and a few tornadoes will be possible from Mobile AL to New Orleans. Gordon will cause flooding and perhaps a few tornadoes inland 

Florence now a cat 2 hurricane but no threat",,Tropical Storm Gordon and Hurricane Florence both pose threats. https://t.co/yJVqQhsHrd,,,,,,,,"new post Florence, heading for Bermuda, now a Category 4 hurricane: NHC,,https://t.co/Lkhn7HZEqY",
Tracking the Tropics: NHC: Hurricane #Florence Advisory 23: Florence Now a Category 2 Hurricane Over the Open Atlantic. https://t.co/N5SW6JGYFZ,,Tropical Storm Gordon and Hurricane Florence both pose threats. https://t.co/8IWZome233,,,,,,,,"Cat. 4 Major #HurricaneFlorence is heading in the direction of #Bermudas, but will probably not hit the Island group directly. 130 Mph max. sustained winds! Impact by huge swells is very likely. After day 5 uncertainty in the trajectory! 
https://t.co/OXNnpbatuq
#USA #EastCoast",
RT via .NHC_Atlantic: Hurricane #Florence Advisory 23: Florence Now a Category 2 Hurricane Over the Open Atlantic. https://t.co/ChokS5Mnv8 #HurricaneSeason,,Summary for Hurricane Florence (AT1/AL062018) https://t.co/phZVzMUGYU,,,,,,,,Projected forecast for #HurricaneFlorence it’s still to far out to call But the potential is there for this category 4 just slam the #EastCoast #Weather #Tropics https://t.co/5j7cOU3xUE,
Hurricane #Florence getting stronger...now a Category 2 over the Atlantic Ocean. No threat to land through the weekend. #tropics https://t.co/vgZSiz6qo8,,Hurricane Florence,,,,,,,,"NWSWakefieldVA : Hurricane Florence is now a category 4 storm with maximum sustained winds of 130 mph. As it tracks NW, please continue to monitor the latest forecast trends from NWSWakefieldVA and the National Hurricane Center. #vawx #mdwx #ncwx https://t.co/fZDEerUrPC https://t.co/3EEmPzzED4",
"Hurricane Florence Graphics https://t.co/p60kJY49t9 
5-Day Uncertainty Track last updated Wed, 05 Sep 2018 02:53:41 GMT

Wind Speed Probabilities last updated Wed, 05 Sep 2018 02:53:41 GMT",,Here is the latest track from @NWSNHC @WLTX on Hurricane #Florence. https://t.co/YxZskL5HZW,,,,,,,,"#BREAKING: #HurricaneFlorence is now a CAT.4 MAJOR hurricane....winds are now up to 130 MPH with a SLP of 953mb. #Florence looks remarkable on satellite. It is forecast to remain a MAJOR HURRICANE for the majority of the next five days.

(Imagery from Colorado State) https://t.co/gqG427pqUH",
Hurricane Florence Wind Speed Probabilities Number 23 https://t.co/poonSIui4p Issued at 0300 UTC WED SEP 05 2018,,Tropical Storm Gordon and Hurricane Florence both pose threats. https://t.co/p90fqbmHwN,,,,,,,,#Hurricane Florence now an extremely dangerous Category 4 hurricane with winds at 130 mph. #tropicalwx,
"#Florence has far exceeded expectations and is now a Category 2 hurricane with winds of 100 mph. Track, whether it be towards the US or out to sea, is still up in the air. https://t.co/t2QCWPN9CS",,"Hurricane Florence The name Florence has been used for ten tropical cyclones in the Atlantic Ocean, and five tropical cyclones in the Eastern Pacific... - https://t.co/diXZnbJQiQ",,,,,,,,"UPDATE: Hurricane Florence has strengthened to a Category 4 hurricane with maximum sustained winds of 130 mph, the National Hurricane Center said.
https://t.co/Vx5HrAw2SR https://t.co/lTqDU9XPZv",
Hurricane Florence PLS COME TOWARDS ME,,"RT NHC_Atlantic ""Hurricane #Florence Update: #Florence becomes the first major hurricane of the 2018 Atlantic hurricane season.  https://t.co/JNFniGC2sW https://t.co/gP0VE6vxO5""",,,,,,,,"Hurricane #Florence is now a Category 4 hurricane, the strongest of the 2018 season. Bermuda will be the closest land mass that could be impacted through early next week. However, the U.S. also needs to monitor this system closely in the next 10 days.. https://t.co/xtTI1y6HNY",
Hurricane Florence Graphics https://t.co/6RiqdNQoob #ek3tech #ilovejax #stormwatch,,From NHC_Atlantic: (@NHC_Atlantic)Hurricane #Florence Update: #Florence becomes the first major hurricane of the 2018 Atlantic hurricane season.  https://t.co/l3E0OMs6UY https://t.co/dTxQ7tZxGG,,,,,,,,"Florence, heading for Bermuda, now a Category 4 hurricane: NHC https://t.co/UorUdNtDDf",
Hurricane Florence Forecast Discussion Number 23 https://t.co/50iFyzTCiE #ek3tech #ilovejax #stormwatch,,RT via .NHC_Atlantic: Hurricane #Florence Update: #Florence becomes the first major hurricane of the 2018 Atlantic hurricane season.  https://t.co/lSIecN4pV1 https://t.co/Et5Y8IiZBi #HurricaneSeason,,,,,,,,BREAKING: Hurricane Florence is now a Category 4 storm with max sustained winds of 130 mph. https://t.co/hShZeav5jG,
Hurricane Florence Public Advisory Number 23 https://t.co/0MeMJjJeEv #ek3tech #ilovejax #stormwatch,,Tracking the Tropics: NHC: Hurricane #Florence Update: #Florence becomes the first major hurricane of the 2018 Atlantic hurricane season.  https://t.co/BtTABJkCsR https://t.co/zWvSb1xeQk,,,,,,,,"#Florence has rapidly intensified and is now a Category 4 #hurricane. Its path beyond this weekend remains highly uncertain, but residents of Bermuda and the U.S. East Coast should pay close attention to the forecast: https://t.co/r2XQ5PWFZZ https://t.co/2IVEtwLpiq",
Hurricane Florence Forecast Advisory Number 23 https://t.co/seqDLcpn2s #ek3tech #ilovejax #stormwatch,,Hurricane Florence Update Statement https://t.co/5iEPFq5XBa,,,,,,,,"Sunset on Category 4 Hurricane #Florence.  The last Category 4 hurricane in the Atlantic was Maria on September 20, 2017.  @UMiamiRSMAS @capitalweather https://t.co/nn5HsH0fgC",
"Well shit, where did #HurricaneFlorence come from? __ https://t.co/ZgGnRkdnto",,Hurricane Florence Update Statement https://t.co/x6fWmfFE3v Issued at 835 AM AST Wed Sep 05 2018,,,,,,,,I think its safe to say with these super storms being our new reality there are no rules anymore. The fact the Florence is now a category 4?! They intensify SO quickly it's nothing like it use to be. Jesus. https://t.co/0gflrGiDoP,
Hurricane Florence Public Advisory Number 23 https://t.co/roKwthA6YR,,_NOAA HURRICANE CENTER Atlantic_Summary for Hurricane Florence (AT1/AL062018) https://t.co/My17c6Y4Hc,,,,,,,,"Hurricane Florence (05:00 p.m. ATS)

Category 4 hurricane
Sustained winds: 130 mph (1-min mean)
Pressure: 953 mbar

#HurricaneFlorence #Florence #Hurricane https://t.co/8LDfAdvoRf",
Hurricane #Florence is now at category 2 strength with winds at 100mph. #tropics https://t.co/TbQKbbmE6N,,TROPICAL UPDATE: #Gordon is weakening over the Deep South. Flooding rains will spread north from there. #Florence is up to 120 mph and will face a 'fork in the road'. East Coast can't be ruled out. #Helene will follow on a more southerly track. More: https://t.co/rkMQ7ObzUn https://t.co/LIiIyxQisw,,,,,,,,"#Florence has rapidly intensified &amp; is now a Category 4 #hurricane. Its path beyond this weekend remains highly uncertain, but residents of Bermuda &amp; the U.S. East Coast should pay close attention to the 4cast: https://t.co/BW2qvvw3F0 https://t.co/od7BV5YwIB",
"UPDATE: Tropical Storm Gordon makes landfall along Gulf, Florence becomes category 2 hurricane https://t.co/6oISJfYlVy https://t.co/epC7uGJ3GL",,Hurricane Florence : #Florence becomes the first major hurricane of the 2018 Atlantic hurricane season. https://t.co/PMX1JVZUef,,,,,,,,Florence upgraded to Category 4 hurricane in Atlantic https://t.co/p6B2I2c8hD https://t.co/7YOA4AAlxN,
eye of #hurricane #florence 100 MPH Cat 2 peaking thru.... https://t.co/36lbeZa6Ub,,"Cat 3 Hurricane Florence 

961mb
WNW 10mph
120mph

Florence is a very dangerous storm for the fish at this time.  This system is expected to continue on its WNW travels for the next few days. Folks in Bermuda are hopefully watching this system closely. https://t.co/Bd2lgeWn7W",,,,,,,,"Our good friends @NWSRaleigh have some great advice:  Prepare now, so you'll be ready later!  We may never see the effects of #HurricaneFlorence, but by making plans and collecting emergency supplies, you'll be ready.  For more, see our FB page at:  https://t.co/RtxVO8ruPw https://t.co/pVZeAfTeIu",
"Hurricane #Florence has strengthened rapidly today. It's now a Category 2 storm, with 100 mph winds. https://t.co/WY3cpyh7vA",,Tropical Storm Gordon and Hurricane Florence both pose threats. https://t.co/6X1PY6AVvb,,,,,,,,Florence upgraded to Category 4 #HURRICANE in Atlantic https://t.co/brIyo7y6Jz #FWCWeather,
"#Gordon makes landfall as a tropical storm. Max. sustained winds of 70mph = 113 km/h. 
Meanwhile, #HurricaneFlorence is now a Category 2 storm out in the Atlantic. https://t.co/9SWKknKeTI",,"__ NEW MAPS COMING SOON __

The Tropical Atlantic is pepping up and we are adding back our US Eastern Seaboard domain.

#HurricaneFlorence will need close monitoring over the coming days and this domain should be of use.

Stay tuned. https://t.co/hCdYF0CWIg",,,,,,,,"**NOW LIVE** - a new region to cover the US Eastern Seaboard 

Here are the latest EC ENS tracks for #HurricaneFlorence, showing a large spread by day 4, and a massive spread by day 7:

https://t.co/vW5o9pUmGs https://t.co/AgDTdshIFj",
"#Gordon is making landfall along the Mississippi/Alabama Coastlines. Its a Tropical Storm w/ 70 mph winds. 

Meanwhile, #Florence has strengthened to Category 2 Hurricane w/ 100 mph winds. It is not posing a threat to Florida. #FLwx

Tropical Weather &gt;&gt; https://t.co/TviVJ9x9Ca https://t.co/9czLU5V5at",,"Snow? The 6z GFS run shows the remnants of Hurricane Florence just East of #Ottawa on Sept 19th; pulling down enough cold air to produce snow.
The earliest Ottawa has ever recorded snow was Sept 30th, 1946. #OttWx

**Forecasts beyond 3-days are for entertainment purposes only. https://t.co/2VuCAmWTE3",,,,,,,,ATLANTIC HEATING UP: Florence now a Category 3 hurricane https://t.co/K3oOrwB16x,
"Hurricane #Florence steadily becoming more impressive from our eastern periphery. Keep one good ""eye"" on it next few days. https://t.co/Ydkqccq1wy",,Tropical Storm Gordon and Hurricane Florence both pose threats. https://t.co/6FEB5ydq34,,,,,,,,"Updated GFS ensemble track guidance (1200 UTC) for Hurricane Florence suggests she wants to turn away from U.S. mainland

https://t.co/dH9JJCQEVe https://t.co/UaQvjdLOuA",
Hurricane Florence - North Atlantic https://t.co/N859thQlMs,,Tropical Storm Gordon and Hurricane Florence both pose threats. https://t.co/620Vso4idw,,,,,,,,soooo hurricane florence is a Cat 4 now. __,
"...FLORENCE NOW A CATEGORY 2 HURRICANE OVER THE OPEN ATLANTIC...
11:00 PM AST Tue Sep 4
Location: 20.7°N 43.9°W
Moving: WNW at 12 mph
Min pressure: 976 mb
Max sustained: 100 mph https://t.co/9cFzGlkcKu",,Tropical Storm Gordon and Hurricane Florence both pose threats. https://t.co/Je2Vfbuke8,,,,,,,,"Notification: ""BREAKING NEWS: Florence now a Cat""

Me: I assume she was a dog? Cool! I guess pet reassignment is now a thing?

Reality: Cat 4 Hurricane. Reality is so lame.",
"HURRICANE FLORENCE (11 pm Tuesday): The storm has strengthened and is expected to remain a hurricane, although there will be fluctuations in intensity. Still no threat to the U.S. #WLTX https://t.co/VYZrNMQkMn",,Tropical Storm Gordon and Hurricane Florence both pose threats. https://t.co/uNExmcURqa,,,,,,,,"Hurricane Florence was just upgraded to a Category 4 storm, the first major Atlantic Hurricane this year. Bermuda is currently in its path and it is unclear whether the East Coast is looking at a direct impact. #Florence #HurricaneFlorence

PC: NOAA https://t.co/CZQiu9k1aY",
(1/3) FLORENCE UPDATE: Hurricane Florence has been upgraded to a Category 2 hurricane with sustained winds of 100 MPH and a minimum pressure of 976 mbars. It is forecast to strengthen slightly over the next 12 hours or so before weakening due to increased wind shear from the SW.,,Tropical Storm Gordon and Hurricane Florence both pose threats. https://t.co/vJuN00iWgL,,,,,,,,"#Florence is a very strong Category 4 Major Hurricane. While the track is still relatively unsettled, trends continue to favor this westward drift closer to the United States. Still a ton of time for changes and shifts in the forecast. #27Weather https://t.co/E8I62UB4su",
"Very active times in the Atlantic Basin. Tropical Storm #Gordon has made landfall along the MS/AL coast...but it isn't the only game in town. #Florence is now a Category 2 Hurricane, Invest 92L has an 90% chance of... https://t.co/G865emIIZ3",,Tropical Storm Gordon and Hurricane Florence both pose threats. https://t.co/ZoMIvVb09v,,,,,,,,"5pm, 5 Sep -- #Florence = now Cat. 4 #Hurricane:
~ 2 more disturbances developing ~

1) Florence strengthened even more, becoming a Cat-4 Hurricane at 5pm -- with winds @ 130mph (Cat-4) -- moving slowly WNW @ 13mph... https://t.co/kpvsNzjQtt",
"RT YourNews15 ""Very active times in the Atlantic Basin. Tropical Storm #Gordon has made landfall along the MS/AL coast...but it isn't the only game in town. #Florence is now a Category 2 Hurricane, Invest 92L has an 90% chance of... https://t.co/CXVRUnFSZl""",,Tropical Storm Gordon and Hurricane Florence both pose threats. https://t.co/eNFTGjzLCO,,,,,,,,(1/3) FLORENCE UPDATE: Hurricane Florence has been upgraded to a Category 4 hurricane with sustained winds of 130 MPH and a min pressure of 953 mbars. Florence will likely gradually weaken over the next 2 days to a Cat 2 or 3 hurricane due to increasing wind shear.,
"Hurricane #Florence (the one way out in the Atlantic) exploded to a Cat 2, 100 mph hurricane Tuesday night. The track shifted a little south tonight, but no threat to land for next week. History shows that storms in this area don't impact U.S. https://t.co/mHYLYrNgMA",,Tropical Storm Gordon and Hurricane Florence both pose threats. https://t.co/czCpL319mV,,,,,,,,"#Florence is now a Category 4 hurricane with winds of 130 mph. National Hurricane Center:  ""It is far too soon to speculate what, if any, impacts Florence may have on the U.S. East Coast next week."" #hrweather https://t.co/hh7s4L3O6s",
#HurricaneFlorence has strengthen to Category 2 hurricane in the latest advisory from the #NHC https://t.co/dDDdxXXYa6,,Tropical Storm Gordon and Hurricane Florence both pose threats. https://t.co/5Wn4oJRXZ6,,,,,,,,New post: UPDATE-BERMUDA-WEATHER-Florence intensifies to a Category 4 hurricane as it heads towards Bermuda https://t.co/pVB5SBpoJ7,
Hurricane Florence Forecast Discussion Number 23 https://t.co/u2Q07uSKgu,,Florence category 3! https://t.co/3pqF2iz7hy,,,,,,,,"Hurricane Florence becomes a Cat 4, day 2 of Kavanaugh hearings &amp; a stunning Op-Ed in the NYT on President Trump. Orlando's Evening News is LIVE at 6 with @TMarinoWDBO &amp; I on @news965wdbo",
"CAT 2 Hurricane Florence 

976 mb
WNW 12mph
100mph

Florence will continue to treck in a WNW direction next few days.  On the heels of Florence looks to be two more storms in the making.  We will keep you updated. 

NY NJ CT Storm Watch. https://t.co/Y6Q5gyJ7lB",,Tropical Storm Gordon and Hurricane Florence both pose threats. https://t.co/7uYPQ4B3gJ,,,,,,,,Category 4 #HurricaneFlorence rapidly strengthens and may threaten East Coast next week https://t.co/nU30kkjpZM,
"Hurricane Florence is currently a Cat 2, with winds 100mph — Model runs is flirting with a NC coastal brush — but it’s still WAY TO FAR OUT to try to predict a destination for Florence.",,Tropical Storm Gordon and Hurricane Florence both pose threats. https://t.co/xl3TelEqaw,,,,,,,,"#Hurricane #Florence now a Category 4 Hurricane. Going to dub it #FlorenceNightmareGale now before the media starts using it as models keep showing impacts to the East coast. A lot could happen by then, need to keep calm and wait for the next run. https://t.co/AxriCpr8be",
#Florence is now a Category 2 #hurricane - the second Category 2 hurricane of the 2018 Atlantic hurricane season to date. The other Category 2 hurricane so far this year was Chris. https://t.co/zrzIys8oWH,,Tropical Storm Gordon and Hurricane Florence both pose threats. https://t.co/4dH9bWhva9,,,,,,,,#Florence upgraded to Category 4 hurricane in #Atlantic https://t.co/p8OA5awTi0,
"NHC issuing advisories 
- for the Atlantic on Hurricane Florence and TS Gordon
- for the Eastern Pacific on Hurricane Olivia
CPHC issuing advisories 
- for the Central Pacific on Norman
https://t.co/7HBiHK0SGS",,Tropical Storm Gordon and Hurricane Florence both pose threats. https://t.co/4Mj3OVJN8L,,,,,,,,RT:7Weather: 5 PM Latest update on Hurricane Florence.   Now a Cat 4 hurricane.   Eventual threat for Bermuda. https://t.co/iJv2lGKzG5 https://t.co/cyXsQVYNR1 #Sheffieldissuper #doncasterisgreat #tweetmaster #AtSocialMedia,
"What does the future hold? The shear does increase due to a building UL anticyclone in the E Caribbean, but notice how the 200mb flow is highly divergent and favorable for outflow evacuation. This might offset the shear and prevent #Florence from weakening much. https://t.co/RrnisaqKdV",,Tropical Storm Gordon and Hurricane Florence both pose threats. https://t.co/6gXxophzZ1,,,,,,,,"""Florence is the first major Atlantic hurricane of the 2018 season"" #florence https://t.co/6JrDXLD0en",
Hurricane Florence rapidly intensifying Cat 2 now,,Tropical Storm Gordon and Hurricane Florence both pose threats. https://t.co/IBeMl7cQAY,,,,,,,,SOURCE: https://t.co/SIUJZGzQOT Hurricane Florence strengthens in Atlantic: Tips to prepare for the storm || #BreakingNews #CTMMagazine #CTMNEWS #Miami #Nyc #Houston #Chicago #Boston || DOMAINS https://t.co/0KQKgRBiEW || https://t.co/YFcuIUA61N,
"in the pacific, #olivia has been upgraded to a category 3 hurricane, while #norman is still a category 1. in the atlantic, #florence has been upgraded to a category 2, and tropical storm #gordon has made landfall in the gulf coast. __ please stay safe, everyone.",,TROPICAL UPDATE: Hurricane Florence becomes the first major hurricane of the season. This is out in the Atlantic and will continue to push to the west/northwest. Still uncertainty on where it is exactly headed. https://t.co/Oe6pSSuFiH,,,,,,,,"Hurricane Florence, the first major hurricane of the year, could pose a threat to the USA East Coast - CNN https://t.co/XgvyJNOfgV   PLEASE pray that everyone in the path of storms will use all wise judgment and be prayerful rather than fearful.",
UPDATE Hurricane Florence:(Her 3 Sisters) Warning Florida to Virginia - ... https://t.co/zcjRkzi27m via @YouTube,,#BREAKING Florence powers up to become a category 3 hurricane with 120 mph winds. Latest on tropics: https://t.co/2FlVKoQZCp https://t.co/20aRHio0DR,,,,,,,,#HURRICANE Florence strengthens in Atlantic: Tips to prepare for the storm https://t.co/gbCsLtnnCo #GPWX,
"Tropical Storm Gordon Making Landfall on Mississippi / Alabama Border @ 70 MPH
Hurricane Florence @ 100 MPH Still Comin'",,Eye on Hurricane Florence as two other tropical waves develop... https://t.co/jz7GbYpemR,,,,,,,,#HURRICANE Florence strengthens in Atlantic: Tips to prepare for the storm https://t.co/j7XlTFR5VD #FWCWeather,
Hurricane Florence intensify’s to a Category 2 Hurricane with 100mph winds 976mb. Potential he Florence could become our first major hurricane of the Atlantic season Category 3 or higher. https://t.co/Frzorlzjd1,,Tropical Storm Gordon and Hurricane Florence both pose threats. https://t.co/d3v5FHAdN5,,,,,,,,"As #HurricaneFlorence treks into warmer waters, it is now the 1st major #hurricane of the Atlantic. Temps in the western Atlantic are extremely warm meaning fuel for this storm. This will be interesting to see unfold. @MooreClimate #SeptemberIsHurricaneMonth #hurricaneseason #wx https://t.co/GPXqupshSD",
Major changes in the GFS forecast from 48 hours ago. A much stronger ridge east of the Rockies would signal widespread summer-like temps and potentially blocking #HurricaneFlorence from returning out to sea. Trending towards Euro/ensembles. https://t.co/tKmMpB0kxs,,Tropical Storm Gordon and Hurricane Florence both pose threats. https://t.co/BdQQTlywdP,,,,,,,,Loop of the day -- GeoColor of #Hurricane #Florence --Category 4 storm with max sustained winds of 130 mph. #Tropics #Atlantic https://t.co/LGBvHHDLhs,
"Hurricane Florence GFS model 10 day forecast 12am EST. No big change from 6pm run. It shows Florence slowing and intensifying, with high pressure building off Africa &amp; the NE U.S. creating the WNWest steering toward the U.S. East Coast, with high sea temps that increase intensity https://t.co/Ih94G0XmnZ",,Tropical Storm Gordon and Hurricane Florence both pose threats. https://t.co/qCKux4Aq9x,,,,,,,,"Florence, heading for Bermuda, now a Category 4 hurricane: NHC https://t.co/Huawj3puTT",
"Regarding #HurricaneFlorence...of the 106 hurricane to ever come within 200 miles of Bermuda, there has only been one to go on and make a U.S. landfall, which was an unnamed storm from 1933. https://t.co/xl1yP2GjNV",,"Hurricane Florence is getting a little stronger as it moves over the open Atlantic this Wednesday. #fox35 #GDO

https://t.co/Ihfs1GO8Nn",,,,,,,,Here is what is left of Gordon; Hurricane Florence is a category 4 storm: https://t.co/0kMnpfiEz1 via @YouTube,
0z #GFS is even scarier than 18z run and has a loop off the coast. The GFS has a landfall in Nova Scotia as a powerful transitioning Hybrid Hurricane. #Florence 12z #ECMWF #Ensembles #EPS still have an east coast Landfall as do some 0z GFS ensembles #GEFS https://t.co/Y8WPErtm80,,Tropical Storm Gordon and Hurricane Florence both pose threats. https://t.co/4I58QhAb5r,,,,,,,,And then there was #HurricaneFlorence - Now a #category4 hurricane #tropics. The East Coast will be watching this one. #mdwx https://t.co/YjDdKa5HSg,
"___ #LALATE ___ #BREAKINGNEWS 
NEW TUES UPDATE!
#HurricaneFlorence Projected Path
LIVE! ____  https://t.co/zlaSFzHfNa
""Hurricane Florence"" 
#Florence ""Florence"" 

 10",,Tropical Storm Gordon and Hurricane Florence both pose threats. https://t.co/9BjvyhbyGS,,,,,,,,"Batten down the hatches 
 #HurricaneFlorence becomes #CAT4 storm  https://t.co/dsY7Rgaxj7",
"Hurricane Florence next storm in the pipeline, and more are expected to follow https://t.co/Ngz2I5bmb3 https://t.co/mv7BDTPF9M",,Tropical Storm Gordon and Hurricane Florence both pose threats. https://t.co/rivuOW6e2h,,,,,,,,Florence upgraded to Category 4 hurricane in Atlantic https://t.co/Iz2C7nqLvQ https://t.co/quWIZmhpys,
"ECMWF 00Z: an adjustment in the position of an upper ridge in the North Atlantic forces Hurricane Florence underneath &amp; prevents ""escape"" to sea next week.

This is the critical synoptic feature to monitor over the next several days. You'll be hearing about it ad nauseam. https://t.co/U6jMWoMZLc",,Tropical Storm Gordon and Hurricane Florence both pose threats. https://t.co/mJQX97j1pu,,,,,,,,"Hurricane Florence 5pm winds 130mph. 953mb. NW@ 13mph.
1295mi ESE of Bermuda. 22.7N 46.6W",
"RT NHC_Atlantic ""Hurricane #Florence Update: Florence continuing to strengthen and now has maximum winds of 85 mph.  The increase in intensity will be accounted for in the 5 PM AST advisory. https://t.co/1yA352dETu""",,Tropical Storm Gordon and Hurricane Florence both pose threats. https://t.co/k5NQ02Kl75,,,,,,,,"#Florence is now a Cat 4 Hurricane with max winds of 130mph, Invest 92L has an 90% chance of becoming Trop Storm #Helene over next 3-5 days, and a 3rd trop wave with a 30% chance of becoming #Isaac over next 3-5 days. Stay vigilant! Hurricane season runs through November 30th. https://t.co/7A5jfxFLSU",
"RT NHC_Atlantic ""Hurricane #Florence Advisory 23: Florence Now a Category 2 Hurricane Over the Open Atlantic. https://t.co/UbjfN7Mokl""",,Tropical Storm Gordon and Hurricane Florence both pose threats. https://t.co/yl10bJkqWt,,,,,,,,"So how do I know what Hurricane #Florence will do?
-That's the mln $ question. But the specialty trained professionals over at @NHC_Atlantic are the official key holders of the path 'cone map' and storm stats, so stick with them. All apps/news get their storm stats from them. https://t.co/mkjTpKzG20",
Oh noooooo ________ #HurricaneFlorence https://t.co/1fmoXxIu2J,,Tropical Storm Gordon and Hurricane Florence both pose threats. https://t.co/uRjYcH47yJ,,,,,,,,"When does NHC release updates on Hurricane #Florence?
-Every 6hrs at 5 &amp; 11amEDT/AST &amp; if it gets close enough to land for Watches/Warnings they'll add updates at 2 &amp; 8am/pmEDT as well.

How do they measure it?
-Satellite, aircraft recon, drone recon, radar, buoys, etc etc etc https://t.co/fTLDzv1fMp",
_NOAA HURRICANE CENTER Atlantic_Hurricane Florence Public Advisory Number 23 https://t.co/WyFw9VY6Cl,,Tropical Storm Gordon and Hurricane Florence both pose threats. https://t.co/cvGX5zEWLn,,,,,,,,"Things are starting to heat up out in the #AtlanticOcean.  #Gordon has been downgraded to a tropical depression, but hurricane #Florence is heading toward the USA and a cluster of storms off #WestAfrica is likely to become #Helene over the next 48 hours. https://t.co/RywQZOLP60",
NHC_Atlantic Hurricane #Florence Advisory 21: Florence Becomes the Third Hurricane of the Atlantic Season. https://t.co/1mvzDxeP1Y https://t.co/EmE4PfxlXx https://t.co/SBEDJHkGLC,,"New Blog  | Hurricane #Florence gradually strengthening in the Atlantic, and a track close to the USA is still a possibility down the road. Here is a detailed breakdown of what will determine where she goes: https://t.co/SpnPTEcrXl #tropics https://t.co/ArJc2xa0wY",,,,,,,,"Hurricane Florence, first major storm of Atlantic season, could hit East Coast next week - USA TODAY https://t.co/tjqmvGedQD via @GoogleNews",
Hurricane Florence Forecast: https://t.co/B7gIILnoyE via @YouTube,,Eye on Hurricane Florence as two other tropical waves develop... https://t.co/PjEImgxhVK,,,,,,,,"Define Americentrism: @CNN, ignoring recent hurricane in Hawaii, calls Florence the 'first major hurricane of the year.'  Of course, why would the largest ocean in the world matter?
 https://t.co/tSMiZQnwYz",
Elsewhere in the tropics: #Florence is a strengthening Category 2 hurricane in the central Atlantic... we'll need to keep an eye on that in about a week.,,Tropical Storm Gordon and Hurricane Florence both pose threats. https://t.co/aYSRUUGtBx,,,,,,,,"Hurricane Florence, the first major hurricane of the year, could pose a threat to the US East Coast
https://t.co/wwK9394yNr",
[06Z] HUR Florence casually plodding through the Atlantic as a Category 2 Hurricane. (The Met Office here seem to think she'll go CAT3 within ~108 hours) #WXGeek https://t.co/7Vtg4X0KXL,,Eye on Hurricane Florence as two other tropical waves develop... https://t.co/2aLNGR0Dyn https://t.co/oZetTlvPPB,,,,,,,,"#HurricaneUpdate #In2thinair #HurricaneFLORENCE now #CAT4 and Heading Right to US coast!
#HurricaneHELENE... https://t.co/CK8SYAH0iM",
"#Gordon will weaken over the US the next few days and rain out -- farther out in the #Atlantic, tracking Hurricane #Florence and another tropical wave. @wsbtv https://t.co/h6J38z1C31",,Tropical Storm Gordon and Hurricane Florence both pose threats. https://t.co/CPcBDTLndF,,,,,,,,Florence upgraded to Category 4 hurricane in Atlantic https://t.co/Sv39Ro9Oyf https://t.co/ctMDClOBML,
"Tropical Storm Gordon makes landfall near Alabama, Mississippi; Hurricane Florence has 100 mph winds https://t.co/JHGZFRpjgt https://t.co/yQcwkUuY5r",,Tropical Storm Gordon and Hurricane Florence both pose threats. https://t.co/lPAyM85LPc,,,,,,,,"That creates the WNWest steering toward the U.S. East Coast. After the high pressure weakens it initially moves North, then NE toward a trough of low pressure. It shows Florence making a landfall in the Delaware, Maryland &amp; New Jersey area at 929 mb, a strong Cat 4 Hurricane",
"00Z #ECMWF and #GFS ensemble are now out for #HurricaneFlorence. 3 things to focus on:
1) Both ensembles have shifted westwards towards U.S east coast
2) Over 50% of ECMWF and 90% of GFS members have no landfall
3) Any landfall opportunity is 8-11 days away so uncertainty is high https://t.co/bHUWZRVwoa",,"#HurricaneFlorence (now rated at Category 3) is at a stage where it could track anywhere over a wide range, these maps of #TrajectoryModels from @JackSillin show. https://t.co/1EYIM2AKLe",,,,,,,,"HURRICANE FLORENCE 
MAJOR 130MPH CAT4! 
HEADING STRIGHT TO US COAST! 
Hurricane HELENE 92L is NEXT!
https://t.co/9heqwz8Imi",
Here's the latest on Hurricane Florence that we are tracking. Stay updated by clicking on https://t.co/FHN2k2TDbr and looking in the HURRICANE SEASON 2018 section. #ecarwx https://t.co/s4Pw096dqT,,"Another look at #HurricaneFlorence #TrajectoryModels, from @ryanweather https://t.co/5y9xuh9F3Z",,,,,,,,Florence upgraded to Category 4 Hurricane: https://t.co/h77qEBJrr0,
Here's the latest on Hurricane Florence that we are tracking. Stay updated by clicking on https://t.co/kBGR4eyf3e and looking in the HURRICANE SEASON 2018 section. #ecarwx https://t.co/dDyDg3Yz8M,,Tropical Storm Gordon and Hurricane Florence both pose threats. https://t.co/bomsiyxtJ8,,,,,,,,I liked a @YouTube video https://t.co/8inihtQsL6 HURRICANE FLORENCE MAJOR 130MPH CAT4! HEADING STRIGHT TO US COAST! Hurricane HELENE,
Here's the latest on Hurricane Florence that we are tracking. Stay updated by clicking on https://t.co/FSH3Vgh6pX and looking in the HURRICANE SEASON 2018 section. #ecarwx https://t.co/OEWxfq4Y4B,,"OK, you got our attention now #HurricaneFlorence https://t.co/ZIGIklIaVy",,,,,,,,"Gordon weakens, Hurricane Florence gains strength on path toward Bermuda https://t.co/k3Ho1liUxa",
Hurricane #Florence Advisory 24: Florence a Little Stronger. Moving Over the Open Atlantic. https://t.co/VqHn0uj6EM,,Tropical Storm Gordon and Hurricane Florence both pose threats. https://t.co/6MPgyiCckf,,,,,,,,"Gordon weakens, Hurricane Florence gains strength on path toward Bermuda
 https://t.co/mNk34uyOPY",
#HurricaneFlorence has now been upgraded to a category 2 system with sustained winds of 150kmh+ with higher intensification than expected. No land based advisories at this time but some risk of a track towards or nearby the NE coast of the US? Here is the latest GFS guess! https://t.co/HG5fJPMXLk,,"Hurricane Florence is now a major hurricane over Atlantic Ocean, with sustained winds of 120mph. 

However, there's huge uncertainty whether it'll head towards US or curve away to the north. 

Each coloured line in image is possible outcome. Roughly 60-40 split, but will change. https://t.co/kBTbqPldrF",,,,,,,,"Gordon weakens, Hurricane Florence gains strength on path toward Zinedine Zidane",
From NHC_Atlantic: (@NHC_Atlantic)Hurricane #Florence Advisory 24: Florence a Little Stronger. Moving Over the Open Atlantic. https://t.co/fOFfzLvjZ7,,Tropical Storm Gordon and Hurricane Florence both pose threats. https://t.co/peNRt9lMox,,,,,,,,"East coasters, keep your eyes on this storm. Remember Hurricane Hugo (Cat 4, 21-22 Sept 1989).

FIRST ALERT: Hurricane Florence upgraded to Cat. 4 https://t.co/ZAchgYH8OM",
Here's the latest on Hurricane Florence that we are tracking. Stay updated by clicking on https://t.co/utT5h4pktP and looking in the HURRICANE SEASON 2018 section. #ecarwx https://t.co/Ksv2p0cSSH,,Eye on Hurricane Florence as two other tropical waves develop... https://t.co/LA8id7eWKu,,,,,,,,"Long range forecast guidance on #HurricaneFlorence remains ominous, but the thoughts we shared earlier in this article remain the same: 
https://t.co/2Orj97H6DR https://t.co/b8SVywQOpv",
Here's the latest on Hurricane Florence that we are tracking. Stay updated by clicking on https://t.co/kBGR4eyf3e and looking in the HURRICANE SEASON 2018 section. #ecarwx https://t.co/NPHPTH96xE,,Tropical Storm Gordon and Hurricane Florence both pose threats. https://t.co/LEXNSQL1Qr,,,,,,,,#Florence has been upgraded to a Cat 4 #Hurricane. She’s a mean one right now. 130 mph sustained winds. Still unsure of how this path is going to shape out... #extremewx #hurricaneseason,
Here's the latest on Hurricane Florence that we are tracking. Stay updated by clicking on https://t.co/FSH3Vgh6pX and looking in the HURRICANE SEASON 2018 section. #ecarwx https://t.co/HwSIG7qGNj,,Tropical Storm Gordon and Hurricane Florence both pose threats. https://t.co/WcaqIS4UBC,,,,,,,,Category 3 Hurricane Florence rapidly strengthens and may threaten East Coast next week https://t.co/crbzxeDXVh,
Hurricane Florence Forecast Advisory Number 24 https://t.co/eTvuhDlEzB #ek3tech #ilovejax #stormwatch,,"MAJOR HURRICANE

#Florence is the first major hurricane of the 2018 Atlantic season. #ncwx #triadwx #weatheronsthe1s @SpecNewsTriad https://t.co/dkMcqe3eAR",,,,,,,,"HURRICAINE FLORENCE.... Is approaching......__  

TROPICS: Florence is now a Category 4 hurricane with winds up to 130 miles per hour.

Swells coming from it will start arriving at Jacksonville and other east coast beaches this weekend: https://t.co/8CWpUc8tCw",
Tracking the Tropics: NHC: Hurricane #Florence Advisory 24: Florence a Little Stronger. Moving Over the Open Atlantic. https://t.co/N5SW6JGYFZ,,Tropical Storm Gordon and Hurricane Florence both pose threats. https://t.co/id3y8rD6XW,,,,,,,,Hurricane Florence is now a Cat 4 storm! #hurricaneflorence #meteorology #surfsup__ #category4 https://t.co/odEfej4zsp,
Hurricane Florence Public Advisory Number 24 https://t.co/HA8qA1RyhF,,Hurricane Florence Update Statement https://t.co/VFREZfHnUI,,,,,,,,"Gordon weakens, Hurricane Florence gains strength on path toward Bermuda https://t.co/ED3a54XA7q",
Hurricane Florence Forecast Advisory Number 24 https://t.co/puSdFn1IEo,,RT NHC_Atlantic: Hurricane #Florence Update: #Florence becomes the first major hurricane of the 2018 Atlantic hurricane season.  https://t.co/RpW0HpzkUM https://t.co/eOn2FI79LX,,,,,,,,Hurricane Florence becomes a category 4 hurricane https://t.co/wK3wW2x2xd https://t.co/exkSQx4Lpg,
"Hurricane Florence Information by ATCF XML Prototype https://t.co/56hgXyAENo Issued at  Wed, 05 Sep 2018 08:47:36 GMT. This is only a prototype and the file format may change without notice.",,Tropical Storm Gordon and Hurricane Florence both pose threats. https://t.co/46KchrAdgu,,,,,,,,#HurricaneFlorence beating many odds right now with good wind shear and some dry air in place. Two things that don't usually support a category 4 monster with winds at 130 mph. Shows the type of system we're dealing with. https://t.co/Jb0TtzOlQV,
"Hurricane Florence 5-Day Track, Uncertainty Cone, Warnings (.shp) https://t.co/qGrI2M2zGs GIS Data last updated Wed, 05 Sep 2018 08:50:17 GMT",,"Hurricane Florence has become more intense, becoming our first major hurricane in the Atlantic this season. The storm will continue tracking in the general direction of Bermuda into next week. https://t.co/oBssVJErM5 https://t.co/bPCqi22Muz",,,,,,,,"Hurricane Florence strengthens in Atlantic: Tips to prepare for the storm
https://t.co/i9PA7eShRV
#Politics #News #World #PoliticsToday #Breaking #Political #USA #RT #politicalreporter",
Hurricane Florence Forecast Advisory Number 24 https://t.co/wTXBgvMBBZ,,Tropical Storm Gordon and Hurricane Florence both pose threats. https://t.co/5KnmquYRFD,,,,,,,,"Hurricane FLORENCE now a major category 4 hurricane, possible threat to Bermuda, U.S. East Coast next week.  https://t.co/qX9z5UB0YS https://t.co/lD4AylnzEQ",
"[#Hurricane Florence] attached is probability of 34+ kt winds thru 240 hrs from 00z overnight #ECMWF ensembles, which have trended farther west with #Florence.  Potential landfall from Mid Atlantic to southeast US coast. Still 7 days away so lots of uncertainty, track &amp; intensity https://t.co/P4GQDtCeKQ",,Tropical Storm Gordon and Hurricane Florence both pose threats. https://t.co/93wAnjj4gp,,,,,,,,"NC declared state of emergency already...

Umm yeah i ain’t trying to mess with Hurricane Florence.",
5am Update on Hurricane Florence. Should stay in open Atlantic for the next 5 days. https://t.co/iKiwKJFRKY https://t.co/tFQTSLlUwu,,Atlantic Tropical Outlook.  TS Gordon is inland and weakening (still a flooding threat).  Hurricane Florence isn’t a threat to the United States.  Invest 92L… https://t.co/ESJIe5Q0p7,,,,,,,,"State of Emergency in North and South Carolina. If you still haven't prepared yet for Hurricane #Florence, your time is running out!",
@NHC_Atlantic are no longer forecasting #HurricaneFlorence to weaken back to a tropical storm. The track of #Florence is still uncertain but it increasingly looks like impacts are likely in Bermuda next week. Still something to watch closely! https://t.co/tHPV8G9GZo,,Hurricane #Florence Update: #Florence becomes the first major hurricane of the 2018 Atlantic hurricane season.   ht… https://t.co/hKtt6uVGFd https://t.co/B4hzBP3tQx,,,,,,,,@suzjdean @ecl326 Good planning! Always have a plan and safety first! #TropicalStormFlorence #HurricaneFlorence #Hurricane #Florence https://t.co/cYM3XcuSWq,
._@tedmcinerney_ is tracking Tropical Storm #Gordon and keeping an eye on Hurricane #Florence this morning. We are at the peak of hurricane season. https://t.co/9vQPgKXzxq https://t.co/PGAfC7wKLB,,Hurricane #Florence is a major hurricane with wind speeds up to 120 mph... located 1405 mi ESE of Bermuda. https://t.co/n1CxxC4eR2,,,,,,,,2pm et TWB is Live! Hurricane Florence Updates and Trivia! https://t.co/AYEimyt5nM,
Hurricane Florence Forecast Discussion Number 24 https://t.co/4OW5gfnJ9M,,Hurricane #Florence is a major hurricane with wind speeds up to 120 mph... located 1405 mi ESE of Bermuda. https://t.co/Cwmmvt701a,,,,,,,,"SC governor declares state of emergency as storm takes aim at Southeast coast 
#HurricaneFlorence #Hurricane #Florence #HurricaneSeason #SouthCarolina

https://t.co/f4kE2Y25T7",
Hurricane Florence Public Advisory Number 24 https://t.co/phZVzMUGYU,,Tropical Storm Gordon and Hurricane Florence both pose threats. https://t.co/3pCEb9nRHk,,,,,,,,"The #Carolinas need to prepare now for a direct hit from a major Hurricane. 

#NYC and the entire #MidAtlantic and #Northeast Coast will receive the remnants of #Hurricane #Florence, whether it be Tropical Storm conditions or still even Hurricane conditions. Stay tuned... https://t.co/O9rgNyzHgA",
Hurricane Florence Public Advisory Number 24 https://t.co/sLl7Z7Wc8p,,"SIGNIFICANT changes in overnight European ensemble data regarding the potential track for #Hurricane #Florence. A notable shift west, w/ majority of members suggesting an Eastern US coastal impact as a fairly strong storm. Certainly needs monitored. #NCwx #Scwx #GAwx #FLwx #VAwx https://t.co/lqp3HJd6ws",,,,,,,,SOURCE: https://t.co/lMKzgu2DRm Atlantic Hurricane Florence Watch - plus Weather Channel Live Stream || #BreakingNews #CTMMagazine #CTMNEWS #Miami #Nyc #Houston #Chicago #Boston || DOMAINS https://t.co/0KQKgRBiEW || https://t.co/GZM5YZCUoj,
Hurricane Florence Forecast Discussion Number 24 https://t.co/5BXt5UB7c4,,Tropical Storm Gordon and Hurricane Florence both pose threats. https://t.co/c87tYFE4H6,,,,,,,,Me trying not to worry about hurricane Florence rn ____ #lifeontheeastcoast https://t.co/0crX8UcsQJ,
Summary for Hurricane Florence (AT1/AL062018) https://t.co/sLl7Z7Wc8p,,Tropical Storm Gordon and Hurricane Florence both pose threats. https://t.co/k5BYfeOd2i,,,,,,,,"Work trip to GA this week.. my weather nerd in myself is coming out... Hurricane Florence is heading towards the coast.. though interior GA isn’t ground 0, going to be interesting watching and hearing about the prep.",
Hurricane Florence Public Advisory Number 24 https://t.co/VouvXqYB69,,Tropical Storm Gordon and Hurricane Florence both pose threats. https://t.co/TALVI87joK,,,,,,,,I wonder if hurricane Florence could do me a favor and hit directly at putters pub,
_NOAA HURRICANE CENTER Atlantic_Hurricane Florence Graphics https://t.co/4xibiq6v9c,,Tropical Storm Gordon and Hurricane Florence both pose threats. https://t.co/b8nmJI9DRl,,,,,,,,So SC already  declared a state of emergency  ahead of Hurricane  Florence......____let me get stuck in Virginia I wont complain ____,
_NOAA HURRICANE CENTER Atlantic_Hurricane Florence Forecast Advisory Number 24 https://t.co/BzUHqfsRc6,,RT NHC_Atlantic: Hurricane #Florence Update: #Florence becomes the first major hurricane of the 2018 Atlantic hurricane season.  https://t.co/QF6rvW1tpN https://t.co/OuCdr5Y4Yj,,,,,,,,"@katyperry Please help get the word out to people in SC &amp; NC to get ready for Hurricane Florence.  Small &amp; medium businesses, houses of worship and families can get #ReadyForIt at https://t.co/Ie3w4qdcVJ in just 10 minutes!!",
_NOAA HURRICANE CENTER Atlantic_Hurricane Florence Forecast Discussion Number 24 https://t.co/FQ1xOWcyPD,,Will Category 3 #HurricaneFlorence head toward the North or turn farther West threatening the East coast? Forecasters say the path is highly uncertain and to continue monitoring it closely through next week: https://t.co/kXYoQZhe0H  #SCwx https://t.co/x3pQJEUuFn,,,,,,,,"@realDonaldTrump Please help save lives prior to Hurricane Florence. Small &amp; medium businesses, houses of worship and families can get #ReadyForIt at https://t.co/Ie3w4qdcVJ in just 10 minutes!!",
_NOAA HURRICANE CENTER Atlantic_Summary for Hurricane Florence (AT1/AL062018) https://t.co/My17c7fG5M,,Hurricane Florence! ______ https://t.co/vTqlw9vNo9,,,,,,,,"@VP Please help save lives prior to Hurricane Florence. Small &amp; medium businesses, houses of worship and families can get #ReadyForIt at https://t.co/Ie3w4qdcVJ in just 10 minutes!!",
"Hurricane Florence: 5-Day Uncertainty Track Image and 34-Knot Wind Speed Probabilities
https://t.co/tSuLM9cZjR https://t.co/aQDsQzepm0",,Tropical Storm Gordon and Hurricane Florence both pose threats. https://t.co/HVgxPfLTTr,,,,,,,,"@IvankaTrump Please help save lives prior to Hurricane Florence. Small &amp; medium businesses, houses of worship and families can get #ReadyForIt at https://t.co/Ie3w4qdcVJ in just 10 minutes!!",
Hurricane Florence Forecast Discussion Number 24 https://t.co/60YJUAXMeM #ek3tech #ilovejax #stormwatch,,Tropical Storm Gordon and Hurricane Florence both pose threats. https://t.co/7TqFwoxRk0,,,,,,,,"@andersoncooper Please help save lives prior to Hurricane Florence. Small &amp; medium businesses, houses of worship and families can get #ReadyForIt at https://t.co/Ie3w4qdcVJ in just 10 minutes!!",
Hurricane Florence Wind Speed Probabilities Number 24 https://t.co/T6DkYiSdxy #ek3tech #ilovejax #stormwatch,,Tropical Storm Gordon and Hurricane Florence both pose threats. https://t.co/RN35pTbVL0,,,,,,,,South Carolina declares state of emergency to prepare for impact from Hurricane Florence https://t.co/3JOKegKixY,
Hurricane #Florence a little stronger with the latest update. Winds now up to 105 mph with gusts to 125 mph. Movement is to the NW at 13 mph. https://t.co/MBc0pOqVwk,,Hurricane Florence and other names of the 2018 Atlantic Hurricane Season https://t.co/L8CwVjLz8C https://t.co/HJGVPRuDhK,,,,,,,,"The tropics continue to stay note worthy this time of year. What is expected to become Hurricane Florence at any time will pose a threat to the Mid-Atlantic Coast sometime late next week. While, Helene is off of the coast of Africa and TD 9 will soon become Tropical Storm Isaac. https://t.co/pCDnzmgbMZ",
"NEWS: Hurricane Florence forms far out over Atlantic, poses no immediate threat to land https://t.co/62H4IDBpGo",,Hurricane Florence and other names of the 2018 Atlantic Hurricane Season https://t.co/naGeprqEuZ https://t.co/AcZB7BQEO0,,,,,,,,"Ditto @CuthbertLangley ...to the east and west of us-&gt;Hurricane Florence, Hurricane Olivia, Typhoon Mangkhut https://t.co/teStuiUxQu",
Gordon is barely a tropical storm this morning as it makes its way inland -- it's still producing torrential rain along the Gulf Coast. It will continue to weaken over the next 48 hours...but we're still tracking Hurricane Florence &amp; a couple of other systems out in the Atlantic! https://t.co/RMUaopM3wK,,Hurricane Florence is centered over the open Atlantic Ocean at 5 am. Florence is around 1440 miles southeast of Bermuda. It's temporarily moving toward the northwest near 13 mph. A turn back... https://t.co/luZI8Egkct,,,,,,,,Our volunteers ROCK! Here on a Saturday to pack food boxes for seniors in need. These faithful people will be helping us if Hurricane Florence impacts SC. Would you like to volunteer? Let us know! #SCStrong #WeAreReady #HurricaneFlorence #TeamSC https://t.co/a7gARCwocH,
"Hurricane #Florence continues to strengthen -- winds at 105mph as of the 5 a.m. advisory, moving NW at 13mph. Will encounter shear, which should weaken it over the next few day, then will restrengthen. Still plenty of uncertainty in the long range track forecast. https://t.co/sVrvESFEMi",,"JUST IN: Hurricane Florence strengthens to Category 3 storm with 120 mph winds, becoming first major hurricane of 2018 Atlantic season far out in the open Atlantic, NWS https://t.co/RBg3jz1lct https://t.co/gtXHRmrO51 | Free Lyft Rides",,,,,,,,"Nightmare scenario: Operational ECMWF has Hurricane #Florence lingering over E NC for FOUR DAYS dropping 20"" of rain in NC &amp; VA.

Likely won't happen like this one run says, but potential for BIG inland flooding is there. Floyd did 20"" as a fast-mover in 1999! https://t.co/5npoaSgUMd",
"#Florence is a Category 2 Hurricane with Maximum sustained winds are near 105 mph (165 km/h) with higher gusts.  A gradual weakening trend is forecast to begin tonight and continue through Friday.  After that time, Florence is forecast to restrengthen through the weekend. https://t.co/UKcwBqoBGB",,Tropical Storm Gordon and Hurricane Florence both pose threats. https://t.co/MMSgASdKU0,,,,,,,,Do storms make anyone else horny AF?! Cause my pussy is wetter than hurricane Florence ______,
Hurricane Florence Public Advisory Number 24 https://t.co/5bpA9GUj9u,,Tropical Storm Gordon and Hurricane Florence both pose threats. https://t.co/q4hfquSsuW,,,,,,,,Governors of both North and South Carolina has declared STATE OF EMERGENCY ahead for preparation leading to what is forecast asa MAJOR CATEGORY 4 HURRICANE FLORENCE.,
Hurricane Florence - North Atlantic https://t.co/FpMHZuVbad,,From NHC_Atlantic: (@NHC_Atlantic)Hurricane #Florence Update: #Florence becomes the first major hurricane of the 2018 Atlantic hurricane season.  https://t.co/7biXj4F3HF https://t.co/1LEHfaP4RT,,,,,,,,"*hums It’s the end of the world as we know it, as i watch anime with a cat in my lap while i get reports of hurricane florence, that might head straight towards me plus the carolinas are in a state of emergency* fun times",
"#FLORENCE MAINTAINS CATEGORY TWO STRENGTH

Florence will weaken through Friday before strengthening again over the weekend.

The eventual track will depend on the intensity. Weaker=farther west/south - Stronger=farther north

#chswx #nexstarwx @WCBD https://t.co/PLPfMtT4sY",,. @AP: Category-2 Hurricane Florence forms in the Atlantic Ocean on a path toward Bermuda.,,,,,,,,"Woooo state of emergency
Kill me Hurricane Florence!!",
Overnight model guidance has taken a big a westward shift in track of Hurricane #Florence with higher intensity (Major Hurricane potential). This is still a highly uncertain forecast with high model volatility. But odds are rising now for a significant East coast impact 9/13-9/15 https://t.co/ofNuyauwEm,,MIAMI (AP) -- Category-2 Hurricane Florence forms in the Atlantic Ocean on a path toward Bermuda. #fox5dc,,,,,,,,"Unpredictable Hurricane Florence Catogory 4 Storm
The weather center has no ideal where this storm may hit.
Its tracking arrows are everywhere and we all need to be prepared.
#HURRICANEFLORENCE https://t.co/vx9WPhTlGp",
"5AM advisory for #HurricaneFlorence.
#chawx @WRCBtv https://t.co/nlIWxJQQjN",,Tropical Storm Gordon and Hurricane Florence both pose threats. https://t.co/qGT0O632ED,,,,,,,,"@FLGovScott Please help save lives prior to Hurricane Florence. Small &amp; medium businesses, houses of worship and families can get #ReadyForIt at https://t.co/Ie3w4qdcVJ in just 10 minutes!!",
"HURRICANE FLORENCE STRENGTHENS

Hurricane Florence continues to grow strong over the Central Atlantic Ocean. Max winds are now up to 105 mph. Florence will be steered in a northwesterly direction for the next 5 days. https://t.co/ubQwoOchPG",,Tropical Storm Gordon and Hurricane Florence both pose threats. https://t.co/iSCVjYdRGX,,,,,,,,"@marcorubio Please help save lives prior to Hurricane Florence. Small &amp; medium businesses, houses of worship and families can get #ReadyForIt at https://t.co/Ie3w4qdcVJ in just 10 minutes!!",
"HURRICANE FLORENCE STRENGTHENS

Hurricane Florence continues to grow strong over the Central Atlantic Ocean. Max winds are now up to 105 mph. Florence will be steered in a northwesterly direction for the next 5 days. https://t.co/DGri8VRk2V",,Tropical Storm Gordon and Hurricane Florence both pose threats. https://t.co/VDRtI81EN3,,,,,,,,South Carolina declares state of emergency to prepare for impact from Hurricane Florence https://t.co/qzxrJXtrO5,
"HURRICANE FLORENCE STRENGTHENS

Hurricane Florence continues to grow strong over the Central Atlantic Ocean. Max winds are now up to 105 mph. Florence will be steered in a northwesterly direction for the next 5 days. https://t.co/9zWMceCLKS",,Tropical Storm Gordon and Hurricane Florence both pose threats. https://t.co/CGILp18Aqb,,,,,,,,"Ok, those of us on the southeastern seaboard are starting to get a little apprehensive about Hurricane Florence.",
#StormWatch7 will be monitoring hurricane #Florence closely. Some long range guidance brings the storm close to the U.S. east coast mid to late next week. Stay tuned! https://t.co/1mDHsJsBJZ https://t.co/V3Bg3a6OrQ,,Tropical Storm Gordon and Hurricane Florence both pose threats. https://t.co/Ox5bV4MGUk,,,,,,,,"Video on how Hurricane Florence may strike the US.

https://t.co/gtgHtugszd",
As of 5am Hurricane Florence had winds of 105mph and it is moving to the NW at 13mph. It will remain a hurricane through Sunday -BUT- the track is very uncertain - Needs to be watched from the Carolinas to Virginia for next week. Details on #GMRVA and at https://t.co/c3eI8gEnZt https://t.co/LSRzBPm62V,,Tropical Storm Gordon and Hurricane Florence both pose threats. https://t.co/XhpQeD1y65,,,,,,,,So um Hurricane Florence is expected to hit the east coast as a Cat. 4.... If it shifts north more my house back home will be gone____ I’ll just be here panicking for the next week,
"Track Hurricane Florence: Spaghetti models, forecast cone and satellite https://t.co/sp3tYeZCXF https://t.co/Zmw2JwrHJ1",,Tropical Storm Gordon and Hurricane Florence both pose threats. https://t.co/bdI2PZ3BtX,,,,,,,,5pm Hurricane Florence update from the National Hurricane Center. Florence may affect Harford County sometime Late Thursday- Sunday. Landfall is currently forecast to be Thursday Night as a Cat 4 Hurricane near the NC/SC border. #preparenow #harfordweather  #harford #florence https://t.co/gV9kLSZhmu,
"#HurricaneFlorence Advisory Number 18
Max Sustained Winds: 105mph
Strength: C2
MSLP: 976mb
Florence a little stronger, moving over the Open Atlantic... https://t.co/guD5WET5xd",,Tropical Storm Gordon and Hurricane Florence both pose threats. https://t.co/YSJ2m22Hqi,,,,,,,,New post in /r/NorthCarolina: Hello North Carolinians. Please check this very important message from the National Hurricane Center concerning Hurricane Florence. https://t.co/kA8aey9Hvr #Raleigh #rbb,
Hurricane #Florence is an excellent example of a highly uncertain future/forecast that is already generating a lot of misinformation/click bait online.  Way too early to know where this one ends up next week.   Be patient/monitor. https://t.co/kWMSi6Lm3P,,Tropical Storm Gordon and Hurricane Florence both pose threats. https://t.co/yJWlTu6v88,,,,,,,,Hurricane Florence come wash me awayyyy,
Hurricane #Florence about to be crazy on the east side https://t.co/umgEk5bRyH,,Tropical Storm Gordon and Hurricane Florence both pose threats. https://t.co/ce9HHOoSrw,,,,,,,,Hurricane #Florence.... stay away.,
"Hurricane Florence next storm in the pipeline, and more are expected to follow https://t.co/Z3WB8FybYI via @usatoday",,Tropical Storm Gordon and Hurricane Florence both pose threats. https://t.co/pxsfLwuzzk,,,,,,,,major hurricane Florence due to make land fall around tuesday! praying for the people on the coast of Florida. #HurricaneFlorence #TropicalStormFlorence,
"Sun for my granddaughter Marie's 1st day of school: mid 20's in pm. Warm (30C inland?) Thu til cold front passes NB am/pm; NS-PEI pm/eve. Then ""autumn"" airmass thru weekend. Warms up as Hurricane Florence ""nears"" Atl seaboard next week.
Like July, Aug 2-3C above normal. Dry SW NS https://t.co/MARthI2xbb",,"Watching Hurricane Florence out in the mid Atlantic.  Florence is a Cat II Hurricane at this time with chances of strengthening during the weekend.  Models are suggesting being near the Carolinas within the next 10 days.  No need for alarm, we are just monitoring at this time. https://t.co/gEi8hn7BEQ",,,,,,,,"Governor Northam declares a State of Emergency for Virginia in anticipation for hurricane #Florence, which may make landfall anywhere between the Carolinas and SE Virginia.",
Hurricane Florence is getting a little stronger as it moves over the open Atlantic this Wednesday. https://t.co/MOqsQOYevH,,Tropical Storm Gordon and Hurricane Florence both pose threats. https://t.co/kxkHo2kdZU,,,,,,,,"Local news (on preparing for Hurricane Florence): “If you have kids, make sure you have a way to keep them entertained.”
Me: A hurricane isn’t entertaining enough?
* handing out printed spaghetti models for Isaac and Helene *",
"Hurricane Florence is a Category 2 this morning, moving northwestward. There is a lot of uncertainty in the track next week, but a general northwest motion will occur over the next 5 days.

Keep a casual eye on updates &gt;&gt; https://t.co/l2fbwxH5eM https://t.co/6mubN4JarO",,Tropical Storm Gordon and Hurricane Florence both pose threats. https://t.co/E4rpbc5oWr,,,,,,,,"The risk of Hurricane Florence affecting the Southeast has increased from Florida to the Carolinas, the National Hurricane Center said. https://t.co/9QgrSJ1jPg",
Juli Marquez: Hurricane #Florence in the Atlantic Ocean is stronger this morning but it's not near any land. Here's a look at what else we are watching in the tropics: https://t.co/lrYt4pd2jB https://t.co/QiLYOE4WVJ,,Tropical Storm Gordon and Hurricane Florence both pose threats. https://t.co/2J89BBuHsf,,,,,,,,"Hurricane Florence Could Hit East Coast, Impact NJ (UPDATED) https://t.co/0M6ws2bFdg",
"Hurricane #Florence - something to watch, but not freak out about.....yet... https://t.co/UJnxz85kC9",,Tropical Storm Gordon and Hurricane Florence both pose threats. https://t.co/CrY37zbP5O,,,,,,,,"SC,NC, &amp; VA have all declared state of emergencies in preparation for Hurricane Florence. I pray this thing turns back out to sea! #EasternNC can't deal with anymore floods. #Florence",
"Still lots of uncertainty with this forecast, but the latest NOAA model shows #HurricaneFlorence growing, doing a loop off the coast, and cruising straight toward Nova Scotia. https://t.co/s2gyn1j1sa",,MIAMI (AP) -- Category-2 Hurricane Florence forms in the Atlantic Ocean on a path toward Bermuda.,,,,,,,,"Hurricane Florence will be the most devastating hurricane to hit the US since Katrina, it could wipe out entire parts of the East Coast of America.

If you’re anywhere between North East Florida and New Jersey I would be preparing to GET OUT! 

This Hurricane will be life changin",
Hurricane Florence now at 105 mph but poses no current US threat https://t.co/uJPX7YawCM https://t.co/z5EHEyuMGp,,"#Florence @ 7:35 am

Location: 21.7N 45.2W (about 1910km ENE of the northern Leeward Islands.)

Max. sustained winds: 195 km/h

Movement: WNW at 17 km/h

Hurricane Florence is not a threat to Jamaica.",,,,,,,,"6:25 PM #Florence Update.

BREAKING WEATHER NEWS:

The Governor of Virginia has Declared a State of Emergency ahead of the expected impacts from Hurricane Florence, joining North and South Carolina which have... https://t.co/AUizoc1Hl4",
Hurricane Florence strengthens as Atlantic storm season heats up https://t.co/VwVmzPco6y,,"#BREAKING: Forecasters: Florence is now a major hurricane, category 3 with 120 mph winds, moving in the Atlantic toward Bermuda.",,,,,,,,Hurricane Florence Is Ready To Impact The SE Coast. https://t.co/uU0eaM8ZrT https://t.co/eg6y1LnTOa,
The East Coast needs to watch Hurricane Florence VERY closely…  https://t.co/Gw363kGPDA https://t.co/CTUpcAdEDt,,Category-2 Hurricane Florence forms in the Atlantic Ocean on a path toward Bermuda. https://t.co/oL9twAY0in,,,,,,,,HURRICANE FLORENCE PROJECTED TO SLAM EAST COAST AS CAT 4 NEXT WEEK https://t.co/ZH4vxez4AL via @YouTube,
Ok this is quite disturbing what is going with #HurricaneFlorence and a lot of weather people like myself have noticed that the latest models want to put this very powerful hurricane into the East U.S. coast anywhere from Cape Hatteras to Boston next week.  Very bad trend. #MLP https://t.co/HiBzOci1PV,,"RT:(@NWSmiami)9/5/18 8 AM: National Hurricane Center is tracking Cat. 2 Hurricane #Florence, that formed last week off the coast of Africa. For the next 5 days, Florence is expected to stay a hurricane and track NW over the open Atlantic.  It does not appear Florence will im…",,,,,,,,"Thanks to Hurricane Florence (FU), we have rerouted from ATlantic Beach to Smith Mountain Lake to my Wahoo sister’s lake house. Not to shabby backup. Go Hoos!",
Florence is a category 2 hurricane with winds of 105 mph. Florence will not affect any land areas through the weekend. More on the Tropics at: https://t.co/Cpbs6Oe4WH https://t.co/Z2UHsteeOG,,"via @Newsweek Hurricane Florence Track Shifts to Left, Could Impact U.S. East Coast Next Week https://t.co/ZAvQbFDyDG https://t.co/shcMNnpNL0",,,,,,,,"@TonyPannWBAL @JustinWeather 
Will baltimore be affected by hurricane florence.?",
Category 2 Hurricane Florence is not threat to land... for now... will need to monitor track into next week... #Boston25 https://t.co/Mezyx84taj,,"#HurricaneFlorence
Everyone in her path please stay safe. https://t.co/B9nArGWx7K",,,,,,,,"@pjjohnson7755 @mterr337 @realDonaldTrump You're right. I hope he comes down to FL &amp; Hurricane Florence just casually swishes her skirts at him We lost our house during Irma. Let's see him under our controlled ""pressure""..…now That might do it.  Now, how do we get started??______",
"ANOTHER tropical system, this one is a hurricane. #Florence has gained strength and could eventually pose a threat to the US. @WLOS_13",,EMO ‘Closely Monitoring’ Hurricane Florence https://t.co/GYp0U2zHQJ,,,,,,,,"#Hurricane Florence could be ‘full-state event,’ including #YorkCounty, #SouthCarolina officials say https://t.co/HFFlKHZStu https://t.co/zD8p8MsHvX",
Florence is a category 2 hurricane with winds of 105 mph. Florence will not affect any land areas through the weekend. More on the Tropics at: https://t.co/WfYOrycDL8 https://t.co/4wW5zNqAON,,Here is a look at major hurricane #Florence one the open Atlantic. #FirstAlertWX https://t.co/yK9xnMpKzI,,,,,,,,I am not emotionally or mentally prepared for another hurricane...Florence I need you to disappear,
#RVA and #CVA this is WHY we need to watch Hurricane Florence.   Continuing to discuss on #GMRVA and at https://t.co/c3eI8gEnZt https://t.co/eNqA3ZPm9L,,Hurricane Florence: First Major Hurricane Of The 2018 Atlantic Season https://t.co/hCYfOwL4xx,,,,,,,,I’m in the projected path of Hurricane Florence. It’s projected to be a category 4 when it hits the Carolinas.,
"Very active tropics and @13TimPandajis says we need to closely watch Hurricane Florence (#2). 

Still hard to predict this far out but some models show this Cat 2 could affect us next week #13NewsNow https://t.co/7X0BigYJ91",,"Hurricane Florence becomes category 3, on path toward Bermuda https://t.co/gXVkFi9VrF",,,,,,,,"I realize it's just one run and we need about 5 more to develop a trend, but the 18Z GFS shows a CAT 3 Hurricane Florence stalled over Eastern NC for 24 hrs. #ncwx #weather

https://t.co/x9AKTUY7Je",
Keep a #weather eye out for #hurricane #Florence trundling up the #Florida #Coastline https://t.co/u30PClx90c,,"As #Gordon makes landfall in the southeastern US, attention turns to #Florence, who is now a strong Category 2 hurricane with a track trending west towards Bermuda. Still a ways out, so trend of ensemble forecasts still the key here. #GOESEast https://t.co/jUMpjQXmmI",,,,,,,,"Hot Topics: Hurricane Florence 2018, TMZ, Georgia football, ...",
Everything you know about Hurricane Florence is wrong.,,"We're heading into what is typically the peak of the hurricane season, and the next few weeks promise to be quite active in the Atlantic Basin.  Gordon made landfall last night, and major Hurricane Florence is churning at sea.  Keep it tuned to #abc7ny. https://t.co/yNdFCkRUH6",,,,,,,,https://t.co/fdxO88i7tO * Hurricane Florence 2018 * Nebraska football * Georgia Football * TMZ * Bill Daily * Priyanka Chopra * FSU football * Arkansas State Vs Alabama * George Zimmerman * Purdue Football * Nikki Reed * Rutgers Vs Ohio State * Jabari Bird * Mississippi State…,
"Hurricane Florence is moving NW.  Some models have her moving towards the east coast by next week.
{{We are still several days out.  Lots of things can/will change}}  #RVA #VA #NNK #Hanover #Henrico #Chesterfield #Farmville #Ashland #Goochland #Louisa #Warsaw #Petersburg @cbs6 https://t.co/5RX8EWjNAc",,"RT GregPostel: Please monitor all the latest on major hurricane #Florence (120 mph).  A close encounter with the United States is not unrealistic, later next week. #flwx #gawx #scwx #ncwx #vawx #dewx #mdwx #njwx #mawx #nywx https://t.co/iT6mT9EIvD",,,,,,,,,
Hurricane #Florence is a storm the @WMAR2Weather team is watching closely as some long range models bring it close to the U.S. east coast mid to late next week. Stay Tuned! @WMAR2News #GMM2 #Baltimore #Harford #Annearundel #Kent #Caroline #Howard #Queenannes #Caroline  #Talbot https://t.co/QcjKl7amTo,,Hurricane Florence becomes first major storm of 2018 Atlantic season https://t.co/LpznhlVUBK https://t.co/sS261gV0KW,,,,,,,,,
Where is Hurricane Florence headed in the Atlantic? https://t.co/q08jHEN14z,,Hurricane Florence has become the first major hurricane of the Atlantic season https://t.co/fRJ9dMrYCe https://t.co/I153Bk4bfN,,,,,,,,,
RT NHC_Atlantic: Hurricane #Florence Advisory 23: Florence Now a Category 2 Hurricane Over the Open Atlantic. https://t.co/WIRDKUW8M5,,Hurricane Florence becomes first major storm of 2018 Atlantic season | Fox News https://t.co/VbCHSwJdwv,,,,,,,,,
Watching Hurricane Florence closely. ____ https://t.co/pOgZegBN8A,,Hurricane Florence becomes first major storm of 2018 Atlantic season https://t.co/GkyMjpclOZ via @foxnews https://t.co/nfXJCD2831,,,,,,,,,
Vis imagery of #Florence a category 2 hurricane with 105mph winds https://t.co/AHMIF6UU80,,Hurricane Florence and other names of the 2018 Atlantic Hurricane Season https://t.co/dpVoqdOoB4 https://t.co/MglkcRB80L,,,,,,,,,
Hurricane Florence is not an issue to land for the next week. Recent trends are hiniting at some potential problems for the east coast late next week #Florence #tropics https://t.co/jlRWzYEdta,,Hurricane Florence becomes first major storm of 2018 Atlantic season https://t.co/1b8F6TSF8R https://t.co/gYlUMqQ3eM,,,,,,,,,
"The sun rises on Hurricane #Florence out in the Atlantic. 

We will need to monitor this storm closely for next week, with some overnight guidance trending toward a threat for the U.S. Keep informed! https://t.co/U7Lo72wSeb",,Florence Strengthens Into Category 3 Hurricane in Atlantic | The Weather Channel https://t.co/VlvwDV4uDe,,,,,,,,,
"#Goofus #GFS game-changing run that’ll begin turning #WxTwitter around. #Florence

This is IMPOSSIBLE to happen verbatim. But the 2nd scenario has gained a lot of traction overnight, with the OP and ensemble European/GFS members leaning towards scenario #2. #HurricaneFlorence https://t.co/6cGtGfm4CZ",,Here is latest IR G.O.E.S 16 loop of #HurricaneFlorence https://t.co/adcKcaZRvz,,,,,,,,,
"Hurricane #Florence has tied hurricane Chris from early July as the strongest storm of the season so far with 105mph winds (category 2). Forecasting it remains a big headache, as all models took a VERY noticeable westward shift overnight (see GIF below). Still watching closely... https://t.co/wnXWojJRqG",,"Major Hurricane #Florence looking quite healthy over the open Atlantic. Still over 2,000 miles from the U.S. mainland - forecast remains uncertain. Track becomes clearer within the next 3-4 days.

Imagery from: https://t.co/DSRqKb8xwq https://t.co/BIyy5c9mCB",,,,,,,,,
Hurricane Florence Public Advisory Number 24 https://t.co/7b15TupIJ7,,"As Hurricane Florence continues to brew in the Atlantic, forecasters are watching for potential impact on North Carolina coast. https://t.co/rj2OcOYaK6",,,,,,,,,
"#HurricaneFlorence seriously, enough.",,Category 3 Florence becomes first major hurricane of Atlantic season https://t.co/9GKGItmDXZ https://t.co/oiLhpF4D7z,,,,,,,,,
"Hurricane Florence GFS model 10 day forecast 6pm EST. It shows Florence begins slowing and intensifying, with high pressure building off Africa. The NE U.S high pressure ridge, that interacts with a low pressure area to the east of Florence influences a dip in the ridge. See __ https://t.co/b9ODEYoQZT",,"Hurricane Florence gains strength to Category 3, edges closer to SC https://t.co/nw8PzeucLw via @postandcourier",,,,,,,,,
Hurricane #Florence is now a Cat2 #Storm we are continuing to monitor its progress as it tracks NW and will react if required. There are also 2 more depressions forming over West Africa which have the potential to develop. @CommandoCaribb1 #RoyalFleetAuxiliary https://t.co/3OBINIrZYj,,US to keep a wary eye on Hurricane Florence as two other tropical waves develop - Tampa Bay Times https://t.co/610Z3D9f3q,,,,,,,,,
"GFS ENSEMBLE MODEL GUIDANCE REMAINS WEST SIMILAR TO THE EUROPEAN GUIDANCE PKG.. FEATURES A LAST MINUTE ""OUT-TO-SEA"" HOOK with #HurricaneFlorence ... Note it's important to watch ENSEMBLE runs VS Operational runs for the evolution of next weeks tropical system. @FOX29philly https://t.co/68mBWNQtDQ",,Hurricane Florence becomes first major storm of 2018 Atlantic season https://t.co/knNn8zmOFG https://t.co/lcqsBivA1w,,,,,,,,,
Hurricane Florence forecast to turn away from Florida https://t.co/vQlgkdoHeS,,US to keep a wary eye on Hurricane Florence as two other tropical waves develop - Tampa Bay Times https://t.co/71bOqqvYoz,,,,,,,,,
Our focus on the tropics goes back to the Atlantic Ocean. Behind Hurricane Florence is Invest AL92 which has a 90% chance of becoming a tropical system. Models show this area moving towards the Caribbean.  It's still too early to know if this system will reach the Gulf. https://t.co/JRVKp0mOBr,,Hurricane Florence becomes first major storm of 2018 Atlantic season https://t.co/D7HlRk7Iza #FoxNews,,,,,,,,,
"As of 6:30 NDT, #Florence is a category 2 Hurricane with max sustained winds of 165 km/h. The storm is moving to the northwest at 20 km/h and is 2315 km from #Bermuda. The storm will continue moving west northwest for the next several days. #nlwx https://t.co/43Ny2E68QV",,HAPPENING NOW: Category-2 Hurricane Florence forms in the Atlantic Ocean on a path toward Bermuda.,,,,,,,,,
"#HURRICANE Florence Track Shifts to Left, Could Impact U.S. East Coast Next Week https://t.co/8YvRkghNIS #GPWX",,Hurricane Florence becomes first major storm of 2018 Atlantic season https://t.co/OSy2NLt11W #FoxNews,,,,,,,,,
"#HURRICANE Florence Track Shifts to Left, Could Impact U.S. East Coast Next Week https://t.co/HyYMRRRR2G",,US to keep a wary eye on Hurricane Florence as two other tropical waves develop - Tampa Bay Times https://t.co/TkxPr7qlJV,,,,,,,,,
#Hurricane #Florence poses an increasing threat to #Bermuda early next week. Here's why the East Coast should also keep an eye on it. https://t.co/55Pwwpv2Cq https://t.co/vENh1AQHYa,,"We sure didn’t have as many OR hurricanes as strong when Obama was President 

Hurricane #Florence
Hurricane #Harvey
Hurricane #Irma https://t.co/uJl2Bol4QN",,,,,,,,,
"RT : (@CBSMiami)RT @LissetteCBS4: In addition to Tropical Storm #Gordon, I'm tracking Cat.2 Hurricane #Florence in the open Atlantic moving NW and forecast to weaken to a Cat. 1 late week. Also monitoring a Tropical wave in East Atlantic with high chance of development late …",,"Hurricane Florence now a major, Cat 3 hurricane in the middle of the open Atlantic...will continue to drift WNW for several more days... https://t.co/UmTSmxAWUs",,,,,,,,,
"Just a heads up...I still think there is a scenario that COULD move Hurricane Florence close to the Mid Atlantic Coast next week. Being specific, at this point, is not possible. We should have a better idea by the weekend. #HurricaneSeason #Florence",,"We're keeping a close eye on #HurricaneFlorence at .@FOX61News; .@RachelFrank_CT is tracking this latest Atlantic menace LIVE at 4p/5p tonight with @amandaraus, @BenGoldmanTV, @BrentHardinTV and @rachellutzker with your evening commute. https://t.co/rzDZOTuayi",,,,,,,,,
$CCL $RCL $NCL Hurricane Florence could hit Bermuda,,Hurricane Florence and other names of the 2018 Atlantic Hurricane Season https://t.co/Kbc2Viy5x1 https://t.co/OVPfYekeX8,,,,,,,,,
What are the odds that Hurricane Florence will actually hit the East Coast?: As of 5 pm AST… https://t.co/5quD2NMSEX,,Tropical Storm Gordon and Hurricane Florence both pose threats. https://t.co/LeH4ebZ7VE,,,,,,,,,
"Also latest models are trending a bit west with Hurricane Florence, with chances increasing of East Coast impacts next week https://t.co/iHuYIfQJVi",,@ryanweather @weathermodels_ What are the Odds Ryan ? #Hurricane #Florence https://t.co/ic3Ve1gw7P,,,,,,,,,
@StormTrackBrian ____________Hurricane Florence stay away!,,"From P&amp;C: Hurricane Florence gains strength to Category 3, edges closer to SC https://t.co/NSObnXmHbw #chsnews",,,,,,,,,
"Hurricane Florence could sustain hurricane strength through this weekend as it continues to drift towards Bermuda... @TheRoyalGazette #Bermuda #hurricaneSeason2018 
https://t.co/Li2N5e8e7a https://t.co/aqUqSMZ60H",,Hurricane Florence becomes first major storm of 2018 Atlantic season https://t.co/B8C75KzXPg https://t.co/QqLNFw7OcD,,,,,,,,,
"If I was a betting man, I would say #Florence may continue to rebel against intensity forecasts. Looking more and more like a category 3 hurricane to me. #tropics https://t.co/sJbVNdG9lF",,Hurricane Florence becomes first major storm of 2018 Atlantic season https://t.co/vRLrJEBlT6 https://t.co/pga6AtO4no,,,,,,,,,
#HurricaneFlorence - early models https://t.co/JQ4vqmkgHF,,Hurricane Florence becomes first major storm of 2018 Atlantic season https://t.co/aFRnWDdsXC https://t.co/UWR0VCpsBT,,,,,,,,,
Hurricane Florence is category 2 already . Looks gigantic . Praying all the predictions are correct and goes north .,,Hurricane Florence becomes first major storm of 2018 Atlantic season https://t.co/qDStCFA2xT https://t.co/UXhxJkJXtE,,,,,,,,,
"Without buying the GFS ridiculous intensity forecasts for #Florence should it come close to the coast one must at least be concerned about the overall ridge it will find itself nestled in. Very weak steering currents; flooding (landfall), erosion (stalled offshore) risk very high",,Hurricane Florence becomes first major storm of 2018 Atlantic season https://t.co/21UmjyyQhX,,,,,,,,,
"Despite otherwise unfavorable conditions, #Florence appears to have continued to intensify after the 5am advisory. ADT estimates are now around 100 knots, and I wouldn't be shocked to see it upgraded to a Category 3 later today if it holds together. Very tenacious little storm. https://t.co/la7jfMgxZ9",,@clmorgan92 @EthingHurricane History right here. #Hurricane #History #NyWx #Florence https://t.co/nMR06dIs0w,,,,,,,,,
"9/5/18 823am

Just something to keep in the back of your head...

Hurricane Florence could approach the Mid-Atlantic next weekend. Current models are not making a landfall but it's something we'll be watching over the weekend and into next week.",,Hurricane #Florence becomes the first major hurricane of the season. https://t.co/gnihoxfUA1,,,,,,,,,
Hurricane #Florence poses an increasing threat to Bermuda early next week.  Watching closely for possible move toward US mid-Atlantic coast. https://t.co/5heDkzyoBE,,EAST COAST EYES TURN TOWARD MAJOR HURRICANE FLORENCE https://t.co/p2ZgfcUtOP https://t.co/zxbe6SHL3F,,,,,,,,,
Tropical Storm Gordon and Hurricane Florence both pose threats. https://t.co/pPuCN6lMiU,,Here is the latest visible image from G.O.E.S 16 of #HurricaneFlorence https://t.co/UtjwBrQjdD,,,,,,,,,
Here's the latest on Hurricane Florence that we are tracking. Stay updated by clicking on https://t.co/FHN2k2TDbr and looking in the HURRICANE SEASON 2018 section. #ecarwx https://t.co/50GDEBvMGa,,News 13 Alert: Hurricane Florence has become the first major hurricane of the Atlantic season https://t.co/w1XBE4xiQF https://t.co/w1XBE4xiQF,,,,,,,,,
Here's the latest on Hurricane Florence that we are tracking. Stay updated by clicking on https://t.co/utT5h4pktP and looking in the HURRICANE SEASON 2018 section. #ecarwx https://t.co/TCD0ewTB3K,,"Hurricane Florence is now a Category 3, making it the first major hurricane of the season in the Atlantic. https://t.co/6G3vptZcYk",,,,,,,,,
Hurricane Florence Update Statement https://t.co/0JkfL0bBZ7 #ek3tech #ilovejax #stormwatch,,@TropicalTidbits What are the Odds Levi ?  #History Hurricane #NewYork #Florence https://t.co/0BIbcX3jFJ,,,,,,,,,
Here's the latest on Hurricane Florence that we are tracking. Stay updated by clicking on https://t.co/FSH3Vgh6pX and looking in the HURRICANE SEASON 2018 section. #ecarwx https://t.co/Cu1O22rHEL,,"NEW: NOAA's #GOES16 captured this early-morning look at #HurricaneFlorence, spinning in the open Atlantic Ocean, Sept. 5, 2018.  
For the latest: https://t.co/lppxE8yEJC? https://t.co/L2KEd2UwVM",,,,,,,,,
Tropical Storm Gordon and Hurricane Florence both pose threats. https://t.co/WTxJZL806B,,Hurricane Florence becomes Category 3 hurricane in the Atlantic Ocean  https://t.co/3mNFppbYIv https://t.co/ayqV2d8pTg,,,,,,,,,
Hurricane Florence is now a Cat 3 with winds of 120 MPH.,,"Hurricane Florence now has been upgraded to a Major Hurricane with winds up to 120mph. With the western shift in the models today, the East Coast now has to watch out for a potential hit. Stay tuned! https://t.co/87l6iZKd6b",,,,,,,,,
Tropical Storm Gordon and Hurricane Florence both pose threats. https://t.co/spJWuOUcgc,,Hurricane #Florence ADVISORY 25 issued. #Florence flourishing in the face of southwesterly shear. https://t.co/sx3pkQmTL3,,,,,,,,,
Hurricane #Florence Update: #Florence becomes the first major hurricane of the 2018 Atlantic hurricane season. https://t.co/fJXLTXA9YS,,Hurricane #Florence ADVISORY 25 issued. #Florence flourishing in the face of southwesterly shear. https://t.co/qexiAr0CXN,,,,,,,,,
Gordon weakens into depression; Hurricane Florence could impact U.S. next week https://t.co/PVfD3JIe28 https://t.co/76GOduSYvF,,Hurricane #Florence ADVISORY 25 issued. #Florence flourishing in the face of southwesterly shear. https://t.co/S1Hwev5NzQ,,,,,,,,,
Tropical Storm Gordon and Hurricane Florence both pose threats. https://t.co/6jvx3rMtmj,,Here's the latest on Hurricane Florence that we are tracking. Stay updated by clicking on https://t.co/utT5h4pktP and looking in the HURRICANE SEASON 2018 section. #ecarwx https://t.co/9bxTkVnRoF,,,,,,,,,
Hurricane Florence Update Statement https://t.co/UBzGn3eCFO,,Hurricane #Florence Advisory 25: Florence Flourishing in the Face of Southwesterly Shear. https://t.co/VqHn0uj6EM,,,,,,,,,
"Here is the latest from @NWSNHC @WLTX on Hurricane #Florence, which has now become the first major hurricane of the 2018 Atlantic season. https://t.co/eu26lexYN8",,From NHC_Atlantic: (@NHC_Atlantic)Hurricane #Florence Advisory 25: Florence Flourishing in the Face of Southwesterly Shear. https://t.co/fOFfzLvjZ7,,,,,,,,,
"Hurricane Florence now at 105 mph but poses no curre
https://t.co/43zhYQ7TFE https://t.co/jkHSMTVfS8",,"Though any potential impacts wouldn’t be for at least a week, the US East Coast should have Hurricane Florence in the back of their mind for now",,,,,,,,,
Tropical Storm Gordon and Hurricane Florence both pose threats. https://t.co/q1a2kNNoBY,,Hurricane Florence becomes first major storm of 2018 Atlantic season https://t.co/lBCSoZM3ej https://t.co/B1sQFr779D,,,,,,,,,
Hurricane Florence continues to strengthen and is now a major category 3 hurricane with 120 mph winds. Florence is the first storm to become a major hurricane in 2018. #lawx @KATCTV3 https://t.co/uDFDfYYDoU,,RT via .NHC_Atlantic: Hurricane #Florence Advisory 25: Florence Flourishing in the Face of Southwesterly Shear. https://t.co/ChokS5Mnv8 #HurricaneSeason,,,,,,,,,
BREAKING: Hurricane Florence becomes the first Major Hurricane of the 2018 hurricane season. Cat 3 now with winds of 120mph. Florence will need to be watched over the next 5-7 days. https://t.co/ZQMLqgtvCa,,Tracking the Tropics: NHC: Hurricane #Florence Advisory 25: Florence Flourishing in the Face of Southwesterly Shear. https://t.co/N5SW6JGYFZ,,,,,,,,,
Hurricane Florence Could Hit The Carolinas Next Week https://t.co/s6G2ZZh6D3,,Hurricane Florence strenghtens into first major hurricane of Atlantic season - https://t.co/pPJtA8v9dI https://t.co/aXgSXtai0I,,,,,,,,,
"We didn't even need to wait until 11 AM

@NWSNHC issued a special advisory to upgrade Florence to a category 3 storm with winds of 120 mph https://t.co/auor9nFHu7",,Hurricane Florence is already a category 3.  Even George is no match for her. https://t.co/4R8gE6y2eu,,,,,,,,,
"Hurricane Florence next storm in the pipeline, and more are expected to follow - USA TODAY #Hurricane Florence #news
https://t.co/UW9a15Ml5b
https://t.co/3zg7ehLPtm https://t.co/SFjOnY7nC2",,"Hurricane Florence Forecast Information (.shp) https://t.co/1Qf9l6Ze6H GIS Data last updated Wed, 05 Sep 2018 14:41:41 GMT",,,,,,,,,
Major hurricane Florence. https://t.co/Zla3qij5O8,,"Hurricane Florence Information by ATCF XML Prototype https://t.co/56hgXyAENo Issued at  Wed, 05 Sep 2018 14:38:46 GMT. This is only a prototype and the file format may change without notice.",,,,,,,,,
"BREAKING: HURRICANE #FLORENCE has been upgraded to a CAT 3 storm with winds of 120MPH, becoming the first major hurricane of the 2018 Atlantic Hurricane Season.

#Florence may pose a threat to the US Mainland and Bermuda next week and must be watched closely. https://t.co/Gr9O3cU7bb",,"Hurricane Florence Best Track Information (.shp) https://t.co/aDuZP5QLao GIS Data last updated Wed, 05 Sep 2018 14:41:41 GMT",,,,,,,,,
"BREAKING: #Florence has strengthened into a Category 3 hurricane in the open Atlantic, making it the first major hurricane of the 2018 Atlantic season: https://t.co/fwtr3st724 https://t.co/jlSOofQmHs",,"Hurricane Florence Best Track Information (.kmz) https://t.co/TI9VxmYD3K GIS Data last updated Wed, 05 Sep 2018 14:41:41 GMT",,,,,,,,,
Hurricane #Florence now the first major hurricane of the 2018 Atlantic hurricane season. Now a category 3 storm with maximum sustained winds of 120 mph. Movement to the W/NW at 10 mph. https://t.co/r2ec6A52zG,,Hurricane Florence Forecast Discussion Number 25 https://t.co/nLBEEn04h2 Issued at 1100 AM AST Wed Sep 05 2018,,,,,,,,,
_NOAA HURRICANE CENTER Atlantic_Hurricane Florence Update Statement https://t.co/gPG7RdZlAz,,Hurricane Florence Wind Speed Probabilities Number 25 https://t.co/EuU5pqnS2B Issued at 1500 UTC WED SEP 05 2018,,,,,,,,,
"Summary for Hurricane Florence (AT1/AL062018) https://t.co/sHeEpZAf2O 
  ...FLORENCE BECOMES A MAJOR HURRICANE... ...FIRST OF THE 2018 ATLANTIC HURRICANE SEASON...
 As of 8:35 AM AST Wed Sep 5
 the center of Florence was located near 21.7, -45.2
 with movement WNW at 10 mph.
 T…",,Here is the latest from @NWSNHC @WLTX on Hurricane #Florence https://t.co/Tg43q3xMsS,,,,,,,,,
#HurricaneFlorence has strengthened into a Category 3 storm. The first major hurricane of the 2018 season. https://t.co/CRLvsc57xl,,Hot again today with a high of 90. Showers possible this  evening. Keeping a close eye on #HurricaneFlorence somewhere on the east coast next week.,,,,,,,,,
"#Breaking: Hurricane #Florence becomes first major hurricane, a category 3 with winds of 120mph, of Atlantic Hurricane season. #tropics https://t.co/lNKEaZrXjl",,US to keep a wary eye on #Hurricane #Florence as two other tropical waves develop https://t.co/08pmZX2ZOI,,,,,,,,,
"JUST IN: #HurricaneFlorence is upgraded to a Category 3 major hurricane, the first since Ophelia last year! 2018 won't be 1994 or 2013-like anymore. #Florence",,"RT NHC_Atlantic ""Hurricane #Florence Advisory 25: Florence Flourishing in the Face of Southwesterly Shear. https://t.co/KmT9H1UCk9""",,,,,,,,,
Tropical Storm Gordon and Hurricane Florence both pose threats. https://t.co/UND8Uq5j3d,,Hurricane Florence Public Advisory Number 25 https://t.co/2shBbuAwfM #ek3tech #ilovejax #stormwatch,,,,,,,,,
Hurricane FLORENCE (Category 2) is over the open waters of the Atlantic Ocean.  Sustained winds are now at 105 mph.  Her intensity will fluctuate over the next 5 days.  It will also stay… https://t.co/Brd4654mkH,,@NyackPatch What are the Odds of History repeating itself ?  #Florence #NewYork #Hurricane #Florence https://t.co/qtSUj3mYKK,,,,,,,,,
Tropical Storm Gordon and Hurricane Florence both pose threats. https://t.co/PDfVXTLFEl,,Hurricane Florence Public Advisory Number 25 https://t.co/0fBwLJ8RKv,,,,,,,,,
Tropical Storm Gordon and Hurricane Florence both pose threats. https://t.co/NT8wFYZTLh,,11am Track Update on Major Hurricane #Florence. https://t.co/qAsb6iAVqX,,,,,,,,,
Tropical Storm Gordon and Hurricane Florence both pose threats. https://t.co/G9dRAo6HWN,,Hurricane Florence Public Advisory Number 25 https://t.co/BwT2qt25PE,,,,,,,,,
Tropical Storm Gordon and Hurricane Florence both pose threats. https://t.co/IZj90UBBMW,,Here is the latest advisory for Major Hurricane #Florence from the #NHC https://t.co/TUTqwFcQJc,,,,,,,,,
#weatherUpdate RT @NHC_Atlantic: Hurricane #Florence Update: #Florence becomes the first major hurricane of the 2018 Atlantic hurricane season.… https://t.co/HMxt4gBRho,,Here is the latest track advisory for Major Hurricane #Florence from the #NHC https://t.co/UDQ4ukeXh9,,,,,,,,,
"#HurricaneFlorence is now a major hurricane category 3 with winds of 120mph and higher gusts, If your in the #USA I’d pay close attention to this #hurricane https://t.co/VHr5fQRd8n",,At 11am Hurricane Florence is still a major hurricane (Category 3) with slightly stronger winds at 125mph.  It is moving to the NW at 13mph. There is concern about the track and the implications for #RVA and the east coast. Details on @8NEWS at noon and at https://t.co/qlONXzJQvc https://t.co/ceEQ6o7eyO,,,,,,,,,
Tropical Storm Gordon and Hurricane Florence both pose threats. https://t.co/bBdDFppkfS,,Newest tropical track from #NHC: Hurricane Florence Graphics https://t.co/XZoz4feRM3,,,,,,,,,
Tropical Storm Gordon and Hurricane Florence both pose threats. https://t.co/gH4QIfpIqA,,"Lord #HurricaneFlorence, can you not right now? https://t.co/h3BqX5pvAQ",,,,,,,,,
Hurricane Florence is now a category 3 hurricane with maximum sustained winds of 120 mph. Florence is the first major hurricane of the 2018 Atlantic hurricane season. https://t.co/llKD4bDLdI,,Wow Florence! Check out the first category 3 #Hurricane of the 2018 #AtlanticHurricaneSeason #alwx https://t.co/ApB69Rd9a0,,,,,,,,,
Tropical Storm Gordon and Hurricane Florence both pose threats. https://t.co/x0iS2fPhcs,,Hurricane Florence Graphics https://t.co/UvHTvDgRAL,,,,,,,,,
Tropical Storm Gordon and Hurricane Florence both pose threats. https://t.co/9Zn1w43WI2,,Saying #HurricaneFlorence will hit the US is the same as saying it's going out to sea at this point. No body knows the path a week away. Sometimes we don't know the exact path 2 to 3 days before. Let the models play out. In the meantime it's fun to track though __,,,,,,,,,
Tropical Storm Gordon and Hurricane Florence both pose threats. https://t.co/d1QwPlogi3,,Hurricane Florence Graphics https://t.co/frFntULG46,,,,,,,,,
Tropical Storm Gordon and Hurricane Florence both pose threats. https://t.co/2ME1yTSmd0,,_NOAA HURRICANE CENTER Atlantic_Hurricane Florence Wind Speed Probabilities Number 25 https://t.co/kvs8wCh0EQ,,,,,,,,,
Tropical Storm Gordon and Hurricane Florence both pose threats. https://t.co/SqYJix3zQ8,,_NOAA HURRICANE CENTER Atlantic_Hurricane Florence Forecast Advisory Number 25 https://t.co/xy7r6OA8Za,,,,,,,,,
Major Hurricane Florence! The first Major Hurricane of the season. Lets celebrate! https://t.co/aMLXu3miyQ,,11 am update: #HurricaneFlorence strengthens a bit more. https://t.co/G52BTAhF7r,,,,,,,,,
"JUST IN: Hurricane Florence strengthens to Category 3 storm with 120 mph winds, becoming first major hurricane of 2018 Atlantic season far out in the open Atlantic, NWS says. https://t.co/qTYZItVEzx",,#HurricaneFlorence  CAT 3  latest advisory &gt; Not Good __ https://t.co/N7DFXm9g0T,,,,,,,,,
"NBCNews: JUST IN: Hurricane Florence strengthens to Category 3 storm with 120 mph winds, becoming first major hurricane of 2018 Atlantic season far out in the open Atlantic, NWS says. https://t.co/saNJuQdAyP",,"Our team is currently monitoring Hurricane Florence. It's way too early to give any predictions, but we will continue to monitor it for the next several days and update you if necessary.

Florence is currently a Category 3 Hurricane and is 1907km ENE of … https://t.co/0QJObXRidQ",,,,,,,,,
Tropical Storm Gordon and Hurricane Florence both pose threats. https://t.co/hvda54a5Ew,,"Hurricane Florence continues to strengthen, with winds now at 125 mph. Tropical 
Depression Gordon weakens, but threat for heavy rain, flash floods remain 
https://t.co/MNSwAIw5Al https://t.co/3nK7yYqqYk",,,,,,,,,
Tropical Storm Gordon and Hurricane Florence both pose threats. https://t.co/N2tO8NiZbO,,Hurricane Florence Is the Atlantic's First Major Hurricane https://t.co/QznflzS6ou https://t.co/b9PEKf6Omw,,,,,,,,,
Tropical Storm Gordon and Hurricane Florence both pose threats. https://t.co/jSu7vqFbcd,,Close up of Major #Hurricane #Florence from #GOES16. https://t.co/t8bn3nH70T,,,,,,,,,
"Hurricane Florence Track Shifts to Left, Could Impact U.S. East Coast https://t.co/JIyUMIbN5Z",,"Hurricane #Florence is now a major category 3 hurricane, the first this season. It is expected to move ENE over the next few days, although no it poses no imminent threat to land in the short term. In the long term, both Bermuda and the US east coast should monitor its progress https://t.co/UD7hj1LzNT",,,,,,,,,
Tropical Storm Gordon and Hurricane Florence both pose threats. https://t.co/4cCKNVJU5X,,#HURRICANE Florence strengthens on possible path to Bermuda https://t.co/I5vxgOGSWb #GPWX,,,,,,,,,
Tropical Storm Gordon and Hurricane Florence both pose threats. https://t.co/LGPokKJ2ds,,#HURRICANE Florence strengthens on possible path to Bermuda https://t.co/mj4e3ysXWi,,,,,,,,,
Tropical Storm Gordon and Hurricane Florence both pose threats. https://t.co/UMfpTVQzwe,,Hurricane Florence Is the Atlantic's First Major Hurricane https://t.co/jDm2K34f5b,,,,,,,,,
Tropical Storm Gordon and Hurricane Florence both pose threats. https://t.co/9mTzGdboAE,,#HURRICANE Florence strengthens on possible path to Bermuda https://t.co/6eHiCfs8kg #FWCWeather,,,,,,,,,
"But THIS is the storm Carolina folks are looking at this morning.

Surprise! Say good morning to Hurricane #Florence. IT was supposed to still be a strong tropical storm this morning, not a 120-mph buzzsaw. https://t.co/ql1bOeWcpa",,Hurricane Florence tracks toward U.S. at Category 3 status MIAMI — Florence has become the first major hurricane of the Atlantic season as it moves on a path that could take it toward Bermuda. The Category 3 hurricane... https://t.co/mZC8Biqvzp via @NEWSdotCLUB #WorldNews #Today https://t.co/V1ZttX5obz,,,,,,,,,
"From left to right, Tropical Depression Gordon, newly upgraded 120mph wind category 3 Hurricane Florence, and far east Atlantic tropical disturbance that's expected to become TD #8 later this week.  Near peak of the season but no present threats to Florida. https://t.co/ZI4lYgB3f2",,Major Hurricane Florence among 3 tropical systems Floridians need to monitor https://t.co/cqA47LpTcu https://t.co/X81sxGEElt,,,,,,,,,
"Hurricane Florence becomes the 1st major hurricane (Cat. 3 or higher) in the 2018 Atlantic hurricane season. Stay tuned as this needs to be monitored for the east coast of the USA 7+ days out. Way too early to tell if this affects the USA or not, though. https://t.co/Q4Y7qA5N3K",,"Here we go East Coast, #HurricaneFlorence https://t.co/QJTOvnsRY5",,,,,,,,,
@TropicalTidbits @MikeBWeather @Weathernerds Odds of this Track anyone ?  #Hurricane #Florence #nywx https://t.co/QxTpPfvaFN,,Meet Florence. The first major hurricane of the 2018 Atlantic Hurricane Season. According to the National Hurricane Center the Category 3 hurricane is still strengthening as crosses the… https://t.co/8pIN0Iatlr,,,,,,,,,
"#Florence is now a Category 3 storm, making it the first major hurricane of 2018 Atlantic Hurricane Season. https://t.co/q8yLcU27YG",,Hurricane #Florence,,,,,,,,,
Tropical Storm Gordon and Hurricane Florence both pose threats. https://t.co/Wunibkjr3w,,"As #Gordon continues to weaken over Mississippi, our eyes are turning to the open Atlantic Ocean, where Hurricane #Florence has become the first major hurricane of the 2018 season. #tropics https://t.co/DUzHduWVek",,,,,,,,,
#Hurricane #Florence is now a major hurricane! Updates soon.,,Florence becomes first major hurricane of Atlantic season - ABC News https://t.co/fBNnQwOKir (via @ABC),,,,,,,,,
Tropical Storm Gordon and Hurricane Florence both pose threats. https://t.co/KMl3k9KRAE,,"#Florence is now the first major hurricane of the Atlantic hurricane season. As we keep an eye on her track, @disastersafety explains 9 key areas of your home and how to prepare them for the height of hurricane season. https://t.co/DghdVSjV4c #Vawx #hurricaneprep #Wednesdaywisdom https://t.co/M3q7iazSpv",,,,,,,,,
#Florence is now the first major hurricane of the 2018 Atlantic Hurricane Season. As of an updated advisory at 8:35 a.m. Category 3 Hurricane Florence has 120mph sustained winds and is moving WNW at 10 mph https://t.co/Y6yEVRitNy,,Click &amp; visit https://t.co/JddR3WUmKw for details and more news Hurricane Florence becomes first major storm of 2018 Atlantic season https://t.co/RZEFxfwlEN,,,,,,,,,
NEW: #Florence has strengthened into the first major #hurricane of the 2018 Atlantic season. Now a Category 3 with top winds of 120 mph. https://t.co/add7tLfU2n,,#Florence is a major hurricane this morning with winds of 120 mph. Intensity fluxuates through the weekend. It's moving NW at 13 mph. Track is further west with the 11 AM update. Still very far from any landmass and plenty of time for shifts in the track. https://t.co/Gh7G31BSs1,,,,,,,,,
Hurricane Florence has beat the odds and just hit 120mph... making it a major... despite dust and shear. Going live at nine to chat. https://t.co/Hk3pbO7x8H / Mike's Weather Page APP https://t.co/ZvSiSQEaSF,,Hurricane Florence: First Major Hurricane Of The 2018 Atlantic Season https://t.co/1KF3BqCqLU,,,,,,,,,
Tropical Storm Gordon and Hurricane Florence both pose threats. https://t.co/HWMCRYyT1j,,Hurricane Florence is a Category 3 https://t.co/aK6E9VYNaj,,,,,,,,,
Tropical Storm Gordon and Hurricane Florence both pose threats. https://t.co/8FIm4Y1vhF,,Hurricane Florence Is the Atlantic’s First Major Hurricane https://t.co/NFBC0KTKmG https://t.co/GvjfCqu2jh,,,,,,,,,
"#BREAKING: HURRICANE #FLORENCE NOW A MAJOR CAT.3 HURRICANE: The #NHC has released a special advisory, noting Florence has continued to strengthen. Water temperatures will only become more favorable in its path. An intensity blunder by the models... https://t.co/GTBJMM6c1q",,Hurricane #Florence now the first major Hurricane of the 2018 Atlantic season. I'll see you on #wis10 at noon with the latest track https://t.co/v5o4s0BuM5,,,,,,,,,
U.S. to keep a wary eye on Hurricane Florence as two other tropical waves develop https://t.co/FiXCjuxuC4,,RT ChrissyKohler: #Florence is a major hurricane this morning with winds of 120 mph. Intensity fluxuates through the weekend. It's moving NW at 13 mph. Track is further west with the 11 AM update. Still very far from any landmass and plenty of time for s… https://t.co/7HRLgjvezR,,,,,,,,,
#Florence defying mother nature and becomes the first major hurricane of the season (category 3) with winds of 120 mph. #scwx #ncwx https://t.co/TdmtUXXl7f,,"As shown here, a close brush with Major #HurricaneFlorence is not impossible right now. Stay tuned for updates right here with us at @gwccwx on this evolving situation. Thanks for sharing, @GregPostel! #Florence #hurricane https://t.co/wyHo6EBFLz",,,,,,,,,
"Breaking news 
Along with tracking tropical depression Gordon T N W News is now tracking a new hurricane called Hurricane  Florence .
More to come soon on hurricane Florence . https://t.co/Vehplsykvk",,From NHC_Atlantic: (@NHC_Atlantic)Hurricane #Florence Advisory 25: Florence Flourishing in the Face of Southwesterly Shear. https://t.co/clVtdyU0M7,,,,,,,,,
HURRICANE FLORENCE: Winds are now at 120 mph making it the first major hurricane of the 2018 season. This Category 3 storm is expected to weaken a bit before possibly strengthening early next week. https://t.co/RUMPau3YTq,,Florence becomes the first major hurricane of the 2018 Atlantic hurricane season https://t.co/pxR9LJAhgp,,,,,,,,,
Hurricane #Florence may be a problem for the east coast. A majority of the European Ensemble members bring Florence toward the U.S. next week. #nbcct https://t.co/aIFa5CggEf,,Hurricane Florence Forecast Advisory Number 25 https://t.co/Oi4jp3oODI,,,,,,,,,
"Hurricane Florence next storm in the pipeline, and more are expected to follow https://t.co/TGDRBerBT4",,"To regular folks out there worried about #Florence:

Don't, not yet. For storms this far away from the U.S., no one ever knows what will happen.

Let the rumors serve as a reminder to have a hurricane plan just in case. Check in this weekend to see if the forecast is ominous.",,,,,,,,,
BREAKING: Hurricane Florence becomes the first major hurricane of the 2018 Atlantic season. 8 A.M. advisory upped to category 3! This could make a run towards the eastern U.S. coast the middle of next week. https://t.co/0CYaNkKb0R,,@JackSillin post in 2018 Atlantic Hurricane Season https://t.co/CL2N1LL8gJ #33andrain #tropics #tropicalweather #tropicalstorm #florence https://t.co/zzjiutgTX6,,,,,,,,,
Tropical Storm Gordon and Hurricane Florence both pose threats. https://t.co/MLi6X0BS3l,,"No matter what eventually happens with major Hurricane #Florence, it'll send big waves toward the East Coast starting this weekend.  #abc7ny https://t.co/ZELzmubSJy",,,,,,,,,
FLORENCE BECOMES MAJOR HURRICANE __Wednesday morning Florence strengthened into a Category 3 hurricane. Significant model disagreement with where the hurricane will go over the next week. Needs to at least be monitored along the U.S. East Coast. https://t.co/NV4Ahed7OJ,,New post: Hurricane Florence becomes first major storm of 2018 Atlantic season https://t.co/CTmC5PW6nG,,,,,,,,,
"5Sept18 845aEDT/AST - Hurricane #Florence a 120mph CAT3 -Spectacular images with well defined storm hiding between pockets of dry air &amp; dust from the Saharan Desert. Models have been shifting a little West more so keep an eye on it, but over a wk awy so plenty of time for changes https://t.co/8z5vtJmPIl",,Hurricane Florence becomes first major storm of 2018 Atlantic season,,,,,,,,,
"Hurricane Florence now a Category 3, becomes first major storm of the season: NHC | https://t.co/dfG5yi7igP https://t.co/Uvh57bqGsc",,Hurricane Florence becomes first major storm of 2018 Atlantic season https://t.co/uxD7ruNHGd #FoxNews,,,,,,,,,
"Hurricane Florence, now a Cat3 in the Atlantic, is the first major hurricane of the 2018 Atlantic Season. The long range track is still a bit uncertain as it heads toward Bermuda by the end of the upcoming weekend. https://t.co/PXNKjb4RNr",,Hurricane Florence becomes first major storm of 2018 Atlantic season https://t.co/LjMmeHS9s3 https://t.co/Rqtcr8QKmS,,,,,,,,,
Tropical Storm Gordon and Hurricane Florence both pose threats. https://t.co/iUka775b78,,Florence is a cat 3 hurricane with winds sustained at 125 mph. It is the first major hurricane of this season. It is still moving WNW and should be monitored into next week. The area in between has a high chance of tropical formation over the next few days as well. https://t.co/uCtFuTQTpG,,,,,,,,,
"We now have our first major hurricane of the 2018 Atlantic Season. Hurricane Florence is still in the middle of the Atlantic not threatening land, but it is definitely a storm to watch. https://t.co/ZQYsGC4WMi",,"Early this morning, the new, advanced #NOAA20 satellite took this infrared image of #HurricaneFlorence, the first major #hurricane in the Atlantic this season. 
Track the latest:
 https://t.co/lppxE8yEJC? https://t.co/93jpgwWQV6",,,,,,,,,
Hurricane Florence is now a powerful category 3 hurricane with max sustained winds at 120mph. Track the storm: https://t.co/t1YDjRcaVI https://t.co/Pp171Hr3vI,,"Hurricane #Florence now a major storm with 125mph sustained winds.  It'll run into a bit of wind shear during the next day or two with some weakening, but should rejuvenate later in the weekend.  Forecast track very uncertain after Monday.  #abc7ny https://t.co/qNDa3MhBSA",,,,,,,,,
#Florence is now the first MAJOR (category 3) hurricane of the season. #WESHwx https://t.co/DgueDX1EIB,,"For those still following every move by the NHC, some crazy stuff as Hurricane #Florence (not a threat here) has completely baffled forecasters.

""Florence has been rapidly intensifying since yesterday, an event that was not foreseen by any intensity models, nor forecasters."" https://t.co/dCe5O1bmNP",,,,,,,,,
"Hot Topics: Hurricane Florence, Brett Kavanaugh, Bob Woodward, ...",,Hurricane Florence becomes first major storm of 2018 Atlantic season https://t.co/nmBZAftNqo https://t.co/ZRgJcLdwyg,,,,,,,,,
"RT arielle_WX: #Hurricane #Florence now a cat 3... Major hurricane with winds 120mph. Storm is still expected to move into less favorable waters and weaken back to a cat 1 by Thursday. 

Count on Storm Team 2 for updates. 

#CHSwx #CHSnews #SCwx WCBD #Tr… https://t.co/bAq2POUinU",,"In the Atlantic, Hurricane #Florence has winds of 125mph, gusting to 155mph, with a pressure of 957mbars. Movement is Northwest at 13mph. https://t.co/Kkxw9feGgf",,,,,,,,,
"If you didn’t stock up with thrive freeze dried for long term food insurance for ur family, get out now to the store to stock ur hurricane supply with water, shelf stable food &amp; medicines. #LinkInBio if u want to stock up for the rest of the #hurricane season. #HurricaneFlorence https://t.co/KdaCG7xYux",,Florence becomes hurricane as it heads towards Bermuda https://t.co/xx9DQf76zM,,,,,,,,,
"Hurricane #Florence was upgraded to a major hurricane shortly after 12Z today, with max sustained winds of 105 kt. This is an increase of 40 kt in 24 hr. The cyan ring is again a harbinger of RI. https://t.co/HHqnqlvLQ3",,"As we approach September 10-14 
all eyes need to be focused on the tropics 
as 
Both the GFS and European models show what will be Hurricane Florence tracking menacingly close to the East Coast

 It’s been 27 years since a hurricane made landfall in New England https://t.co/pexrrJOSSG",,,,,,,,,
Tropical Storm Gordon and Hurricane Florence both pose threats. https://t.co/kClMkYTrND,,"#Florence is our first major hurricane of the 2018 season. Still uncertain if there's any U.S east coast impact. Even by the start of next week, Florence will still be in the open waters of the Atlantic. https://t.co/LpSJMB8Dl6",,,,,,,,,
"BREAKING: #Florence has strengthened into a Category 3 hurricane in the open Atlantic, making it the first major hurricane of the 2018 Atlantic season: https://t.co/T0MFrW1bqM https://t.co/yjDqpLS9ET https://t.co/jr8jK5cMAh https://t.co/uxN2eMOlsb",,Tropical Storm Gordon and Hurricane Florence both pose threats. https://t.co/J5rhcFwvdZ,,,,,,,,,
Tropical Storm Gordon and Hurricane Florence both pose threats. https://t.co/QXa1cWLGhU,,"At 125 mph, #HurricaneFlorence is the strongest Atlantic storm since #HurricaneMaria last year. Too early to tell -- but it could pose a threat to the US.
https://t.co/fdsYpSD7MX https://t.co/77eOkdfvOQ",,,,,,,,,
Tropical Storm Gordon and Hurricane Florence both pose threats. https://t.co/LWs7nszsWp,,.@KerriWFXL is keeping an eye out on Florence as she becomes first major hurricane of Atlantic season https://t.co/F55WY4DxP2,,,,,,,,,
Tropical Storm Gordon and Hurricane Florence both pose threats. https://t.co/nwrrahXedo,,"Hurricane Florence, the first major hurricane of the year, could pose a threat to the US East Coast https://t.co/LP2Tl6UkSf",,,,,,,,,
Tropical Storm Gordon and Hurricane Florence both pose threats. https://t.co/irO3Jrq3h8,,Florence becomes first major hurricane of Atlantic season https://t.co/iOPjl1upoP https://t.co/5PZZrXGsKt,,,,,,,,,
Tropical Storm Gordon and Hurricane Florence both pose threats. https://t.co/ccBL0pg0uo,,"Hurricane Florence, the first major hurricane of the year, could pose a threat to the US East Coast - CNN https://t.co/NkOaCCJ9pz",,,,,,,,,
"Hurricane Florence is officially the first major hurricane of the 2018 Atlantic Hurricane Season, as it moves across the Atlantic with maximum sustained winds of 120 mph. https://t.co/MOqsQOYevH https://t.co/ka0MVFEiGQ",,"(#Luke 21:25)
DEVELOPING: Category 3 Florence becomes first major hurricane of Atlantic season https://t.co/QkTVUTjVCg #EndTimes #WorldNews https://t.co/F1xnP8lXzp",,,,,,,,,
Tropical Storm Gordon and Hurricane Florence both pose threats. https://t.co/oRWAN16Qsc,,"Here is the 10 AM update for Major Hurricane Florence. With maximum sustained winds up to 125 mph, Hurricane Florence is now a Category 3 Major Hurricane. There are no expected impacts to Southeast Texas at this time. #houwx #txwx https://t.co/3Lt1MZIqe4",,,,,,,,,
Tropical Storm Gordon and Hurricane Florence both pose threats. https://t.co/iDvqUoJVL2,,"Gordon is inland, now a Tropical Depression and will continue to weaken.  Our next player to watch is Hurricane Florence. Newer model data is trying to bring US east coast in play next week. https://t.co/cLkff5Xv9j",,,,,,,,,
Tropical Storm Gordon and Hurricane Florence both pose threats. https://t.co/yAe1mdgCRm,,Hurricane Florence is the 1st major hurricane of the season! https://t.co/rtC3CbgcLC,,,,,,,,,
Tropical Storm Gordon and Hurricane Florence both pose threats. https://t.co/so9CA0IzZ8,,"Hurricane Florence, the first major hurricane of the year, could pose a threat to the US https://t.co/1IeIcBG48g",,,,,,,,,
Tropical Storm Gordon and Hurricane Florence both pose threats. https://t.co/5uLE3cj6By,,Gordon has weakened to a tropical depression as it moves through #Mississippi but heavy rain continues for #FL panhandle. #Atlantic is busy with Hurricane #Florence - 1st major hurricane of season and there is another wave behind it. https://t.co/dOnsGTiIES,,,,,,,,,
"If you didn’t stock up with food for long term food insurance for ur family, get out now to the store to stock ur hurricane supply with water, shelf stable food &amp; medicines. #LinkInBio if u want to stock up for the rest of the #hurricaneSeason2018 #HurricaneFlorence https://t.co/faClK38zZe",,"Cat. 3 Hurricane Florence could threaten the East Coast, but there are a lot of uncertainties with this forecast… https://t.co/vWXIa3P8qh https://t.co/O2NTcRP2HL",,,,,,,,,
"Latest models keep Major Hurricane Florence moving towards the US coastline a bit longer, the big question is when &amp; if this storm will take a turn for the north. 

#Hurricane #TropicalUpdate #CHSwx #CHSnews #SCwx https://t.co/oVk6TTFFmM",,Dear hurricane Florence please do not hit Bermuda cause I would really like to visit next month,,,,,,,,,
Tropical Storm Gordon and Hurricane Florence both pose threats. https://t.co/oPG7lfoj0u,,Hurricane Florence Weather Update: Category 3 storm moving toward Bermuda https://t.co/xL07chRUZw https://t.co/BrXKeoTnmg,,,,,,,,,
"Gordon passed area by, but Hurricane Florence and two other potential systems bear watching https://t.co/kGLsqOkAmy https://t.co/tAo9rb3qiL",,"@WAVY_News 10 Midday is next with new information on the progress of Hurricane #Florence, plus the latest on the heat hanging on in Hampton Roads. https://t.co/m5CutmF6Qn",,,,,,,,,
Florence becomes the FIRST major hurricane of the season with winds up to category 3 status. Still not expecting impacts to the U.S. in the long-range. https://t.co/jaSi9rlEnU,,Florence becomes first major hurricane of Atlantic season https://t.co/HdnfdRlf1d https://t.co/Zq7B04ZjP0,,,,,,,,,
#Florence is now a major category hurricane. A storm this far north already typically curves out to sea... but the steering currents may allow it to head farther west. Worth watching! https://t.co/gkoYxA2ZQv,,"As we approach the peak of Nova Scotia's hurricane season, the Canadian Hurricane Centre says it will keep “a close eye” on Florence. https://t.co/BRK1ihgfN3",,,,,,,,,
Tropical Storm Gordon and Hurricane Florence both pose threats. https://t.co/dU5ghHwAYa,,"Hurricane Florence strengthens into first major hurricane of Atlantic season
https://t.co/SPpg4ffZVs https://t.co/zPJYNLsbnU",,,,,,,,,
Tropical Storm Gordon and Hurricane Florence both pose threats. https://t.co/UhZf1nm6Zm,,Hurricane Florence strengthens into first major hurricane of Atlantic season https://t.co/NRmr86Ljr3,,,,,,,,,
Tropical Storm Gordon and Hurricane Florence both pose threats. https://t.co/kjXFR6tsXS,,"#Florence is now the first Major Hurricane of 2018 in the Atlantic -- track will be highly dependent on steering flow aloft. Does its growing strength allow it to be picked up by a trough or does it maintain its westerly course, guided by a building ridge? https://t.co/aYbCTgmPf1",,,,,,,,,
Tropical Storm Gordon and Hurricane Florence both pose threats. https://t.co/P5FlxHkMsE,,Some very nice satellite imagery of Hurricane #Florence in the Atlantic at the moment! Some forecast models take this current category 3 hurricane towards the east coast of the #UnitedStates stay tuned.... #USA #Extremeweather https://t.co/x1dan3POgn,,,,,,,,,
Hurricane #Florence now a Category 2 storm at this time no threat to land but will be watching this one very closely stay tuned. https://t.co/KcAkHlyFED,,Belski's Blog - Possible forecast tracks for major hurricane Florence https://t.co/KwEaCHEHiS https://t.co/djkuD1PBab,,,,,,,,,
"#Florence has ""the look"" of a major hurricane. Now a Category three. Symmetrical buzz saw, with a growing eye, this storm is thriving. https://t.co/zL6kQfGSbA",,"NOAASatellites: #GOESEast saw Hurricane #Florence spinning in the open Atlantic Ocean this morning. The Cat. 3 storm is the first major #hurricane in the Atlantic this year, but currently not a threat to land. See more: https://t.co/rue43ku6L1 https://t.co/lmhoFcidJL",,,,,,,,,
"I pray that Hurricane Florence doesn't hit Henderson Beach, FL.",,#GOESEast view of Hurricane #Florence this morning https://t.co/w2MzdrU4lO,,,,,,,,,
Hurricane Florence and other names of the 2018 Atlantic Hurricane Season https://t.co/Db5Now5Oof https://t.co/A42BWxvJjK,,#Hurricane #Florence strengthens on possible path to Bermuda https://t.co/2ZQ0Q6WDTr,,,,,,,,,
Tropical Storm Gordon and Hurricane Florence both pose threats. https://t.co/TtnWtXGEMl,,"Hurricane Florence, the first major hurricane of the year, could pose a threat to the US East Coast https://t.co/kMbHwtf8ph https://t.co/YJVUprdEO3",,,,,,,,,
Tropical Storm Gordon and Hurricane Florence both pose threats. https://t.co/xl7KSxcInP,,"Hurricane Florence, the first major hurricane of the year, could pose a threat to the US East Coast https://t.co/8tefKajo4d https://t.co/WtLy7MdtTk",,,,,,,,,
Hurricane #Florence could impact the East Coast next week. Do you have at least 3 gallons of fresh water available per person in your home? More tips: https://t.co/qIMNMWlDJV https://t.co/oxcMwdVxd9,,"Hurricane #Florence spinning in the open Atlantic Ocean this morning. The Cat. 3 storm is the first major #hurricane in the Atlantic this year, currently not a threat to land. See more: https://t.co/PNpyNHy5SR 

Hurricane Preparedness -Be Ready!
Tips: https://t.co/XO7PG8n7AK https://t.co/2WFE172iJd",,,,,,,,,
#BREAKING MIAMI (AP) -- Category-2 Hurricane Florence forms in the Atlantic Ocean on a path toward Bermuda. #fox5atl #fox5storm,,Category 3 Florence becomes first major hurricane of Atlantic season:  https://t.co/04VdABd7QG,,,,,,,,,
Tropical Storm Gordon and Hurricane Florence both pose threats. https://t.co/KlE3pdBqei,,"#Florence continues to look better on satellite imagery this afternoon, with some suggestions that it may be close to attaining category 4 status. Next update from the NHC will tell. Certainly stronger than anticipated. https://t.co/EGjgFoV5Lb",,,,,,,,,
Tropical Storm Gordon and Hurricane Florence both pose threats. https://t.co/YcaWY5hcIb,,Major Hurricane Florence among 3 tropical systems Floridians need to monitor https://t.co/ilS6TS2gs6 https://t.co/T0EdDDQgHk,,,,,,,,,
Tropical Storm Gordon and Hurricane Florence both pose threats. https://t.co/CQT179jJGb,,Category 3 Florence becomes first major hurricane of Atlantic season:  https://t.co/FjFIOP9wrn,,,,,,,,,
Tropical Storm Gordon and Hurricane Florence both pose threats. https://t.co/CXJOZEns4F,,Florence Strengthens Into  Atlantic's First Major Hurricane of 2018; Interests in Bermuda and Along  U.S. East Coast Should Monitor,,,,,,,,,
Tropical Storm Gordon and Hurricane Florence both pose threats. https://t.co/hwfwaz0tOW,,Hurricane Florence is the Atlantic's 1st major hurricane(Cat3+) this season.  Bermuda will need to watch this one next week.  #HurricaneFlorence #Bermuda #weather https://t.co/lxtQcqbF04,,,,,,,,,
Definitely a concerning look to the latest ensemble suite of the ECMWF model guidance on potential tracks of Hurricane #Florence. All of the East Coast needs to monitor this storm closely. https://t.co/B9NbzFy590,,"Top Stories:  Hurricane Florence, the first major hurricane of the year, could pose a threat to the US https://t.co/oo6awh4BgM https://t.co/oDTinGKgNS https://t.co/G3RuRzfKmy",,,,,,,,,
Tropical Storm Gordon and Hurricane Florence both pose threats. https://t.co/p9ENUiEs1h,,"Hurricane Florence, located over 1300 miles ESE of Bermuda, has max winds at 125 mph. It looks to maintain hurricane status through early next week over the open Atlantic waters. Could be a concern for Bermuda down the road @wsvn @7weather https://t.co/IlwdhBzArt",,,,,,,,,
Tropical Storm Gordon and Hurricane Florence both pose threats. https://t.co/eqPbZB5RR5,,Florence becomes first major hurricane of Atlantic season https://t.co/OSJFoq1mPY,,,,,,,,,
Tropical Storm Gordon and Hurricane Florence both pose threats. https://t.co/nb68BtoN8s,,"I’ve been living directly in the path of Hurricane #Florence since 2005.
#motherinlaw https://t.co/09YN77BY0n",,,,,,,,,
Tropical Storm Gordon and Hurricane Florence both pose threats. https://t.co/EufoyrdaYA,,Hurricane Florence strengthens on possible path to Bermuda - CBS News https://t.co/XoN2ryN3tm https://t.co/cAzFomHuUw,,,,,,,,,
Definitely a concerning look to the latest ensemble suite of the ECMWF model guidance on potential tracks of Hurricane #Florence. All of the East Coast needs to monitor this storm closely. https://t.co/dX2ESvR3Vb,,"Hurricane Florence, the first major hurricane of the year, could pose a threat to the US East Coast

https://t.co/EQsVeDtaMZ",,,,,,,,,
Tropical Storm Gordon and Hurricane Florence both pose threats. https://t.co/EpmXvcNgyT,,"Hurricane Florence, the first major hurricane of the year, could pose a threat to the US East Coast - CNN https://t.co/MbsqmbY4iq",,,,,,,,,
Tropical Storm Gordon and Hurricane Florence both pose threats. https://t.co/16o6gecQkI,,Florence is the first major Atlantic hurricane of the 2018 season #florence https://t.co/z5ZHJrxV5d,,,,,,,,,
Tropical Storm Gordon and Hurricane Florence both pose threats. https://t.co/Cj09Pl1vuw,,"Hurricane Florence to the east coast: hey girl, hey girl https://t.co/yXqoNXinVj",,,,,,,,,
Tropical Storm Gordon and Hurricane Florence both pose threats. https://t.co/kP5BFoYC2A,,Hurricane Florence strengthens into first major hurricane of Atlantic season - https://t.co/YR5EArkQpf https://t.co/wpizwu6SeQ,,,,,,,,,
RT NHC_Atlantic: Hurricane #Florence Update: #Florence becomes the first major hurricane of the 2018 Atlantic hurricane season.  https://t.co/s9cQlRfIqO https://t.co/lneHNJ4ov5,,"Hurricane Florence, the first major hurricane of the year, could pose a threat to the US East Coast ...read the story here https://t.co/VzhqT3lK4Q https://t.co/Kje4YEsnux",,,,,,,,,
Tropical Storm Gordon and Hurricane Florence both pose threats. https://t.co/DQO2rzq26r,,Florence becomes first major hurricane of Atlantic season https://t.co/KIijUc3OH6,,,,,,,,,
Tropical Storm Gordon and Hurricane Florence both pose threats. https://t.co/LBFYpSaHro,,"While #Gordon weakens, meanwhile #Florence becomes the first major hurricane of the 2018 Atlantic season. Also, a new depression or storm is likely to form behind Florence. The next name on the list is #Helene. https://t.co/3N6jqVoQku",,,,,,,,,
Tropical Storm Gordon and Hurricane Florence both pose threats. https://t.co/g6UIXRrfqP,,"Hurricane Florence, the first major hurricane of the year, could pose a threat to the US East Coast https://t.co/elqxqgr9JP",,,,,,,,,
Tropical Storm Gordon and Hurricane Florence both pose threats. https://t.co/WtftiHsdxI,,Florence becomes first major hurricane of Atlantic season https://t.co/gGOuiEs5AH https://t.co/G4hzFrouh4,,,,,,,,,
"Hurricane #Florence becomes the first major hurricane of the 2018 Atlantic Hurricane Season. 

Predictions are for up to 2 major hurricanes (category 3 or higher) this season. https://t.co/v9bX1bbZsP",,Recommended...5 things to know now about #HurricaneFlorence from @NWSRaleigh https://t.co/QReVza6sKr,,,,,,,,,
"Forecasters: Florence is now a major hurricane, category 3 with 120 mph winds, moving in the Atlantic toward Bermuda. [AP]",,Tropical Storm Gordon and Hurricane Florence both pose threats. https://t.co/VMNX83QkI8,,,,,,,,,
"BREAKING: Forecasters: Florence is now a major hurricane, category 3 with 120 mph winds, moving in the Atlantic toward Bermuda. (@ap)",,Watching where #HurricaneFlorence will go in the next 7 days is going to be fun and interesting.  Also nerve wracking as hell to.,,,,,,,,,
Hurricane #Florence is now the first major hurricane of the 2018 Atlantic hurricane season. A category 3 hurricane with winds of 120 mph. #FirstAlertWX https://t.co/JDGhHtF7oZ,,#Florence will be a tough out for sure. Was expected to be a TS at this point. Now it’s a near Category 4 Hurricane,,,,,,,,,
"Hurricane Florence becomes category 3, on path toward Bermuda https://t.co/BPY1oh8QxL",,MAJOR HURRICANE__ | Florence is now a Category 3 hurricane with 120 mph winds. It could threaten the U.S. East Coast by late next week. https://t.co/tABDLrnUZi,,,,,,,,,
"Hurricane Florence now a Category 3, becomes first major storm of the season: NHC https://t.co/QC2qKP8syf",,"Hurricane Florence, the first major hurricane of the year, could pose a threat to the US East Coast - CNN https://t.co/CmblMK8Ous",,,,,,,,,
#pitbull #mrworldwide #inspirational #inspo #motivational Hurricane Florence #GlobalTADay Freddie Mercury https://t.co/7JdggeaKAQ,,"The first major hurricane of the 2018 season, Florence on Wednesday morning had maximum sustained winds of 125 mph, according to the National Hurricane Center. It was about 2,000 miles from the US coastline, still way too far out for a confident... https://t.co/4gqHX0JsA8",,,,,,,,,
Tropical Storm Gordon and Hurricane Florence both pose threats. https://t.co/MkIlQSnRVA,,"@carlylane29
""Florence is the first major Atlantic hurricane of the 2018 season"" #florence https://t.co/oSTGtBKsB1",,,,,,,,,
Category-2 Hurricane Florence forms in the Atlantic Ocean on a path toward Bermuda https://t.co/oSSTIu1WC7,,"As #HurricaneFlorence forms in the Atlantic and almost a year after #HurricaneMaria devastated Puerto Rico, nonprofit groups on the island still struggle with the ongoing recovery. From @povertynews: https://t.co/jW16vWBmp8",,,,,,,,,
Tropical Storm Gordon and Hurricane Florence both pose threats. https://t.co/PZLrnY2uK7,,Tropical Storm Gordon and Hurricane Florence both pose threats. https://t.co/RzuRgwgYcR,,,,,,,,,
"#BREAKING: Forecasters: Florence is now a major hurricane, category 3 with 120 mph winds, moving in the Atlantic toward Bermuda.",,Hurricane #Florence churns as a #Category3 storm through the #Atlantic. The question is to if it will make it's way toward the U.S coastline. Only time will tell. Ignore the hype for now and just have a #hurricane action plan just in case the forecast changes. #tropics https://t.co/y15aJjmBRZ,,,,,,,,,
Tropical Storm Gordon and Hurricane Florence both pose threats. https://t.co/SahRr5MuDx,,Tropical Storm Gordon and Hurricane Florence both pose threats. https://t.co/nMDZePFR1Q,,,,,,,,,
"BREAKING: Forecasters: Florence is now a major hurricane, category 3 with 120 mph winds, moving in the Atlantic toward Bermuda. https://t.co/e9PFi6VRmZ",,UPDATE: Florence ramps up to Category 3 hurricane in Atlantic Read more: https://t.co/A5QIRYkIxB https://t.co/A5QIRYkIxB,,,,,,,,,
"JUST IN: Forecasters: #Florence is now a major #hurricane, category 3 with 120 mph winds, moving in the Atlantic toward #Bermuda.",,Where Is Hurricane Florence Headed In The Atlantic? https://t.co/p3TYiy3eaC,,,,,,,,,
"Please monitor all the latest on major hurricane #Florence (120 mph).  A close encounter with the United States is not unrealistic, later next week. #flwx #gawx #scwx #ncwx #vawx #dewx #mdwx #njwx #mawx #nywx https://t.co/RioNAOmJIr",,Hurricane Florence is on a path toward Bermuda. https://t.co/YnZfl1w1zO https://t.co/7udFqH3pdV,,,,,,,,,
Hurricane Florence is now a category two storm in the Atlantic. Model guidance has been crazy for this storm. We are keeping a close eye on any developments and the track as the models are hinting she could ride... https://t.co/8vm3hwBjHe,,Taking a live look at hurricane Florence weather modeling. https://t.co/g1fA6bJpwr,,,,,,,,,
"MIAMI (AP) - Forecasters: Florence is now a major hurricane, category 3 with 120 mph winds, moving in the Atlantic toward Bermuda.",,Tropical Storm Gordon and Hurricane Florence both pose threats. https://t.co/MBJLbucJvi,,,,,,,,,
"BREAKING: Florence is now being classed as major category 3 hurricane, with 195 km-h winds. The first major hurricane of 2018 Atlantic season is currently out in open water and moving towards Bermuda, says the National Hurricane Center. https://t.co/fiRDIbatZn",,"As we keep an eye on the paths of #Gordon and #Florence, keep in mind these top 5 losses from major storms and tips on how to help avoid them.  https://t.co/sNbluGZ9Il #hurricane",,,,,,,,,
Tropical Storm Gordon and Hurricane Florence both pose threats. https://t.co/PksDZhhpML,,Tropical Storm Gordon and Hurricane Florence both pose threats. https://t.co/KL9tHTjImA,,,,,,,,,
Tropical Storm Gordon and Hurricane Florence both pose threats. https://t.co/c3NYiSHpaQ,,Tropical Storm Gordon and Hurricane Florence both pose threats. https://t.co/a8j4ztD6fH,,,,,,,,,
"FLORENCE NOW A MAJOR HURRICANE
At Category 3, #Florence has sustained winds of 120 mph in the Central Atlantic. 5 days from now, it will still be east of Bermuda.

@WSAVKrisA @wsavleeh @wsavalysac https://t.co/Jymwmvb6nU",,Hurricane Florence https://t.co/gCZmwanUpu https://t.co/WEh1E00Lry,,,,,,,,,
"Hurricane Florence now a Category 3, becomes first major storm of the season. #HurricaneFlorence https://t.co/MMRMDLaS3y",,First Hurricane of the season named after our first owner!!  What kinda specials should we run when she hits land??? #hurricaneflorence #OldfieldsAroundTheWorld https://t.co/8wGErSfKVY,,,,,,,,,
Hurricane Florence may be in the middle of the Atlantic but we will be watching closely since she is now the FIRST MAJOR HURRICANE of the 2018 Atlantic season. She is now a category 3 with winds at 120 mph. More to come. @WFMY https://t.co/rKgXURs7Tc,,"#GOESEast saw Hurricane #Florence spinning in the open Atlantic Ocean this morning. The Cat. 3 storm is the first major #hurricane in the Atlantic this year, but currently not a threat to land. See more: https://t.co/NQImbiMFOj https://t.co/bfWO2Jb6wa https://t.co/gJRRh1OWw6 https://t.co/8eHi93SgNV",,,,,,,,,
* US to keep a wary eye on Hurricane Florence as two other tropical waves develop  Tampa Bay Times * UK weather forecast: #TropicalStorm Florence threatens Britain with gusts of 65mph  https://t.co/TPLUXgYh2I * This Pattern in… https://t.co/NdxpNaHJWG via https://t.co/nitEnWQLIQ https://t.co/JQwjXIcDsk,,Tropical Storm Gordon and Hurricane Florence both pose threats. https://t.co/LEYUEKZFEy,,,,,,,,,
"Forecasters: Florence is now a major hurricane, category 3 with 120 mph winds, moving in the Atlantic toward Bermuda. https://t.co/y7gHKQdH1F",,Florence is the first major Atlantic hurricane of the 2018 season #florence https://t.co/SFcUiPRFtK,,,,,,,,,
"Eyes are shifting from the Gulf to the Atlantic now as #HurricaneFlorence is the first major hurricane of the 2018 season. With max sustained winds estimated at 120mph, this Category 3 Hurricane is projected to reach Bermuda in the next 7 days @OKwxlab https://t.co/WvEr6BITKr",,Tropical Storm Gordon and Hurricane Florence both pose threats. https://t.co/JjXxiT1Hlx,,,,,,,,,
"Hurricane Florence now a Category 3, becomes first major storm of the season: NHC https://t.co/xvJ6WMj94f",,Models suggest Hurricane Florence may approach East Coast: https://t.co/Bzl2TlhAFF https://t.co/6IKQm6gzWb,,,,,,,,,
Great! Now we have our 1st major hurricane of this hurricane season in the Atlantic! ~Allen #Hurricane #Florence https://t.co/R0YKPQPUAR,,@weatherchannel what does the latest release of the European model show for hurricane #Florence ?,,,,,,,,,
Category-2 Hurricane Florence forms in the Atlantic Ocean on a path toward Bermuda https://t.co/5kJqJk6iOb,,"Florence strengthens to a Category 3, and it’s the first major hurricane of 2018 https://t.co/y0hX6pAG0f",,,,,,,,,
Florence now a category 3 hurricane in the Atlantic https://t.co/zfQOQKDayp https://t.co/jh00M9WPct,,Florence becomes first major hurricane of Atlantic season https://t.co/ijB2HkBIwW,,,,,,,,,
"Emergency Measures Organisation  ""closely monitoring"" Hurricane Florence | #Bermuda https://t.co/aP8wQhbG4K",,Florence becomes first major hurricane of Atlantic season https://t.co/W1HVdc0cSq https://t.co/UqL1LvtW5B,,,,,,,,,
"Hurricane Florence becomes category 3, on path toward Bermuda https://t.co/2KGtOS1jOC",,"Lots Going On! #HurricaneFlorence Hits CAT 3, Could Hit #EastCoast, #Gordon To Take Curved Path #Breaking... https://t.co/6wRCn1QnbJ",,,,,,,,,
Overnight GFS ensemble members also suggesting E US coastal impacts from #Hurricane #Florence. The big difference from EPS data is the large spread in members (1000-2000 mi?). Note the majority of members in the Carolinas coastline. Still a LOT to be worked out! #NCwx #SCwx #VAwx https://t.co/rc6ccj7olg,,Florence has become the first major hurricane in the Atlantic Basin this season. A look at the forecast and other areas to watch  - https://t.co/DkZW6yBA8H https://t.co/V8Ogrd4l22,,,,,,,,,
"""Emergency Measures Organisation  ""closely monitoring"" Hurricane Florence | #Bermuda https://t.co/ixhoEAPMWB""",,"Lots Going On! Hurricane Florence Hits CAT 3, Could Hit East Coast, Gordon To Take Curved Path https://t.co/3ni1rknA8V",,,,,,,,,
SIGNIFICANT changes in overnight European ensemble data regarding the potential track for #Hurricane #Florence.(Beth Carpenter) #WindMapApp https://t.co/yjFTMjDToQ https://t.co/r4elMd19T5,,Hurricane Florence becomes first major storm of 2018 Atlantic season https://t.co/PU4GbSKqQD #FoxNews,,,,,,,,,
"Hurricane #Florence needs to be carefully monitored. It is a long way out, but the possibility of it approaching the East Coast mid-late next week isn't off the table. Track remains highly uncertain, so nothing is locked in. Only action required for now is to remain aware https://t.co/Y5mFrDvgfK",,"The strengthening of Hurricane Florence in the face of (seemingly) hostile conditions has been remarkable. Yesterday, the NHC forecasted weakening. Today the thing is near cat 4 strength. We have a ways to go before we can more accurately forecast hurricane intensity. #nbcct https://t.co/qcbYKjFZlN",,,,,,,,,
Hurricane Florence: Wednesday 6am update | @OwainRG | https://t.co/IDBThBfDC5 https://t.co/wdnrPkd06S,,"Hurricane Florence next storm in the pipeline, and more are expected to follow https://t.co/zUdtEcpjyp",,,,,,,,,
Eye on Hurricane Florence... https://t.co/YtWebuU927,,Florence becomes first major hurricane of Atlantic season https://t.co/zz0FseZfOM https://t.co/EgOvZLabec,,,,,,,,,
"Now a Category 3 storm, Florence becomes the first major hurricane of the 2018 Atlantic season. Currently tracking towards Bermuda. https://t.co/ake36CDP61",,"One of many reasons why it's *far* too soon to determine the future of #Florence next week. As many have noted (@TTrogdon, @TropicalTidbits among them), use this time to brush up your #hurricane plan. https://t.co/xi5HBa9BmR https://t.co/VvO19pY1nO",,,,,,,,,
"FEMA Daily Operations Briefing for September 5, 2018

Significant Activity –Sep 4 -5

Significant Events: Tropical Depression Gordon

Tropical Activity:

Atlantic – Hurricane Florence (CAT 2); Tropical Depression... https://t.co/aGyvFpixgi",,Ok so if we all face east and start aggressively blowing maybe Hurricane Florence will turn the other way? #HurricaneFlorence,,,,,,,,,
Hurricane Florence is now a category 3 https://t.co/u5845zLyE9,,Hurricane Florence could pose a threat to the US East Coast https://t.co/qpKdU9yk22,,,,,,,,,
"Forecasters: Florence is now a major hurricane, category 3 with 120 mph winds, moving in the Atlantic toward Bermuda. (via @AP)",,"#WeatherChannel Florence Strengthens Into Category 3 Hurricane in Atlantic
See https://t.co/jvKuy8Vgur for the full forecast or download The Weather Channel Mobile App for Android and iOS",,,,,,,,,
Eye on Hurricane Florence... https://t.co/CerzMVYUp4 https://t.co/oMxKHQrtDU,,"Where is #HurricaneFlorence headed? Will the storm make landfall?
https://t.co/V9FMlkJk8t https://t.co/HAlFqgxBn2",,,,,,,,,
The European model had an overnight shift in the track for Hurricane Florence. High pressure may force it towards the east Coast next week. Satellite imagery indicates Florence is strengthening &amp; is now a major hurricane.  Max sustained winds are estimated to be 120 mph. #mawx https://t.co/3odyrPzjwH,,U.S. to keep a wary eye on Hurricane Florence as two other tropical waves develop https://t.co/zFejHz369t,,,,,,,,,
"Hurricane Florence becomes first major storm of 2018 Atlantic season, if you know what i mean",,What a beast! #HurricaneFlorence https://t.co/Zegdv5mQ80,,,,,,,,,
ATLANTIC HEATING UP: Florence now a Category 3 hurricane https://t.co/U9owtyn3an https://t.co/I7NH2sHaaA,,"Florence, 1st major #HURRICANE of Atlantic season, to approach Bermuda and US East Coast next week https://t.co/PG2M8KxXXH",,,,,,,,,
"People in Bermuda are paying close attention to Hurricane Florence, as she makes her way toward the island. https://t.co/sCXYigJ5w8",,Where is #HurricaneFlorence heading? #weather https://t.co/LzWERmPNV5,,,,,,,,,
Hurricane #Florence has become the first major hurricane (Category 3+) of the 2018 Atlantic hurricane season over the central Atlantic. #tropics https://t.co/uHx7v7QkV6,,"Hurricane Florence, the first major hurricane of the year, could pose a threat to the US https://t.co/xmcIvi971j https://t.co/wCcb2bByqk",,,,,,,,,
Eye on Hurricane Florence... https://t.co/ufFaQDFwA1,,"Hurricane Florence, the Category 3 storm could threaten the US East Coast by late next week. https://t.co/JyBYA6HJGM",,,,,,,,,
Hurricane Florence strengthening over the Atlantic https://t.co/ERtsq5ZaB3,,Looks like #HurricaneFlorence is going to visit the east coast. https://t.co/C96biq9dgH,,,,,,,,,
#HURRICANE Florence becomes first major storm of 2018 Atlantic season https://t.co/LEWp0f1tdL,,"I liked a @YouTube video https://t.co/tgFckfvpMf Lots Going On! Hurricane Florence Hits CAT 3, Could Hit East Coast, Gordon To Take",,,,,,,,,
Hurricane Florence is the first major hurricane (category 3) in the Atlantic basin.  It is very far from the United States but it could threaten the east coast next week. https://t.co/8tayU6lvH8,,@NOAASatellites https://t.co/OFLJXvj10h UK Atlantic Hurricane Florence https://t.co/AI41pBy3kY,,,,,,,,,
@Shark_Katharine @MissCostaShark @HiltonTheShark @YETItheShark @RockStarLydia @MaryLeeShark @ChrisOCEARCH @YETICoolers @CostaSunglasses Love it. Watch for Hurricane Florence!,,"Hurricane Florence strengthens on possible path to Bermuda       
 
Read more here -&gt; https://t.co/GvrvUDnKab
Tropical cyclone #Hurricane Florence (2006) https://t.co/Tb0wC3gD2o",,,,,,,,,
can florence wait until after saturday plz #HurricaneFlorence,,Hurricane Gordon and Hurricane Florence are great reminders that we are in the height of hurricane season and now is the time to prepare. https://t.co/QcCX0Vs1C5,,,,,,,,,
ATLANTIC HEATING UP: Florence now a Category 3 hurricane https://t.co/mGpEkMjBqI,,"Hurricane Florence on Wednesday, September 5. https://t.co/JmR2cZNuow",,,,,,,,,
In the Atlantic Hurricane Florence is up to a category 3 storm with 120 mph winds.  #tropics #wusa9weather https://t.co/2MeGiSygpA,,Watching the paths of #Gordon and #Florence? Check out these tips on how to help you avoid the Top 5 losses from major storms.  https://t.co/qGFOLlgy8u  #hurricane,,,,,,,,,
"Hurricane Florence becomes category 3, on path toward Bermuda https://t.co/nNYXdc4rok",,Florence first major hurricane of the season https://t.co/sUdymNnG7P https://t.co/vOcOIqv43R,,,,,,,,,
Hurricane Florence strenghtens into first major hurricane of Atlantic… https://t.co/WrwKKj2mHV ExcitingAds! Jersey,,"Florence, 1st major hurricane of Atlantic season, to approach Bermuda and US East Coast next week https://t.co/v1ucvQJoqS",,,,,,,,,
"As Hurricane Florence continues to brew in the Atlantic, forecasters are watching for potential impact on North Carolina coast. https://t.co/xfhx40EjPx",,"We have four named #tropical cyclones currently active, #Florence, #Gordon, #Olivia, and #Norman, with another set the develop soon off the coast of Africa. Let's take a tour #hurricane https://t.co/dw3mFTFD1s",,,,,,,,,
Here is the latest advisory for #HurricaneFlorence from the #NHC https://t.co/LmCsAay3G9,,"Hurricane Florence could make a run at the East Coast by early next week — through there's still a great deal of uncertainty
https://t.co/eYgsgjloFi #blockchain #news",,,,,,,,,
"Hurricane Florence will continues to stay over the ocean as it moves north and west at roughly 10 mph.  By Monday, it is forecasted to be a little closer to Bermuda.  #wusa9weather #GetUpDC #tropics https://t.co/Czfg1PuuZl",,"Hurricane Florence could make a run at the East Coast by early next week — through there's still a great deal of uncertainty
https://t.co/nDVNmIhncv #homenews #news #cryptonews",,,,,,,,,
-  Tropical storm #Gordon might end up just being an appetizer!  The latest runs of both the #GFS and #EURO models both put Hurricane #Florence just off the East Coast late next week!!!  Something to keep an eye on for sure..... (not a forecast) https://t.co/Z9eBnPUlXx,,Hurricane Florence is the strongest Atlantic hurricane so far: https://t.co/LHmLHLyUms via @YouTube,,,,,,,,,
"Gordon should be bringing heavy rain for the next several days, and Florence is hot on his heals; upgraded to a Category 3 Hurricane today.  Keeping an eye on the next two... https://t.co/Kb0OsJ6p6Q",,Florence is the first major Atlantic hurricane of the 2018 season #florence https://t.co/uIS5oIYRFG,,,,,,,,,
"First Hurricane of the 2018 Atlantic Ocean season: Florence. Stay safe, follow issued advisories and warnings, and be prepared __ #coldwatersurf #coldwaterstoke #nhc #hurricane #atlanticocean #weatherwatch #wednesdaymotivation #florence #hurricane #hurricaneflorence https://t.co/F22hMGhDdc",,"HURRICANE FLORENCE: ADVISORY 25: TRENDING TOWARD THE US EASTERN SEABOARD.  STATES PREPARE FOR POSSIBLE FIRST MAJOR HURRICANE IN THE ATLANTIC THIS YEAR - Prepare now by making a plan, gathering supplies, and test your plan with your family. More at @CascadiaEMAlert @Readygov https://t.co/XJgeuf8XWe",,,,,,,,,
6z #GFS showing Hurricane #Florence late next week through the following week. Plenty of time for this track to change but models went west overnight with the storm. https://t.co/tpEHJ3ipgw,,"Despite about 30 knots of wind shear ripping through the center of Hurricane #Florence, it remains an intense Category 4 storm. Remarkable and highly unusual. https://t.co/yVSdHSJxyF",,,,,,,,,
Hurricane Florence becomes first major storm of 2018 Atlantic season https://t.co/WBVHtscvCo https://t.co/C2BfAnAgUz,,"Florence, 1st major hurricane of Atlantic season, to approach Bermuda and US East Coast next week https://t.co/I9qqOUePo3",,,,,,,,,
FLORENCE | Models continue to shift the track of #hurricane #Florence farther west and south. This one needs to be watched carefully by everyone along the US east coast. #flwx #scwx #ncwx #gawx https://t.co/H5ik0ZNr80,,The 2018 Atlantic hurricane season is swarming with activity. Experts like @philklotzbach say that's no surprise. #florence https://t.co/44u2bm55a3,,,,,,,,,
Imagine naming a hurricane Florence https://t.co/C9wF7SxGp0,,"She needs to chill RT @CNN: Hurricane Florence, the first major hurricane of the year, could pose a threat to the US East Coast https://t.co/RxtzRypgOn https://t.co/3yUboG7SeQ",,,,,,,,,
Florence Strengthens Into Atlantic's First Major Hurricane of 2018; Interests in Bermuda and Along U.S. East Coast Should Monitor | #TheWeatherChannel https://t.co/SbFGxCGK4c #HurricaneFlorence,,"I liked a @YouTube video https://t.co/s8aQDGl8Ks Lots Going On! Hurricane Florence Hits CAT 3, Could Hit East Coast, Gordon To Take",,,,,,,,,
Hurricane Florence starting to act dumb.,,"I liked a @YouTube video https://t.co/AIgjOnW3qI Tropics Update: Hurricane Florence and Tropical Depression Gordon, 9/5/18",,,,,,,,,
Hurricane Florence becomes first major storm of 2018 Atlantic season https://t.co/9egDoViFIA https://t.co/y1lwEOiyzm,,"Florence, 1st major hurricane of Atlantic season, to approach Bermuda and US East Coast next week https://t.co/y4wmTeEfO3",,,,,,,,,
"5 days away from the peak of #hurricane season #Florence reached major hurricane status as a CAT 3 storm, first of the Atlantic season. Although the storm is still ~2000 miles from the US , it may have impacts in the next 7-10 days. Still time for this to change #gawx #storm11 https://t.co/USFuUVrBKe",,"Just as a point of reference this is the scale the NHC uses not what we think or hear... Category 1, 2, 3, 4 &amp; 5 #Florence https://t.co/VIvPy0olH1",,,,,,,,,
"Back to sleep. I need it. Oh  __ waiting for the 2____nice day my fellow emergency workers stay safe, ppl hear us please. Stay out of flooding streets. #florence cat 3 back to back. God bless everyone.",,"Latest Euro model trends have been a bit more west with Hurricane Florence, but still no need to panic on the East Coast, just something to watch. Where do you think #Florence will track? Make your own forecast here: https://t.co/pXWNMx27MQ",,,,,,,,,
"Hurricane Florence is a Category 2 hurricane with winds of 105mph. On Monday Florence should be southeast of Bermuda. 

Invest 92L is in the eastern Atlantic with a 90% chance of development. This system could potentially make it to the Caribbean. https://t.co/yMnHhojEtW",,#Florence is the first major #hurricane of the 2018 Atlantic season. Forecast details - https://t.co/YeFTBRxzdu,,,,,,,,,
"#Florence is now a MAJOR HURRICANE... The first of the 2018 Atlantic Hurricane Season. Maximum sustained winds are estimated to be 120 mph. 
#CHAwx #TNwx #GAwx #TropicalWeather #HurricaneFlorence https://t.co/sIdKLQQvpZ",,"Hurricane Florence, the first major hurricane of the year, could pose a threat to the US East Coast - CNN https://t.co/6QCYQ0lkH2",,,,,,,,,
US to keep a wary eye on Hurricane Florence as two other tropical waves develop - Tampa Bay Times https://t.co/dUZtLkuwUL,,Florence becomes first major #hurricane of Atlantic season https://t.co/0f0z3qImLI via @ABC,,,,,,,,,
"Hurricane Florence could hit the East Coast next week. Stay away from Florida #HurricaneFlorence.

https://t.co/1doPMreOQL",,Most areas will be back above 90 degrees with another AccuWeather Alert day again on Thursday ... an eye on Tropical Depression Gordon and Hurricane Florence. Gordon could bring some rain our ... https://t.co/TV4lK8Nrcd,,,,,,,,,
"Hurricane #Florence was issued by NWS at September 05, 09:00:00 GMT for the Atlantic Ocean. Maximum Sustained Winds: 90 kt, 104 mph, 167 kph Wind Gusts of: 110 kt, 127 mph, 204 kph. @DisasterawareE https://t.co/Mpe7XifjX1",,Florence becomes first major hurricane of 2018 Atlantic season https://t.co/yqzfFvYdrU,,,,,,,,,
Introducing Hurricane #Florence https://t.co/1VwS6FY5ur,,NASAHurricane: RT NASARain: GPM Sees Hurricane #Florence Swirling In The Central Atlantic https://t.co/6TOwbx9OSc https://t.co/wJHbId5sTp #rbrwx,,,,,,,,,
Here is a really good weather Blog on #HurricaneFlorence from @wxbrad go check it out!!!! https://t.co/Gp95wupmbA,,"Hurricane Florence, the first major hurricane of the year, could pose a threat to the US East Coast - CNN https://t.co/tQwDSIhNdj",,,,,,,,,
Latest model projects a CAT 4 HURRICANE FLORENCE is it possible @jimcantore @reedtimmer https://t.co/GKOWu6dDdy,,Florence becomes first major Atlantic #HURRICANE of 2018 https://t.co/mkfv6LW92J #GPWX,,,,,,,,,
@AWxNYC i just hope the media can handle #HurricaneFlorence properly,,Florence becomes first major Atlantic #HURRICANE of 2018 https://t.co/7fxVl55b3k,,,,,,,,,
First major of the 2018 Atlantic Hurricane Season. #Florence has strengthened to winds of 120 mph. Cat 3. And it did this over water with below average sea surface temps... Wait until it hits the above average part of the Atlantic! https://t.co/tZ9ZZy6KYW,,Hurricane #Florence is the first hurricane of the season and poses a threat the to US East Coast. #MillenniumGrown https://t.co/r9FbsiDWlm,,,,,,,,,
"Hurricane Florence — now the first major storm of the 2018 season — is edging closer to South Carolina.

“Next week could get sporty.""

https://t.co/Bs9j0oEkpE",,"""Florence is the first major Atlantic hurricane of the 2018 season"" #florence https://t.co/D5Wk7SK92r",,,,,,,,,
Hurricane Florence becomes first major storm of 2018 Atlantic season https://t.co/0UrnXrDJ4s #FoxNews,,"RT:7Weather: RT @karlenechavis: Hurricane Florence, located over 1300 miles ESE of Bermuda, has max winds at 125 mph. It looks to maintain hurricane status through early next week over the open Atlantic waters. Could be a concern for Bermuda down the road @wsvn @7weather …",,,,,,,,,
"Storm tracking predictions are starting to point to a possible east coast landing for Hurricane Florence. Still too far out to predict with accuracy, but this is the time to start preparing if you live on the west coast. Current Hurricane track map: https://t.co/hjaGFXO0At",,Florence becomes first major Atlantic hurricane of 2018 https://t.co/LF0sU1Oo0L,,,,,,,,,
#Florence should be a Category 4 at the next advisory. Look at @ryanweather tweet for more details,,Regarding the Hurricane “Florence” https://t.co/cBM7QWPZfS,,,,,,,,,
"Hurricane Florence is now a Category 3, making it the first major hurricane of the season in the Atlantic. https://t.co/8tILFpUwSn",,"Keeping an eye on #hurricaneflorence 
https://t.co/4aThzolewY https://t.co/LnOTIIsZIm",,,,,,,,,
"#Florence is a Cat 3 major hurricane, and a Cat 5 Excedrin storm for meteorologists in terms of how it could (or could not) impact the East Coast. Florence is about 4-5 days away from a delicate balancing act that could usher it out to sea or leave it trapped behind as an EC risk https://t.co/adKnpOHXdj",,"A truly great point made here about the fairly rapid intensification and arguably overachieving progress of #Florence. Much to still learn indeed! Thanks for sharing, @MichaelRLowry! #HurricaneFlorence #hurricane @WxForecastSolns @EarthNetworks @hbwx @IreneSans @CherylNelsonTV https://t.co/ygxS79NOG8",,,,,,,,,
US to keep a wary eye on Hurricane Florence as two other tropical waves develop - Tampa Bay Times https://t.co/dBvNdu54oi,,Florence becomes 1st major hurricane of 2018 Atlantic season as Gordon continues to weaken https://t.co/3PJfQwQcmo https://t.co/FAAnPwb6Lv,,,,,,,,,
Tropical Storm Gordon and Hurricane Florence both pose threats. https://t.co/cvScAy2T6C,,The National Hurricane Center is issuing no more #Gordon advisories in inland locations... Focus on #Florence (at Cat 3 status) will be beginning as we monitor forecasts for East Coast coastlines next week. https://t.co/yrS8AUpr4z,,,,,,,,,
The Atlantic hurricane season is heating up! Definitely will be keeping an eye on #Florence. https://t.co/nsDTFAvXH9,,"I liked a @YouTube video https://t.co/koHsQ1JNcY Lots Going On! Hurricane Florence Hits CAT 3, Could Hit East Coast, Gordon To Take",,,,,,,,,
Hurricane Florence tracks toward U.S. at Category 3 status https://t.co/vCYb7S3Zhc,,"Lots Going On! Hurricane Florence Hits CAT 3, Could Hit East Coast, Gordon To Take Curved Path https://t.co/5FbJSxO3La",,,,,,,,,
The first major Atlantic #hurricane is on its way!  Clearly shown by @Shantelle_JJR.  #HurricaneFlorence https://t.co/J8HBtYEXil,,"This graphic shows path of the un-named 1933 hurricane that passed within 10 miles of #AlexandriaVA . #Florence is definitely a watcher for the DC region. As Douglas Adams said ""Don't Panic"". Just watch. Tuesday more accurate tracks. https://t.co/ZdcJJ6arMK",,,,,,,,,
East Coast of United States needs to closely monitor the progress of Hurricane Florence.  Remember it only takes one to make a season. https://t.co/KTKgxX32Q0,,I love how Hurricane Florence is the first major Atlantic hurricane. Just in time for the dog days to be over __,,,,,,,,,
"Florence is a major hurricane, category 3. Still no immediate threat to land. #Florence #NBCDFWWeather @nbcdfw @nbcdfwweather https://t.co/FGQ9YwwCbs",,"""Florence is the first major Atlantic hurricane of the 2018 season"" #florence https://t.co/shEO4hB42n",,,,,,,,,
Here's the latest on Hurricane Florence that we are tracking. Stay updated by clicking on https://t.co/FHN2k2TDbr and looking in the HURRICANE SEASON 2018 section. #ecarwx https://t.co/L4sk4uB3cB,,"Hurricane Florence, the first major hurricane of the year, could pose a threat to the US East Coast https://t.co/YwkdtJj607",,,,,,,,,
Here's the latest on Hurricane Florence that we are tracking. Stay updated by clicking on https://t.co/kBGR4eyf3e and looking in the HURRICANE SEASON 2018 section. #ecarwx https://t.co/o70FIf5L8m,,Florence becomes first major hurricane of Atlantic season https://t.co/KQgynyRjq7 https://t.co/R92BPDFCH6,,,,,,,,,
Here's the latest on Hurricane Florence that we are tracking. Stay updated by clicking on https://t.co/FSH3Vgh6pX and looking in the HURRICANE SEASON 2018 section. #ecarwx https://t.co/MeJWDQHi0P,,Florence is the first major Atlantic hurricane of the 2018 season #florence https://t.co/0UIUBpqAE1,,,,,,,,,
"https://t.co/2BiqOO3Amf

#Septemberwetter2018

#HurricaneFlorence currently.",,"Hurricane Florence, the first major hurricane of the year, could pose a threat to the US East Coast https://t.co/W9B3Ox9AnE",,,,,,,,,
Storm Upgraded: Cat 2 Hurricane #FLORENCE to Cat 3 Hurricane #FLORENCE 22.0N 45.7W Wind 125MPH Moving NW at 13 MPH https://t.co/R249huryhF,,Florence is the first major Atlantic hurricane of the 2018 season #florence https://t.co/lBMYceikMH,,,,,,,,,
"Hurricane Florence Graphics https://t.co/UM4E3OpGQd 
5-Day Uncertainty Track last updated Wed, 05 Sep 2018 14:41:03 GMT

Wind Speed Probabilities last updated Wed, 05 Sep 2018 14:41:03 GMT",,We got this!!! #Bermuda #HurricaneFlorence https://t.co/pcXTwqAHhs,,,,,,,,,
"Hurricane Florence 5-Day Track, Uncertainty Cone, Warnings (.shp) https://t.co/qGrI2M2zGs GIS Data last updated Wed, 05 Sep 2018 14:41:13 GMT",,Florence becomes first major hurricane of 2018 Atlantic season https://t.co/RTMkTJ5mFn,,,,,,,,,
Hurricane Florence Forecast Advisory Number 25 https://t.co/Oe6QmCD6Lx Issued at 1500 UTC WED SEP 05 2018,,Hurricane Florence becomes first major storm of 2018 Atlantic season https://t.co/QSpfCFSeAx #FoxNews,,,,,,,,,
"Hurricane Florence Public Advisory Number 25 https://t.co/kFhxdMlRqI ...FLORENCE FLOURISHING IN THE FACE OF SOUTHWESTERLY SHEAR...
Location: 22.0°N 45.7°W
Max sustained: 125 mph
Moving: NW at 13 mph
Min pressure: 957 mb

Issued at 1100 AM AST Wed Sep 05 2018",,"Florence, 1st major hurricane of Atlantic season, to approach Bermuda and US East Coast next week https://t.co/0vYeWFN8PQ",,,,,,,,,
Here is the latest track from @NWSNHC @WLTX on Hurricane #Florence https://t.co/5kkqAwUEFi,,"Hurricane Florence keeps strengthening, Category 3 edges closer to SC https://t.co/OqzV2su0wJ via @postandcourier",,,,,,,,,
Hurricane Florence Wind Speed Probabilities Number 25 https://t.co/DnyQeARu7H #ek3tech #ilovejax #stormwatch,,#HurricaneFlorence could pose threat to East Coast by the middle of next week.,,,,,,,,,
Hurricane Florence Forecast Advisory Number 25 https://t.co/auuDwr377p #ek3tech #ilovejax #stormwatch,,Hurricane Florence Video Update Brought to you by the Hurricane Tracker App at https://t.co/Zj1KCEQuz2 https://t.co/h2e9PM62O0,,,,,,,,,
"@MJVentrice @EricBlake12 @UWCIMSS Possible. I think #Florence's genesis has to be at partly attributable to the CCKW that moved over it last week. Now that it's a major hurricane, it may single handedly bring September above average in terms of #ACE. Not even counting #92L &amp; the next AEW.

Map via @carl_schreck. https://t.co/WnSmIQQRrJ",,Florence becomes first major hurricane of Atlantic season https://t.co/ejxbrPY7PS https://t.co/pxU3ceQo7N,,,,,,,,,
Hurricane Florence Graphics https://t.co/3Ka8i6iIEg,,"Hurricane Florence, the first major hurricane of the year, could pose a threat to the US East Coast",,,,,,,,,
"#Florence has intensified rapidly over the last 24 hours, which was not expected by the models. She is now just 6MPH short of becoming a Category 4 storm, defying all odds. 

Read the discussion: https://t.co/frPLu2oOGN https://t.co/hjPKWRkLMJ",,A new audio update has been published in the Hurricane Tracker App at http:/www.hurrtracker.com #Florence #tropics,,,,,,,,,
Hurricane #Florence continues to strengthen. As of 11 AM update maximum sustained winds are up to 125 mph with gusts to 155 mph. Movement to the NW at 13 mph. https://t.co/HKwAqZMMfj,,Could Hurricane Florence hit the U.S. next week? @breakingweather @ryanweather @GregPostel @weatherchannel  @NHC_Atlantic https://t.co/ysrLnX5LLr https://t.co/q5rwoB5in5,,,,,,,,,
Hurricane Florence Forecast Advisory Number 25 https://t.co/kVYmNsUiuT,,Florence becomes first major hurricane of Atlantic season https://t.co/FcZT8Ps5KQ https://t.co/7gDGzxJUfo,,,,,,,,,
Glad to hear hurricane Florence is flourishing https://t.co/oAhZ2ak2iq,,#HurricaneFlorence please go away don’t come to #NewYorkCity it looks like it’s headed towards us.With this hot weather we had this summer it will only get stronger https://t.co/LpQabWVVIR,,,,,,,,,
Hurricane Florence Wind Speed Probabilities Number 25 https://t.co/iwpuzTeMEY,,"NEW PODCAST: We discuss #Gordon, #Florence, and the tropics now, plus the Great Labor Day Hurricane of 1935 with the man who wrote the book on one of most epic storms of all time - Willie Drye. Join @LukeDorrisWPLG and me at https://t.co/j899gkDFHR https://t.co/9Zc3EWHIhz",,,,,,,,,
Hurricane Florence Forecast Advisory Number 25 https://t.co/8XxXC1jTBf,,"NEW PODCAST: We discuss #Gordon, #Florence, and the tropics now, plus the Great Labor Day Hurricane of 1935 with the man who wrote the book on one of most epic storms of all time - Willie Drye. Join @LukeDorrisWPLG and me at https://t.co/eeb2xocJqM https://t.co/8U3FZ1ILQg",,,,,,,,,
Hurricane Florence Public Advisory Number 25 https://t.co/z9YOI2Qfo8,,"Tropics are heating up, really about the only thing to say at this point. Hurricane Florence is churning away out in the Atlantic, where it goes is the big question. A lot of activity behind Florence also.",,,,,,,,,
"While Gordon dumps A LOT of rain to our southwest and northwest this week, we will be tracking Hurricane Florence.
Steering currents are still being determined, so check back for updates (any *potential* east coast impacts would be mid/late next week). https://t.co/5B5OWeh1Ya",,"Hurricane Florence, the first major hurricane of the year, could pose a threat to the US East Coast
https://t.co/cXm3dGPJSp",,,,,,,,,
"Good morning everyone! #Florence looking healthy today! My track remains the same from a few days ago! Misses 1st chance to escape OTS ,then catches 2nd chance while making everyone nervous along the entire East coast. #Tropics #Hurricane #HurricaneGordon https://t.co/PQboUKjDbA",,Florence becomes first major hurricane of Atlantic season https://t.co/9oCb4jiNEs https://t.co/pWUTT6EWHn,,,,,,,,,
NEW: #Florence now a Category 3 Major Hurricane with sustained winds of 125mph. Expected to continue NW over the next few days: https://t.co/xQCpAEg2sB #tropics https://t.co/uIRW1Xpa25,,"The newest Euro model for #Florence is not good. The forecast is far set in stone, but the hurricane is well worth monitoring.",,,,,,,,,
"Forecasters: Florence is now a major hurricane, category 3 with 120 mph winds, moving in the Atlantic toward Bermuda. https://t.co/QsDIjUGW4X",,Close up and far away looping thru my day while doing things https://t.co/8srfIakS8L or https://t.co/TFSnjNEwKB wide view... you choose #Florence Classic looking #hurricane compact tight center rolling along  https://t.co/XLVVLmtkcS will update this evening again https://t.co/ZAAKb2lezD,,,,,,,,,
Hurricane Florence Forecast Discussion Number 25 https://t.co/AF6gJxWVzi,,"Hurricane Florence became the first major hurricane of the 2018 Atlantic season earlier today. As of 11 AM AST Wednesday it had winds of 125 mph. It currently doesn't pose a threat to land, however, the overall path will have to be watched next week. #Florence https://t.co/eVrPdrdz40",,,,,,,,,
Hurricane Florence Wind Speed Probabilities Number 25 https://t.co/GwZJZW78Yc,,Another EURO RUN. Don't let your guard down and don't doubt #Florence. No reason to panic yet as we are still a week out but make sure to always have a plan in case of a hurricane. https://t.co/btu2AZCVgY,,,,,,,,,
Hurricane Florence Public Advisory Number 25 https://t.co/8W8LmFH7cJ,,Hurricane Florence Could Hit The Carolinas Next Week https://t.co/jLR38C0Fgx,,,,,,,,,
Hurricane Florence Forecast Advisory Number 25 https://t.co/tHdLLXDoDR,,"I added a video to a @YouTube playlist https://t.co/lpeSLeEzCq Lots Going On! Hurricane Florence Hits CAT 3, Could Hit East Coast,",,,,,,,,,
_NOAA HURRICANE CENTER Atlantic_Hurricane Florence Graphics https://t.co/tm3H9TewYY,,"Major Hurricane Florence 1 to Watch For East Coast

From The Weather Channel iPhone App https://t.co/jn7ZElUFr4 https://t.co/9Fgy5LUAlH",,,,,,,,,
Something to keep an eye on! #HurricaneFlorence https://t.co/F4cYSPduo5,,@postandcourier Hurricane Florence gains strength and edges closer to South Carolina: https://t.co/K7TPQvPZBN,,,,,,,,,
_NOAA HURRICANE CENTER Atlantic_Hurricane Florence Forecast Discussion Number 25 https://t.co/plVCTr5dYO,,Florence becomes first major hurricane of Atlantic season https://t.co/dCNCnfnCpk https://t.co/1X4UDGOv5Y,,,,,,,,,
#Florence doesn't seem to care that it is being blasted by shear. 125 mph sustained winds...could become a category 4 later today at this rate.,,"I liked a @YouTube video https://t.co/YcJ5l6T9Yz Lots Going On! Hurricane Florence Hits CAT 3, Could Hit East Coast, Gordon To Take",,,,,,,,,
_NOAA HURRICANE CENTER Atlantic_Hurricane Florence Public Advisory Number 25 https://t.co/vEFzxh88tC,,Hurricane Florence is our first major hurricane of the 2018 season in the Atlantic. Where will it go? https://t.co/IB2Ek7HcIw https://t.co/58bytZWhAS,,,,,,,,,
"Forecasters: Florence is now a major hurricane, category 3 with 120 mph winds, moving in the Atlantic toward Bermuda. STORY &gt;&gt; https://t.co/NDPq07jjhH https://t.co/791oFJBhyT",,Hurricane Florence is our first major hurricane of the 2018 season in the Atlantic. Where will it go? https://t.co/EHpHYjvEeK https://t.co/j2yu3Csypt,,,,,,,,,
The Wednesday 11am advisory for Hurricane Florence...  The storm remains a major hurricane.  Some weakening is forecast by the end of the week.  There are still many questions about the system's eventual track. #SpectrumNews #ncwx #Florence https://t.co/7NZyCti7lP,,Hurricane Florence is our first major hurricane of the 2018 season in the Atlantic. Where will it go? https://t.co/WMmM1WTsNn https://t.co/f4jJ4wipiY,,,,,,,,,
#Florence now a Category 3 (Major Hurricane) with maximum sustained winds of 125mph. It continues to strengthen despite generally unfavorable wind shear. Expected to continue NW for the next few days: https://t.co/SpnPTEcrXl https://t.co/PZO0LdcAIc,,Hurricane Florence is our first major hurricane of the 2018 season in the Atlantic. Where will it go? https://t.co/ZIIGm490NV https://t.co/ji9OjPc32q,,,,,,,,,
Hurricane Florence Graphics https://t.co/P5Wuo8PMmG #ek3tech #ilovejax #stormwatch,,Hurricane Florence is our first major hurricane of the 2018 season in the Atlantic. Where will it go? https://t.co/YjwgX1SJ31,,,,,,,,,
"Hurricane Florence Is the Atlantic's First Major Hurricane
https://t.co/pfjpedUdFr",,Hurricane Florence is our first major hurricane of the 2018 season in the Atlantic. Where will it go?,,,,,,,,,
Hurricane Florence - North Atlantic https://t.co/ORalHhopee,,Hurricane Florence is our first major hurricane of the 2018 season in the Atlantic. Where will it go? https://t.co/xZnQz4Et6G | https://t.co/LFBmdQmQZc  @VentureCoinist https://t.co/3yzTVZbMDK,,,,,,,,,
i'm having another heart surgery on sept 25th if anyone can help us it would be appricated and sharing this its been along rough road https://t.co/tz3SA6wUkk …#TheNun #TheBachelor #CMWorld #CMAawards #NationalCheesePizzaDay #WallpaperWednesday #HurricaneFlorence #Whitney #Janet,,Hurricane Florence is our first major hurricane of the 2018 season in the Atlantic. Where will it go? https://t.co/VNh6xu0rNQ https://t.co/gFvyKBSBt0,,,,,,,,,
Category 3 Florence becomes first major hurricane of Atlantic season https://t.co/KekI3JBbpb,,Hurricane Florence is our first major hurricane of the 2018 season in the Atlantic. Where will it go? https://t.co/uOzqWLrFFK https://t.co/vrpzasbHe4,,,,,,,,,
Hurricane Florence Is the Atlantic's First Major Hurricane https://t.co/wjIFUwP1XQ,,"U.S. to keep a wary eye on Hurricane Florence as two other tropical waves develop https://t.co/Rw0BPy46tI
US KEEPING an eye on HURRICANE FLORENCE as another tropical storm has developed....Its begun HURRICANE SEASON and hopefully it won't have the same results from last.______",,,,,,,,,
"Atlantic: Hurricane Florence Flourishing in the face of Southwesterly shear, 1160MI ENE of Northern Leeward Islands, 1370MI ESE of Bermuda 125MPH",,FOX NEWS: Hurricane Florence becomes first major storm of 2018 Atlantic season https://t.co/R4oIcQY1zi https://t.co/VfqqGBvUnc,,,,,,,,,
Hurricane Florence Is the Atlantic's First Major Hurricane https://t.co/wywwW0J1yU,,Florence becomes 1st major hurricane of Atlantic season https://t.co/BphPODJSOF https://t.co/Ry3HicAMIP,,,,,,,,,
11am Florence Update - Florence is now a category 3 hurricane. It will still be east of Bermuda through Monday. https://t.co/EhHpu1mKcP,,"This is just proof that forecasts are not an exact science! We are preparing for the worst, but hoping for the best! Don't wait before it's too late, call 910-323-TREE today! #HurricaneFlorence https://t.co/wJ9OkTKp6v",,,,,,,,,
Hurricane Florence Is the Atlantic's First Major Hurricane https://t.co/kFCwVX5pma,,"MyRadarWX: RT MyRadar: A lot of discussion about  #Florence on social media. While it’s a major #hurricane, it is deep in the central Atlantic. And long range projections, are just conjecture at this stage in the game. https://t.co/cUxaCsOiRX",,,,,,,,,
National Hurricane Center: Hurricane Florence: Coastal Watches/Warnings and Forecast Cone for Storm Center https://t.co/V0pAxYopGX,,Hurricane Florence is our first major hurricane of the 2018 season in the Atlantic. Where will it go? https://t.co/SKMpBmIZlN,,,,,,,,,
"Hurricane Florence Track Shifts to Left, Could Impact US East Coast Next Week       
 
Read more here -&gt; https://t.co/5ntII0Qdnc
Tropical cyclone #Hurricane Florence (2006) #Bermuda https://t.co/TnfUhm0lAl",,Hurricane Florence is our first major hurricane of the 2018 season in the Atlantic. Where will it go? https://t.co/ghSg9XUXzP,,,,,,,,,
"Gordon past, Hurricane Florence forms, plus 2 more systems to watch https://t.co/00ZdlUc6qQ",,Hurricane Florence is our first major hurricane of the 2018 season in the Atlantic. Where will it go? https://t.co/4gpsFtbWWW https://t.co/s6iVXupOWb,,,,,,,,,
CubaSi - Hurricane Florence Continues Intensifying in Far Atlantic https://t.co/DeUdUuj9LU,,Hurricane Florence is our first major hurricane of the 2018 season in the Atlantic. Where will it go? https://t.co/OaSh7h3tpN,,,,,,,,,
"Florence strengthens to a Category 3, and it’s the first major hurricane of 2018. (link corrected) https://t.co/wNH7zx6Mjy https://t.co/22A2Z6lWV9",,Florence becomes first major hurricane of Atlantic season https://t.co/wHnHFNWhZF,,,,,,,,,
RT JenCarfagno: First major of the 2018 Atlantic Hurricane Season. #Florence has strengthened to winds of 120 mph. Cat 3. And it did this over water with below average sea surface temps... Wait until it hits the above average part of the Atlantic! https://t.co/268tuy6lOl,,Hurricane Florence is our first major hurricane of the 2018 season in the Atlantic. Where will it go? https://t.co/XOnXrFl4vf,,,,,,,,,
What meteorologists are saying as #Florence becomes the first major hurricane of the Atlantic season https://t.co/HuDTP6nPle,,Powerful Mid Atlantic Hurricane Florence has a wide margin of error as far as track forecast is concerned. Worth watching over the next few days. https://t.co/lhvEyycZpq,,,,,,,,,
Florence becomes first major hurricane of Atlantic season https://t.co/iXWXboaGbS,,"Hurricane Florence is our first major hurricane of the 2018 season in the Atlantic. Where will it go? https://t.co/lcFqYofEEI September 05, 2018 at 08:59PM",,,,,,,,,
"Hurricane Florence now has 125 mph winds, making is a Cat 3. Models show it possibly getting very close to the US east coast next week. Check out the impressive satellite loop and forecast animation https://t.co/APFjwnVmyV https://t.co/yjuhrl5AKP",,Hurricane Florence is our first major hurricane of the 2018 season in the Atlantic. Where will it go? https://t.co/ecCRQ0spof,,,,,,,,,
"#HurricaneFlorence Advisory Number 20
Max Sustained Winds: 125mph
Strength: C3
MSLP: 957mb
Florence flourishing in the face of southwesterly shear... https://t.co/4cmD8SDLEV",,Florence becomes first major hurricane of Atlantic season https://t.co/R7XYUgpf43 https://t.co/18Y9axz5to,,,,,,,,,
wtf is hurricane florence...i thought it was gordon__,,Hurricane Florence is our first major hurricane of the 2018 season in the Atlantic. Where will it go? https://t.co/pp1Sryi79z https://t.co/LYvrQ6FxhE,,,,,,,,,
Hurricane FLORENCE (Category 3)is over the open waters of the Atlantic Ocean.  Sustained winds are now at 125 mph.  Her intensity my drop a bit over the next 5 days.  It will also stay… https://t.co/h4XATXG6Eb,,As of this afternoon it's looking like there are 2 possible tracks for Hurricane #Florence as we get into next week. One is towards the east coast of the United States and the other is a recurve south of Newfoundland. Too soon to say which one. #nlwx https://t.co/wurAargTyh,,,,,,,,,
"I'm Not Getting Anxious About Another Hurricane/Tropical Storm Coming Until @wdam  Mention That ""Florence"" Is Looking Like Its Coming This Way",,"""Florence is the first major Atlantic hurricane of the 2018 season"" #florence https://t.co/ZiCNoWqy6k",,,,,,,,,
US to keep a wary eye on #Hurricane #Florence as two other tropical waves develop https://t.co/Gq2xxqr9xm,,Hurricane Florence is our first major hurricane of the 2018 season in the Atlantic. Where will it go? https://t.co/RefKUO6zRt,,,,,,,,,
What meteorologists are saying as Florence becomes the first major hurricane of the Atlantic season https://t.co/Q6ZlK01bXc,,"Hurricane Florence, the first major hurricane of the year, could pose a threat to the US East Coast

https://t.co/t3lvDitadL",,,,,,,,,
The first major hurricane of the 2018 Atlantic hurricane season has a name — Florence. Hurricane Florence became a major storm when it reached... https://t.co/Q6ZlK01bXc,,Hurricane Florence becomes first major storm of 2018 Atlantic season https://t.co/RMgaSFHUvT,,,,,,,,,
"****ALERT: URGENT!!! HURRICANE FLORENCE NOW A POWERFUL CATEGORY 3 HURRICANE, 961MB WITH 120MPH WINDS. FLORENCE IS THE FIRST MAJOR HURRICANE OF THE 2018 SEASON****

**FORECAST DISCUSSION**

As indicated in the title,... https://t.co/FrdYqpIGS4",,"Well, hey there #HurricaneFlorence... https://t.co/d50jKkiEOr",,,,,,,,,
#HurricaneFlorence may take a path towards #SouthCarolina: https://t.co/VYBkS4Gij3,,@HWPCWX @TerpWeather Few runs got it awfully close if I recall correctly. But you're right that it never has it going up the bay al la GFS and every American based hurricane model out there. But Euro was far from perfect with it in the 7-10 day time frame where Florence is right now.,,,,,,,,,
Hurricane Florence Public Advisory Number 25 https://t.co/gWsLwi0jtm,,@Denice_Denicee Don’t worry sis Hurricane Florence is supposed to head our way next week!!,,,,,,,,,
Hurricane #Florence with a westward shift in its track and under going some pretty rapid intensification. The entire east coast needs to keep an eye on this storm,,Hurricane Florence has become the first major hurricane of the 2018 Atlantic season. I'm tracking two tropical waves which could become Helene and Isaac @CBS12 https://t.co/g2jh2d8HFA,,,,,,,,,
Florence becomes 1st major hurricane of 2018 Atlantic season as Gordon continues to weaken https://t.co/yvQRzarHdK via @tcpalm https://t.co/IbOUSxaFNm,,Latest discussion on Hurricane #Florence with Shea Gibson - Meteorologist... https://t.co/gozHwKrCaE,,,,,,,,,
"BREAKING: #Florence is now a Major Hurricane. The CAT 3 storm was once thought to be a 'fish &amp; ships' hurricane, but no it has a (small) chance of an impact on the U.S. east coast. https://t.co/BhIeHVsxN5",,"Geesh, Hurricane Florence is a Category 3 and it's not even close yet.",,,,,,,,,
Florence now a category 3 hurricane in the Atlantic https://t.co/B0C6NZgiAv,,Hurricane Florence strengthens on possible path to Bermuda https://t.co/iRgrE7I7nd via @CBSNews,,,,,,,,,
Hurricane Florence is now a major hurricane with winds at 125mph as of 11am. Early models had Florence turning north far off the eastern seaboard. Recent models have now shifted the path further west. Although... https://t.co/Vta3aOTe0h,,Hurricane Florence is our first major hurricane of the 2018 season in the Atlantic. Where will it go? https://t.co/fyYTN7xNSp,,,,,,,,,
Keeping An Eye on Hurricane Florence...5 Things You Need to Know NOW!#ncwx #HurricaneFlorence https://t.co/D9YOHIZ6FY,,"Florence, 1st major hurricane of Atlantic season, to approach Bermuda and US East Coast next week https://t.co/28YGInoSqI",,,,,,,,,
Florence has become the first major hurricane of the Atlantic season as it moves on a path that could take it toward Bermuda. https://t.co/H5d69vp58M,,"Hurricane Florence, the first major hurricane of the year, could pose a threat to the US East Coast

https://t.co/t5aVxFvmod

Shared from my Google feed",,,,,,,,,
#GFS has officially lost its marbles. Showing hurricane Florence barely going to New England and then moving into Southern Canada and turning into a snowstorm with very cold air wrapping into the storm due to very negative NAO. https://t.co/2KIJ2rTC4m,,Florence becomes first major hurricane of Atlantic season - ABC News - https://t.co/rRnUVw8Zjd via @ABC,,,,,,,,,
From the @theipaper: Hurricane Florence: will the tropical storm affect UK weather and what’s the latest forecast? https://t.co/e140dCApN0,,Florence becomes first major Atlantic hurricane of 2018 https://t.co/2EITY4L0qP via @upi,,,,,,,,,
"Gordon may be down to a Tropical Depression, but #Florence is now a Major Hurricane and *could* impact the East Coast eventually. A disturbance to the southeast of Florence likely becomes #Helene in the next few days. Then, there's another wave behind that! Tropics stay active! https://t.co/1g2Dr1wPL8",,"Models definitely grabbing the attention of the East Coast as #Florence pushes northeast. No need to get alarmed yet, keep watching for trends. #Hurricane #Tropicalwx",,,,,,,,,
"""Florence is the first major Atlantic hurricane of the 2018 season"" #florence https://t.co/KTbDK5mIBx",,"Hurricane Florence

Category 3 hurricane
Sustained winds: 125 mph; 215 km/h (1-min mean)
Pressure: 957 mbar (hPa; 28.26 inHg)

#HurricaneFlorence #Florence #Hurricane https://t.co/7D5rhoy4Lx",,,,,,,,,
"#Florence is now a borderline Category 4 #hurricane. None of our forecast models saw this sort of strengthening in the face of 20-25 kt shear. We've made great strides in forecasting, but still a lot left to learn. (satellite via @UWSSEC, plots via @HurricaneModels) https://t.co/KsKy08xuC6",,These are the Florence intensity models from 2 days ago. It’s now a category 4 major hurricane #bust https://t.co/gMsMXn9gqE,,,,,,,,,
US to keep a wary eye on #Hurricane #Florence as two other tropical waves develop https://t.co/tCm1TIPoXE,,"#Florence on the verge of becoming a #Cat4 hurricane. I'll have all the latest on where this storm and #Invest92L are headed coming up today on @WESH at 4, 5 and 6 pm. #WESHwx  #flwx https://t.co/7kP1r9NNX0",,,,,,,,,
"Florence becomes hurricane as it heads towards Bermuda
https://t.co/1fBbxuEibp",,Hurricane Florence is our first major hurricane of the 2018 season in the Atlantic. Where will it go? https://t.co/hm1CBOKbBX via @mashable,,,,,,,,,
"Florence now a hurricane, No threat to land.  https://t.co/lFhmWVhPXG",,"Everything in this video is what me and @weatherguy4life have been talking about all morning.

Step 1. Does the trough pick up #Florence and take it OTS.

2. Strength and position of High

3. Comparing it to Hurricane Isabel

Amazing analysis @AccuRayno! https://t.co/gdiE4yo1rG",,,,,,,,,
"I'm sure you can spot Hurricane #Florence. Florence is close to a category 4 hurricane, but sitting at category 3 strength right now with max sustained winds of 125 mph. https://t.co/9ikEOTzRoL",,"While EPS spread is very large, it's in fairly good agreement that the trough will not pick up #Florence. Whether it goes OTS closer to the US or makes a direct landfall is still very uncertain. #HurricaneFlorence https://t.co/aFCdwEhJbE",,,,,,,,,
"Hurricane Florence now a Category 3, becomes first major storm of the season  https://t.co/xncKbpBwvP",,"While Gordon continues to weaken... 

Hurricane Florence likely poses a threat for the east coast middle/end of next week. https://t.co/LVhinBe1Id",,,,,,,,,
Hurricane Florence becomes first major storm of 2018 Atlantic season https://t.co/TBUiH5nWAO https://t.co/uXfVIEYHwe,,Hurricane Florence is our first major hurricane of the 2018 season in the Atlantic. Where will it go?... https://t.co/J1MEs5cAfS,,,,,,,,,
"#HurricaneFlorence now has 125 mph winds, making is a Cat 3. Models show it possibly getting very close to the US east coast next week. Check out the impressive satellite loop and forecast animation https://t.co/APFjwnVmyV",,"So Hurricane #Florence is now a Cat 4, always knew with a name like Florence it was always going to be a beast.",,,,,,,,,
Florence now a Category 3 hurricane - WTVD-TV https://t.co/mUF2iK6hHq,,Hurricane Florence is our first major hurricane of the 2018 season https://t.co/SGkTnleiFJ https://t.co/DFkZMH2PYa,,,,,,,,,
"Florence has become the 1st major hurricane (category 3 or higher) of the season with winds of 125 mph. The system is still out in the central Atlantic and won’t be a treat to land through the weekend.
**Satellite imagery from https://t.co/nBxrpcTKa4** https://t.co/nXeVjln4QI",,Hurricane Florence is our first major hurricane of the 2018 season in the Atlantic. Where will it go? https://t.co/3occxem595 https://t.co/CMa1uIM0Iv,,,,,,,,,
"Tropical Storm Gordon made landfall last night on the Mississippi coast bringing storm surges and heavy rain. Meanwhile, in the mid-Atlantic, #Florence is now a Cat 3, the first major hurricane of the season. #LegendBrands cautions everyone to #StaySafe! https://t.co/uFMi93D6Tj https://t.co/LDgZeKndgL",,"Florence is still thousands of miles off the coast, but the first major hurricane of the 2018 Atlantic season is gaining strength.
https://t.co/l9oLQtu7L9",,,,,,,,,
"In addition to Tropical Depression #Gordon, we're tracking the first major Hurricane of the season: #Florence in the Central Atlantic. AND 2 waves in the Eastern Atlantic. The disturbance SSW of Cape Verde Islands has a high chance of development @CBSMiami https://t.co/DsiGHnsIsX",,Hurricane Florence is on the move. What that means for your ... https://t.co/0sOcWRsQce,,,,,,,,,
"Preliminary thoughts on NOW category 3 Hurricane #Florence 

READ HERE: https://t.co/M20NlwP5y5

@FOX29philly https://t.co/gl7j5v2IZv",,"So Far we are Anne-I hope this next HUrricane Florence will weaken. It may hit the islands below Florida, or it could head straight toward GASC &amp; NC. I pray this one weakens too. We could use rain,not another ""Hurra-Kun"" as folks down south say. https://t.co/xAXkoYerPl",,,,,,,,,
"The forecast discussion on “Florence” admits their models which had predicted weakening had been wrong since it has intensified  into a Cat 3 hurricane. Heading for Bermuda. 
https://t.co/4NMzAQdzI2? https://t.co/wIFAyfOJ60",,@SadeABC yes Florence is a major hurricane Mr. Lee,,,,,,,,,
@WECTWeather Any idea to what Hurricane Florence is gonna do and will it effect us in any kind of way here in SE NC..,,"Florence becomes first major Atlantic hurricane of 2018
 https://t.co/OE2TosQ6Ew",,,,,,,,,
Hurricane Florence is gonna be a big boy. Calling it now. Big boy hits Virginia as a cat 5 by next weekend. Trust me I’m an armchair expert who googles things,,Florence becomes first major hurricane of Atlantic season https://t.co/Ui1qzxBEoZ https://t.co/kPKuPbm9Pn,,,,,,,,,
For the record most of the storms that were in or near #Florence’s spot now at this time of year recurved out to sea harmlessly. Only 2 made landfall on the U.S. east coast. Difficult to get a U.S. landfall when a strong hurricane is this far north in latitude already. #tropics https://t.co/oTQPNPP61U,,"Active Tropics: Major Hurricane Cat 3 Florence will be aiming for Bermuda, An area of Low pressure with a high chance to develop, and a wave on the west coast of Africa with a 30% chance for growth. @7weather https://t.co/KGebDIShi9",,,,,,,,,
Hurricane Florence strenghtens into first major hurricane of Atlantic season https://t.co/a4iu5IwrhU https://t.co/VoFzHWxeLr,,"""Florence is the first major Atlantic hurricane of the 2018 season"" #florence https://t.co/WPC80E4mYS",,,,,,,,,
"After a quiet August, the Atlantic Hurricane Season is heating up!

3 areas to watch:
-Major Hurricane Florence
-Invest 92-L
-Tropical Wave moving off African coast next few days

Luckily, @nbc6 has you covered with the details. Catch @SteveMacNBC6 at 4pm! https://t.co/m6XRwKeT63",,"Florence, the first major hurricane of 2018 , could pose a threat to the US East Coast. Still, European and American computer models showed today a menacing hurricane coming dangerously close late next week to NC's Outer Banks, a significant shift... 
https://t.co/ZJTLmRxbFr",,,,,,,,,
"(1/3) FLORENCE UPDATE: Hurricane Florence been upgraded to a Category 3 hurricane, the first major hurricane of the season. With 125 MPH sustained winds and a min pressure of 956 mbars, it has rapidly intensified over the last 24 hours in the face of increasing wind shear.",,"Hurricane Florence, first major storm of Atlantic season, could hit East Coast next week https://t.co/Sk0bIZB8hv via @USATODAY",,,,,,,,,
"During #hurricane season, we are always monitoring the weather and reaching out to partners who may need our help. We've had a few close calls this year already, but Hurricane Florence is intensifying. You can help us prepare by donating: https://t.co/05EmnHJ9pe https://t.co/N6TX6u3NK0",,"RT KATCTV3 ""RT robperillo: Atlantic Tropics will stay active over next couple of weeks with Hurricane #Florence in the mid-Atlantic &amp; a couple of waves coming off the African Coast. Might see a new tropical depression identified soon. Florence may be… https://t.co/0Ew5k4vam5""",,,,,,,,,
"*Hurricane Florence remains a threat to the US east coast…the remains of Gordon to contribute to a swath of heavy rainfall*
https://t.co/ZEA4n7OnCB https://t.co/jjdMUGXqG9",,WeatherWatcher Robert Bennett brings you this afternoon's forecast. He brings you an update on Major Hurricane Florence and other weather happenings. https://t.co/pKu4CoqScE,,,,,,,,,
There's still CONSIDERABLE uncertainty regarding where exactly Major Hurricane #Florence will go. Is it possible it curves out to sea? Yes. Is it possible it could impact the East Coast? Yes. Too early for any details. #Tropics https://t.co/17AXek8uzH,,Friendly reminder to keep an eye out on hurricane Florence as he approaches closer and closer .,,,,,,,,,
"Breaking news
T N W News Has officially ended tracking tropical depression Gordon at 10:29 AM Central standard time.
All resources will now go to tracking hurricane Florence beginning at 2:00 PM central standard time.",,ATTN FLORIDA - Keep your eyes on this : Florence is now #HurricaneFlorence  …. https://t.co/Eqx7UBE5ki,,,,,,,,,
#Gordon continues to weaken but its soaking rains will bring flood threat from Florida Panhandle into central Arkansas.  #Florence is a major hurricane over the central Atlantic. Latest on Gordon: https://t.co/IBwQ22yxWb https://t.co/WAfVX5EQrH,,"We've been following Hurricane Florence for days, like any tropical system that's lurking out in the Atlantic.

This morning, the global forecasting models have shifted the potential track of Florence, a... https://t.co/rZhm1cmfMp",,,,,,,,,
#Florence becomes first major #hurricane of #AtlanticSeason https://t.co/4WEO4unT8g https://t.co/jXOnQuyxmy,,"Hurricane Florence, the first major hurricane of the year, could pose a threat to the US East Coast https://t.co/42RGsyuim9",,,,,,,,,
#Hurricane #Florence strengthens on possible path to Bermuda https://t.co/6xUCeRA4BX,,@KoolnewsBracken i didn't see any posts but i did hear on FB #HurricaneFlorence may hit our area through a europian model but they say it's likely to change,,,,,,,,,
"Hurricane #Florence could impact the East Coast as early as next week. If you haven't checked or stocked your emergency kit recently, IT IS TIME. Stay connected to @VARedCross &amp; @DomEnergyVA for tips and info! #BeSafe #preparedness https://t.co/E5T2GpGtAa",,Latest advisory on #Florence from @NHC_Atlantic upgrades the storm to Category 4. Max sustained winds up to 215 km/h with gusts to 260 km/h. It's heading west at 21 km/h. #nlwx https://t.co/08qpdGE0Uk,,,,,,,,,
@gilsimmons do you think  #HurricaneFlorence will hit ct,,Hurricane Florence Forecast Advisory Number 26 https://t.co/UXuijGeRKL #ek3tech #ilovejax #stormwatch,,,,,,,,,
#Breaking #BreakingNews #WednesdayWisdom #Hurricane #Florence #TwitterTestifies #JustDoIt #Nicaragua #CDC #Vaccines #Travel #Physicians #bugspray Counter-terror police ‘monitoring’ Emirates plane at #JFK as 100 people reportedly fall ill (PHOTOS)      https://t.co/Ts7a4RXKaa,,"We continue to monitor strengthening Hurricane Florence in the Atlantic. The system could push close to Bermuda by early next week, and must be monitored closely. Details on WNCT9 at 5 PM.

Chief Meteorologist Jerry Jackson
https://t.co/KUe6hYtcsr
#FirstAlert9 https://t.co/EyzyjqbONP",,,,,,,,,
"At 125 mph, #HurricaneFlorence is the strongest Atlantic storm since #HurricaneMaria last year. ""Too early to tell -- but it could pose a threat to the US,"" @BrandonCNN says. 

https://t.co/zeGuoVgjoP",,Here's the latest on Hurricane Florence that we are tracking. Stay updated by clicking on https://t.co/utT5h4pktP and looking in the HURRICANE SEASON 2018 section. #ecarwx https://t.co/5cTHIWNRui,,,,,,,,,
"#Florence, despite facing 25 kts of shear is the first major hurricane of the 2018 Atlantic season. https://t.co/nHqOhCBq5x",,Here's the latest on Hurricane Florence that we are tracking. Stay updated by clicking on https://t.co/kBGR4eyf3e and looking in the HURRICANE SEASON 2018 section. #ecarwx https://t.co/nQFXS9Zwvz,,,,,,,,,
"Hurricane Florence now Category 3, moving toward Bermuda in Atlantic Ocean: https://t.co/XZ9BhdU6qc https://t.co/KFAPOQ0ch1",,Hurricane Florence could pose a threat to the US East Coast https://t.co/4nwHbgsa0H https://t.co/941bwAUXpW,,,,,,,,,
"Gordon is inland, now a Tropical Depression and will continue to weaken.  Our next player to watch is Hurricane Florence. Newer model data is trying to bring US east coast in play next week. https://t.co/jzUnPMESWD",,"We continue to monitor strengthening Hurricane Florence in the Atlantic. The system could push close to Bermuda by early next week, and must be monitored closely. Details on WNCT9 at 5 PM.

Chief Meteorologist Jerry Jackson
https://t.co/R8UbgkGLTY 
#FirstAlert9 https://t.co/3Ing6odWzz",,,,,,,,,
#Florence isn't the only category 3 storm we're watching today... #tropics https://t.co/JEMxOSZHY4,,Hurricane Florence is now a cat 4! This storm is just an absolute headache to forecast....  #Florence https://t.co/4aYSWZjEAe,,,,,,,,,
"Hurricane Florence, the first major hurricane of the year, could pose a threat to the US https://t.co/wdDTy0mPXU https://t.co/xitoEAPeIt",,Hurricane Florence Forecast Advisory Number 26 https://t.co/feMVNxc8Sb,,,,,,,,,
Tropical Storm Gordon and Hurricane Florence both pose threats. https://t.co/B2piaBr66K,,Hurricane Florence Public Advisory Number 26 https://t.co/3ohrk703NW,,,,,,,,,
Tropical Storm Gordon and Hurricane Florence both pose threats. https://t.co/IY6ZQpf7Qa,,Hurricane Florence Public Advisory Number 26 https://t.co/hckZi6gWMq,,,,,,,,,
#CBS4 meteorologist @LissetteCBS4 says Hurricane Florence has become the first major hurricane of this season while Gordon slowly loses its punch. Watch her update at noon. https://t.co/4qjb43X9Gy,,"Hurricane Florence Information by ATCF XML Prototype https://t.co/56hgXyAENo Issued at  Wed, 05 Sep 2018 20:31:50 GMT. This is only a prototype and the file format may change without notice.",,,,,,,,,
"Hurricane Florence, the first major hurricane of the year, could pose a threat to the US East Coast https://t.co/0fLhbq2y4G",,"Hurricane Florence Forecast Information (.shp) https://t.co/1Qf9l6Ze6H GIS Data last updated Wed, 05 Sep 2018 20:34:03 GMT",,,,,,,,,
FOX NEWS: Hurricane Florence becomes first major storm of 2018 Atlantic season https://t.co/x38eZDUAnZ https://t.co/OhXgBUtRrs,,"Hurricane Florence Best Track Information (.shp) https://t.co/aDuZP5QLao GIS Data last updated Wed, 05 Sep 2018 20:34:03 GMT",,,,,,,,,
Florence becomes first major hurricane of Atlantic season. DETAILS: https://t.co/ILtOWO4ITP #cltwx #ncwx #weather #hurricane #cltnews #ncnews #WCCB #news,,"Hurricane Florence Best Track Information (.kmz) https://t.co/TI9VxmYD3K GIS Data last updated Wed, 05 Sep 2018 20:34:03 GMT",,,,,,,,,
"Hurricane Florence, the first major hurricane of the year, could pose a threat to the US https://t.co/miIvf45df4",,"Hurricane Florence 5-Day Track, Uncertainty Cone, Warnings (.shp) https://t.co/qGrI2M2zGs GIS Data last updated Wed, 05 Sep 2018 20:34:03 GMT",,,,,,,,,
SOMETHING TO WATCH: Hurricane Florence could pose a threat to the US East Coast https://t.co/whtu6UHnDF https://t.co/nAGz94nOXf,,Hurricane Florence Forecast Discussion Number 26 https://t.co/M7PXyOgpLR Issued at 500 PM AST Wed Sep 05 2018,,,,,,,,,
"Hurricane Florence, the first major hurricane of the year, could pose a threat to the US East Coast https://t.co/a4LbpgDIsH https://t.co/c1TBKWpOuA",,Hurricane Florence Forecast Advisory Number 26 https://t.co/GZUey2z3q1 Issued at 2100 UTC WED SEP 05 2018,,,,,,,,,
"We are keeping an extra closr eye on hurricane Florence as she meanders through the Atlantic ocean. So those in hurricane preparedness areas should be on high alert, she's too away to  pin down where she is most likely to go so my advice is just stay tuned to NHC updates etc... https://t.co/ntSswb80XA",,Hurricane Florence is our first major hurricane of the 2018 season in the Atlantic. Where will it go? https://t.co/MwvpbzmA9W,,,,,,,,,
Hurricane #Florence now a Cat. 3 storms. Will move to the NW over the next few days. No threat to Florida. https://t.co/gVExeHm9sg,,"With all the chatter focused on the track of #HurricaneFlorence, it is getting overlooked that we now have a category 4 in the Atlantic. https://t.co/okuZZDbcuI",,,,,,,,,
"I love how days ago the National Hurricane Center said that Florence was gonna stay as a tropical storm, and not once turn into a hurricane but is now a Category 3 hurricane.

I can't take them seriously sometimes.",,Hurricane Florence is our first major hurricane of the 2018 season in the Atlantic. Where will it go? https://t.co/CB2be31it6 https://t.co/SksCClDA2V,,,,,,,,,
"NOAASatellites: #GOESEast saw Hurricane #Florence spinning in the open Atlantic Ocean this morning. The Cat. 3 storm is the first major #hurricane in the Atlantic this year, but currently not a threat to land. See more: https://t.co/2uFh4XEyit https://t.co/NcVGlRDk2o",,Hurricane Florence is our first major hurricane of the 2018 season in the Atlantic. Where will it go? https://t.co/WLFRneVy9o,,,,,,,,,
"Looking at the model forecasts, Hurricane #Florence may make the Atlantic above average in terms of ACE this year by itself. This one is going to last a LONG time",,_NOAA HURRICANE CENTER Atlantic_Hurricane Florence Public Advisory Number 26 https://t.co/hgm7ynCfry,,,,,,,,,
Hurricane Florence strengthens on possible path to Bermuda - CBS News https://t.co/37GGw11bAr https://t.co/c78egeedtg,,Hurricane Florence Graphics https://t.co/OZZLFmkpcJ,,,,,,,,,
"Hurricane FLORENCE as of 11 AM EST, Sep 5:

SS Wind Scale - Category 3
Max Wind - 125 mph
Max Pressure - 957 mb
Location - 22.0N 45.7W (Atlantic Ocean)
Movement - Northwest at 13 mph
https://t.co/meemB5uHAR https://t.co/7JP94rl0Sx",,TROPICS: Florence becomes first major hurricane of the season. We will have the latest next at 5pm on FCN. https://t.co/hTfTQGAlvh via @FCN2go,,,,,,,,,
"Florence is a major hurricane over the open Atlantic waters. According to the NHC, Florence ""has strengthened significantly more than anticipated."" Both the intensity and track forecasts will remain a challenge. @wdsu https://t.co/mGZTC4wBBa",,"While there is much uncertainty in the future track of Hurricane Florence, increased swell from Florence is expected to reach our area this weekend, increasing rip current risks at our beaches. https://t.co/35uFskcN7p",,,,,,,,,
"Hurricane season is here. Follow these 7 tips to help keep your wheelchair dry, safe and secure as you weather the storms. #hurricanesafety #HurricaneGordon #HurricaneFlorence https://t.co/79AeeFUZPN",,"Hurricane #Florence is 2119 miles ESE of Raleigh, moving NW at 13 mph. Max winds 130 mph (Cat 4). https://t.co/c7HEB2ULdi #ncwx",,,,,,,,,
#longread #discussion #models #hurricane #history #HurricaneFlorence Why Major Hurricanes are hard to forecast. #Florence is especially difficult to forecast as she has defied the odds &amp; the rules &amp; hasn't hit the warmer water closer to the East Coast https://t.co/XLVVLmtkcS https://t.co/1tSWXnJhNG,,"Hurricane Florence is going to be a big one.  Already at Cat 4. https://t.co/tv8gMsR4d2 
Too early to panic. Just about the right time to begin thinking about preparedness. https://t.co/WBLpS6f8wm",,,,,,,,,
Major hurricane Florence is now a category 3. https://t.co/OdQjecb1bf,,"Hurricane Florence, first major storm of Atlantic season, could hit East Coast next week
https://t.co/vfOBRQds3D https://t.co/0QlSzKrXm2",,,,,,,,,
"__ If you have family/friends in Bermuda, tell them to leave, or stock up &amp; shelter-in-place. Major Hurricane Florence may be headed there. __",,#Florence is at category 4 strength? https://t.co/OwI632sAiF,,,,,,,,,
"NWS: Hurricane FLORENCE as of 11 AM EST, Sep 5:

SS Wind Scale - Category 3
Max Wind - 125 mph
Max Pressure - 957 mb
Location - 22.0N 45.7W (Atlantic Ocean)
Movement - Northwest at 13 mph
https://t.co/Q76WxlOEpm https://t.co/FhrH20neHE",,Hurricane Florence Wind Speed Probabilities Number 26 https://t.co/FRU2qitWbF,,,,,,,,,
"Florence strengthens to a major hurricane far out over the Atlantic
https://t.co/3P2Q5DYGPw https://t.co/3P2Q5DYGPw",,Summary for Hurricane Florence (AT1/AL062018) https://t.co/3ohrk703NW,,,,,,,,,
"NWS: Hurricane FLORENCE as of 11 AM EST, Sep 5:

SS Wind Scale - Category 3
Max Wind - 125 mph
Max Pressure - 957 mb
Location - 22.0N 45.7W (Atlantic Ocean)
Movement - Northwest at 13 mph
https://t.co/jY5AaBSNYt https://t.co/CxAy2Rye6j",,Hurricane Florence Forecast Discussion Number 26 https://t.co/X6syxHpSfp,,,,,,,,,
RT @FloridaStorms: Gordon has weakened to a tropical depression as it moves through #Mississippi but heavy rain continues for #FL panhandle. #Atlantic is busy with Hurricane #Florence - 1st major hurricane of season and there is another wave behind it. https://t.co/lByfvxxs5Y,,"Hurricane Florence Forecast Information (.shp) https://t.co/1Qf9l6Ze6H GIS Data last updated Wed, 05 Sep 2018 20:34:31 GMT",,,,,,,,,
@ripat53 @TropicalTidbits Depends what Florence does.  If it is a strong Hurricane then the low pressure should take it out to sea.  If it weakens and does not restrengthen as much then another pressure (high I think) would draw it to the coast.,,Hurricane Florence Wind Speed Probabilities Number 26 https://t.co/6cHjVhm3Mf,,,,,,,,,
https://t.co/gfppxeWW7i you really nailed it with that great graphic (and tee shirt) #Florence formed at the peak of your heart of the #Hurricane Season https://t.co/FcCDW7v5Y6,,Summary for Hurricane Florence (AT1/AL062018) https://t.co/6myPudpbGM,,,,,,,,,
We’ll be watching Hurricane Florence very closely through the weekend: https://t.co/dZw82wWYiZ,,Hurricane Florence Forecast Discussion Number 26 https://t.co/oePHzKtGWu,,,,,,,,,
"..PARADE OF STORMS AHEAD..
The Atlantic is about to become one busy basin for tropical development. While #Florence has become a major hurricane, we could soon see #Helene and #Isaac form over the next 10 days @FOX29philly https://t.co/XKKGJK87AZ",,The models were seriously wrong on Hurricane Florence https://t.co/PZga09X78K via ForexLive #forex #fx,,,,,,,,,
Hurricane Florence strengthens into first major hurricane of Atlantic season - https://t.co/NezLIdVjJ5: https://t.co/NezLIdVjJ5 Hurricane Florence strengthens into first major hurricane of Atlantic season https://t.co/NezLIdVjJ5 Tropical activity in the… https://t.co/TjVKkV4Zqq,,_NOAA HURRICANE CENTER Atlantic_Hurricane Florence Forecast Discussion Number 26 https://t.co/F9IWPgZbN2,,,,,,,,,
"#Florence has been classed as a major hurricane, category 3, moving in the direction of Bermuda.  If in Bermuda, follow the advice of the local authorities and monitor the progress of the storm on the Bermuda Weather Service https://t.co/SnmsmxEbnt and via @NHC_Atlantic. https://t.co/dD9OkxpCc6",,"#Florence is now a Cat 4 hurricane in the Atlantic. However, since 1850, all tropical systems which have been within 100 miles of Florence's location have never hit the U.S. All storms are different, but based on this alone, I like our odds. https://t.co/p26IcqVv6Q",,,,,,,,,
Why hurricane Florence tracks are heading towards New York for next week? ______ Really Florence!,,Newest tropical track from #NHC: Hurricane Florence Graphics https://t.co/JL159Ol7OF,,,,,,,,,
Hurricane Florence on September 13th through 14th. Cat 4. GFS model shows Maryland landfall. (Not a definitive model) but should give us an idea. https://t.co/DH1MXPieot,,I do hate hurricane season! #HurricaneFlorence #wednesdaythoughts #prepared https://t.co/fYtRa53pd7,,,,,,,,,
"CNN: Hurricane Florence, the first major hurricane of the year, could pose a threat to the US East Coast https://t.co/uwOOi5y6Co https://t.co/9Z7m0izetM",,"Hurricane Florence, the first major hurricane of the year, could pose a threat to the US East Coast - CNN #SmartNews  https://t.co/09rJXe47XT",,,,,,,,,
"@BrandonCNN Hurricane Florence, the first major hurricane of the year, could pose a threat to the US East Coast - CNNhttps://apple.news/AfzHOMNjDSX2_ZB9LNWt_gg",,"The National #Hurricane Center forecasts #Florence to be near major hurricane strength for the next five days.  Should this forecast verify, Atlantic Accumulated Cyclone Energy in 2018 could nearly double from its current value of 26 in the next five days. https://t.co/DYxONKk8bg",,,,,,,,,
Next #hurricane #Florence https://t.co/xQuSe1cm5Y,,#HurricaneFlorence is now a cat 4 hurricane. It’s expected to weaken a little over then next day or two.Likely down to a cat 2 before strengthening once agin back to a major hurricane by the weekend.Bermuda needs to watch this very closely as they are currently in the firing line https://t.co/S1C9Ia3pa3,,,,,,,,,
https://t.co/fdxO88i7tO * Sue Bird * Hurricane Florence * Jeff Bezos * Piper Perabo * Brett Kavanaugh * Bobby Brown * Nadal * Bob Woodward * Zina Bash * Geoffrey Owens * Jon Kyl * Mayans * Massachusetts primary * Beyonce * College Football Rankings * Noah Cyrus * Rahm Emanuel *…,,"New Information in on #Florence - Up to a Category 4. A fish storm for the next 5 days, but we're watching. https://t.co/frcuF4aVBZ",,,,,,,,,
"Tropics update: Florence becomes our 1st major hurricane of this Atlantic season as Gordon will continue to weaken. A disturbance near the Cabo Verde islands has a high chance of development and a tropical wave will move off the coast of Africa, it has a low chance of development https://t.co/snTyzy8cPu",,"Hurricane Florence, the first major hurricane of the year, could pose a threat to the US East Coast
https://t.co/7tDLsHGf4P",,,,,,,,,
"scroll thru for what u are looking for but read carefully 2 paths that hurricanes like #Florence usually take- add in odd chance of a stall, loop off the coast before doing 1 or 2 mentioned in the blog. #HurricaneFlorence https://t.co/XLVVLmtkcS like Dorothy &amp; Scarecrow in #OZ https://t.co/6Klyw6axJJ",,"#HurricaneFlorence has become the first major Atlantic hurricane this year. With uncertainty around its path, be sure to read our #HurricaneSafety guide so you are prepared if/when a storm hits near you. https://t.co/JrRBBPFWkT",,,,,,,,,
Ok hurricane Florence needs to calm down with her crazy! Ain't nobody got time for another hurricane,,#weatherUpdate RT @NHC_Atlantic: Hurricane #Florence Advisory 26: Florence Strengthens Into a Category 4 Hurricane. https://t.co/VJwAnaQWr0,,,,,,,,,
Hurricane Florence could pose threat to US East Coast https://t.co/a4XApQVgry,,"The models were seriously wrong on Hurricane Florence,https://t.co/Quj766gErh #LatestNews,#financialnews,#ForexNews,#forex,#news,#FX,#Finance,#Markets",,,,,,,,,
Florence Upgraded to a Category 3 Hurricane!  https://t.co/Gw363kGPDA,,"We have #Gordon &amp; #Florence as named storms on our hurricane tracking map! 

Florence is a now 130 MPH Cat 4 storm. It’s moving NW, so it will move north of our latitude in the next day or two. It won’t be a threat to #SWFL. 

I’m tracking two other waves on ABC7 at 6, 7 &amp; 11PM. https://t.co/KoYnhY72em",,,,,,,,,
Florence Upgraded to a Category 3 Hurricane!  https://t.co/Gw363kGPDA https://t.co/CTUpcAdEDt,,Hurricane Florence is our first major hurricane of the 2018 season in the Atlantic. Where will it go? https://t.co/hTV6sxsomn https://t.co/5HPZoPDpyc,,,,,,,,,
"TROPICAL UPDATE:
Florence Unexpectedly Intensifies to a Major Hurricane; U.S. East Coast a Potential Target
Dr. Jeff Masters  ·  September 5, 2018, 11:15 AM EDT

An intense period of tropical cyclone activity is... https://t.co/QVs2fPVDuI",,Hurricane Florence is our first major hurricane of the 2018 season in the Atlantic. Where will it go? https://t.co/to9rYMh7Kq https://t.co/GqRYDgkyk6,,,,,,,,,
"#Florence is now the first major hurricane in the Atlantic basin this year packing 125 MPH winds. Depending on the track, she could make things interesting along U.S. East Coast by next week. https://t.co/iib6aWOgUi",,We are tracking Hurricane #Florence in the Atlantic Ocean. The next named storm this season will be Helene. https://t.co/WTlPwNI9zI,,,,,,,,,
#Gordon may be spinning down but the rest of the #tropics have been spinning up. Major hurricane #Florence continues moving northwestward in the central Atlantic and a new tropical depression may be forming in the eastern Atlantic. Lots of time to watch them both for any threats. https://t.co/75TPbxoQdo,,"Hurricane Florence, first major storm of Atlantic season, could hit East Coast next week https://t.co/fdUeoUYB6o via @usatoday",,,,,,,,,
#Florence has become the first major hurricane of the 2018 Atlantic Hurricane Season. Folks along the East Coast should at least be paying very close attention to this storm. #tropics https://t.co/fbDkakyQrH,,Here is the latest IR loop using G.O.E.S 16 of #HurricaneFlorence https://t.co/qdgwrTAV0u,,,,,,,,,
"Major Hurricane Florence out in the open Atlantic. Lots of questions about where it will go, but it's a long ways out — if it comes close to land, that won't happen until next week. https://t.co/kdtGSFAOsF",,Looking at both the GFS and EURO...and I may have to start shining up the #Goggles #HurricaneFlorence #wbal @TonyPannWBAL what say you?,,,,,,,,,
"Our Tropical Map Room is suddenly full! #Gordon, #Hurricane #Florence, and a new wave off #Africa that's being closely watched! https://t.co/EY84AuXydh #wcvb https://t.co/PYxjP73qT0",,Florence (was Potential Tropical Cyclone 6) 2018 – Hurricane And Typhoon Updates https://t.co/q4LFbCUWck,,,,,,,,,
Florence becomes first major hurricane of Atlantic season https://t.co/P1bcIZ2vsU,,"Hurricane Florence, the first major hurricane of the year, could pose a threat to the US East Coast https://t.co/TURF5kXhwx",,,,,,,,,
"Hurricane Florence now a Category 3, still far from land https://t.co/RH7E4lHRJE",,Here's the latest on Hurricane Florence that we are tracking. Stay updated by clicking on https://t.co/kBGR4eyf3e and looking in the HURRICANE SEASON 2018 section. #ecarwx https://t.co/VcrBFyvqQt,,,,,,,,,
"Repost: By day 7, what will likely be Hurricane #Helene will be headed W/WNW towards the Caribbean. Next week may be crazy as #Florence &amp; #Helene may threaten land. https://t.co/1iWz5g1A1l",,Here's the latest on Hurricane Florence that we are tracking. Stay updated by clicking on https://t.co/FSH3Vgh6pX and looking in the HURRICANE SEASON 2018 section. #ecarwx https://t.co/oNwsN7F6K4,,,,,,,,,
Major Hurricane Florence among 3 tropical systems Floridians need to monitor https://t.co/6S7sSbaH7q,,Category 4 #HurricaneFlorence among 3 tropical systems #Florida residents need to monitor https://t.co/cqA47LpTcu https://t.co/i0vWOebPIC,,,,,,,,,
"I wrote about Hurricane Florence in today's @WNCN Weather Blog -- you can read that post at the link below. Also, @NWSRaleigh posted this graphic with ""5 Things You Need To Know"" about Florence.
https://t.co/iZNNYXnfui https://t.co/2NnBNdSACV",,"@capitalweather @MichaelEMann 12 years ago, beginning of September, Bermuda was also hit by hurricane with the same name: Florence.",,,,,,,,,
"*hits up group of people who wanted to use fans to blow smoke back into canada*  __ “Florence is the first major Atlantic hurricane of the 2018 season”

https://t.co/qhVmdbJQ8m",,"National Hurricane Center: ""It is far too soon to speculate what, if any, impacts Florence may have on the U.S. East Coast next week."" https://t.co/6cv1sxMPJf",,,,,,,,,
Florence has become the first major hurricane of the Atlantic season as it moves on a path that could take it toward Bermuda. - WDTV 5 https://t.co/pBFscnI33C,,"23 hurricanes have been within 200 miles of #Florence current position but only (3) three have impacted the east coast. 1893 hurricane, Isabel, and Esther. 
via https://t.co/tvhf7QCMPc https://t.co/B4CHcXbeSJ",,,,,,,,,
"#NOAA20 and #SuomiNPP #VIIRS Day/Night Band &amp; Infrared Window images last night of Category 2 Hurricane #Florence, before subsequent intensification and formation of a well-defined eye https://t.co/WP2o4xXotv | https://t.co/dIMTEgxh4c https://t.co/qkP7YLcaBk",,Hurricane Florence - North Atlantic https://t.co/KDGZMYdNDd,,,,,,,,,
@CassidyACollins We need to watch for Hurricane Florence and the three tropical waves off Africa.,,"Poll time folks. 

Will #Florence reach Category 5 status?",,,,,,,,,
GPM Sees Hurricane #Florence Swirling In The Central Atlantic https://t.co/Fw4y9eUSnn https://t.co/oBQprELC8j,,"Hurricane Florence, first major storm of Atlantic season, could hit East Coast next week https://t.co/agbd967dY8 https://t.co/0NdXB4OxlA",,,,,,,,,
Bermuda and US East Coast urged to 'closely monitor' major Hurricane Florence's track https://t.co/nwMAPwMZxb #HurricaneFlorence,,The eastern United States needs to keep up with future track trends of Major Hurricane Florence!  Some ensemble data shows a more western track! #WBRCFirstAlert #Florence https://t.co/yqi8V2P0k8,,,,,,,,,
"Hurricane Florence now a Category 3, becomes first major storm of the season: NHC https://t.co/TIAhg1xMfN",,"It’s the time of year when the #EURO, #GFS and #SpaghettiPlots get their time to shine. #HurricaneSeason #HurricaneFlorence",,,,,,,,,
Tropical Storm Gordon and Hurricane Florence both pose threats. https://t.co/wxKnPlfCrD,,Hurricane #Florence now a CAT4 moving NW 21 at km/h with sustained winds of 208 km/h. Despite the small size let´s not forget #Bermuda which is within the current path of a good number of model forecasts ... over 60.000 people live in the small archipelago https://t.co/ep7RQcyIot,,,,,,,,,
Go away #HurricaneFlorence https://t.co/CibYhxScSu,,@johnath87068790 We are always keeping an eye on the tropics however Florence is not anything you need to be worried about at this time. It is hurricane season so we can never ignore the tropics.,,,,,,,,,
"Hurricane Florence strengthens on possible path to Bermuda
https://t.co/rSzo5AyqrX https://t.co/zlvgf0PMWP",,"Florence, 1st major hurricane of Atlantic season, to approach Bermuda and US East Coast next week: https://t.co/ZNXTIbC3vj",,,,,,,,,
A Churning Atlantic: #Florence roars to Category 3 hurricane; Disturbance 1 has 90 pct. chance to become tropical depression; and there's a developing tropical wave behind that off Africa's coast. #BuckleUp https://t.co/5uHPKzkins https://t.co/DTOc9MdSKt,,Hurricane Florence is our first major hurricane of the 2018 season in the Atlantic. Where will it go? https://t.co/Uqx8mZwbKp,,,,,,,,,
"Tropical Depression #Gordon continues to weaken over Mississippi. It will slow down as it moves toward Arkansas. Meanwhile, Florence became the first major hurricane of the 2018 Atlantic season. Get the latest from @NC5_HRothenberg later on @NC5. https://t.co/F7qp1vUjXY",,We’re tracking #Gordon and #HurricaneFlorence Watch @WTOC11 for the latest updates! https://t.co/xaA5nmivPl,,,,,,,,,
"Hurricane Florence, the first major hurricane of the year, could pose a threat to the US https://t.co/nys0Uy0bKX https://t.co/uq0y9PafWE",,"Hurricane Florence is now CAT4 with 130Mph winds. This is at the upper end of predictions. Its path is very uncertain as this plot of possible tracks shows, however on its present path it may affect Bermuda and head towards the NE coast of the USA and Canada. #HurricaneFlorence https://t.co/ZHyP3Nhq8F",,,,,,,,,
"Too many variables to make any plan for Hurricane #Florence, and #Invest92L. There is Model agreement, but any small change in a front or High Pressure changes tracks of BOTH systems. We will update daily for @RoyalCaribbean guests, but confidence is low today. https://t.co/GzRfMKUU0A",,"Florence, heading for Bermuda, now a Category 4 hurricane -- NHC via gmanews https://t.co/VKfqxyVsOy",,,,,,,,,
"Nearly at the peak of hurricane season, maps like this should come as no surprise. Tropical Depression #Gordon &amp; Hurricane #Florence could have 2 additional friends coming down the conveyor belt. https://t.co/IioU8XomMP",,"Major Hurricane Florence continues to develop with max winds now at 115 knots (Cat 4)and future track still uncertain.
https://t.co/CcmKVxb1yU https://t.co/jCpd0jyJj9",,,,,,,,,
Tropical Storm Gordon and Hurricane Florence both pose threats. https://t.co/6QUdePYqK4,,"Hurricane Florence, first major storm of Atlantic season, could hit East Coast next week https://t.co/Q9mzWctKOI via @usatoday",,,,,,,,,
Im about to drop an important updated video on this. Remember this chart. Those warm waters off the Carolina coast could fuel #HurricaneFlorence If it takes that path by next week. https://t.co/qdGzCqJ11w,,"#Florence is officially a Category 4 hurricane. According to NHC, ""Given the large uncertainty [beyond day 5], it is far too soon to speculate what, if any, impacts Florence may have on the U.S. East Coast next week."" https://t.co/Zjk2wMRKW2",,,,,,,,,
"Florence is major hurricane, max wind 125 mph (205 m/h), small circulation, HII=23.6, HSI=7.0, HWISI=30.6, much uncertainty about future track, guidance variable. https://t.co/eVuTa45Oub",,Summary for Hurricane Florence (AT1/AL062018) https://t.co/etcWXnPfzj,,,,,,,,,
Tropical Storm Gordon and Hurricane Florence both pose threats. https://t.co/4LDfe6kbu0,,Hurricane Florence Forecast Advisory Number 26 https://t.co/NRbziAmCWw,,,,,,,,,
Tropical Storm Gordon and Hurricane Florence both pose threats. https://t.co/mtwA5kRZwl,,Florence is now a category 4 __,,,,,,,,,
Tropical Storm Gordon and Hurricane Florence both pose threats. https://t.co/MfQbqnMqe6,,@tkweather gives you the latest on hurricane Florence. #wfmynews2 https://t.co/JkZtAN0Auz,,,,,,,,,
Tropical Storm Gordon and Hurricane Florence both pose threats. https://t.co/G8dKooEPzf,,Hurricane Florence tracking models: Latest path projection - Florence could hit USA https://t.co/faMc7GL4XO https://t.co/1URhpphlbx,,,,,,,,,
Tropical Storm Gordon and Hurricane Florence both pose threats. https://t.co/j3cpfzvHch,,The models were seriously wrong on Hurricane Florence https://t.co/UX3XQ1ZckD https://t.co/1H4vg5ZzKk,,,,,,,,,
Tropical Storm Gordon and Hurricane Florence both pose threats. https://t.co/ogemBy8oQq,,Florence now a category 4! Updates will be coming as new info comes out https://t.co/6CW7IxAeon,,,,,,,,,
Look at #Florence! Our first major hurricane of the 2018 Atlantic hurricane season. Fish storm! https://t.co/KxwTZkc5tC https://t.co/BW30czz7YO,,Florence becomes first major hurricane of 2018 Atlantic season https://t.co/AIjGR2WwKJ https://t.co/5hSIkMCiOx,,,,,,,,,
Tropical Storm Gordon and Hurricane Florence both pose threats. https://t.co/LUssO6H771,,Hurricane Florence tracker: Where is Hurricane Florence headed? Will storm make landfall? https://t.co/w4oKWrQr8S,,,,,,,,,
Tropical Storm Gordon and Hurricane Florence both pose threats. https://t.co/Fq2HmJuAme,,"BREAKING
Hurricane Florence is now a category 4 storm: https://t.co/o3GK75IeKa",,,,,,,,,
"HURRICANE FLORENCE looks like heading to NYC from here. Get your galoshes out.
https://t.co/5J4hxyPZcy",,Social Media: Hurricane Florence is our first major hurricane of the 2018 season in the Atlantic. Where will it go? https://t.co/OjizdaTIxC,,,,,,,,,
#Florence has become the first major hurricane for the season; it has winds of 125 mph  https://t.co/UjuJExICQA https://t.co/T9RFw5NqlC,,"#Hurricane  #Florence looking great in mid #Atlantic today, as seen by © NASA / TERRA satellite! Wonderful cloud structures surround the active storm, rallying towards its center! https://t.co/gzXlSiUc1w",,,,,,,,,
Hurricane Florence becomes first major storm of 2018 Atlantic season  https://t.co/AWpzKUX1cJ,,* Category 4 Hurricane Florence among 3 tropical systems Floridians need to monitor  Orlando Sentinel * Gordon weakens into depression; Florence becomes 1st major hurricane of 2018 Atlantic season  Florida Today * Bath and… https://t.co/Eglf67rzk1 via https://t.co/nitEnWQLIQ https://t.co/h54bKOz80i,,,,,,,,,
Tropical Storm Gordon and Hurricane Florence both pose threats. https://t.co/O4Ofbr6nMQ,,Hurricane #Florence has strengthened to a Category 4 major #hurricane. Latest tracks from the EPS showing possible issues for the east coast. Many things could change. https://t.co/A2g6tpqsmx,,,,,,,,,
"#Florence is our first major hurricane of the 2018 Atlantic season. 
Storm will move west northwest over the next week, however there's significant uncertainty in the track beyond this weekend. 
It's too soon, so stay tuned. 
https://t.co/Xn4C9f0cOD
#nsstorm #nswx #nbstorm #nlwx https://t.co/feJkBUxPkr",,"On @WAVY_News 10 at 6:
-Hurricane #Florence increases in strength. We're watching the track CLOSELY!
-Murder suspect locked up, and speaks from behind bars
-Election scandal decision and change in the race for Congress
-Sentimental videotape lost. A father wants answers https://t.co/QSJc59GhPc",,,,,,,,,
Tropical Storm Gordon and Hurricane Florence both pose threats. https://t.co/RMK64TqbZ1,,Tropical Update: Hurricane Florence Best Track Information (.kmz) https://t.co/2BLoOTENec,,,,,,,,,
Things to think about concerning Hurricane Florence. #scwx #gawx #caewx https://t.co/9I38wVBiB1,,"Tropical Update: Hurricane Florence 5-Day Track, Uncertainty Cone, Warnings (.shp) https://t.co/iE2UQbnvq2",,,,,,,,,
Brewing Tropical storm/Hurricane HELENE!!! || FLORENCE now a major hurricane! https://t.co/iQYRYHJoM1 https://t.co/pAAySoobsI,,Tropical Update: Hurricane Florence Best Track Information (.shp) https://t.co/VwyNH5dkj6,,,,,,,,,
"RT RyanMaue: Ocean heat increases on the track of Hurricane #Florence ... so as long as the shear remains manageable, the storm can continue to intensify. 

110-knots is the current intensity but could be a nudge higher (Category 4) https://t.co/bcTV0XdWkK",,Tropical Update: Hurricane Florence Graphics https://t.co/nJuFZ12mSd,,,,,,,,,
#Florence is the first major hurricane of the season. Watching this one closely for my ppl in #Bermuda &amp; the #EastCoast #HurricaneFlorence,,Tropical Update: Hurricane Florence Forecast Advisory Number 26 https://t.co/T6pNXL1ATL,,,,,,,,,
Tropical Storm Gordon and Hurricane Florence both pose threats. https://t.co/A2VJCAup4P,,Tropical Update: Hurricane Florence Forecast Discussion Number 26 https://t.co/N756dr3Ehq,,,,,,,,,
"With Category 3 #HurricaneFlorence tracking toward the East Coast, it's critical for employers and #HR to take key actions to prepare, minimize risk and protect their employees. @BethZoller1 details what to do. https://t.co/hhGJV0z3bH https://t.co/cR02rVRqVx",,Tropical Update: Hurricane Florence Public Advisory Number 26 https://t.co/R9TYLbvG9A,,,,,,,,,
"Forecasters: Florence is now a major hurricane, category 3 with 120 mph winds, moving in the Atlantic toward Bermuda.  https://t.co/aCffwHHSTC",,Hurricane Florence has become a Major CAT 4 hurricane in the Central Atlantic. Florence is forecast to remain in the Atlantic waters for the next 5 days and is no threat of South Florida at this time. #flwx https://t.co/bSlhaTZiu1,,,,,,,,,
Tropical Storm Gordon and Hurricane Florence both pose threats. https://t.co/i2fFhKQflf,,"@tomsorrells  On September 26, 1953 wwe had a category one hurricane named Florence. I was of the understanding that cat 1 storms names were to be retired. So why do we again have a Florence ( which could become a cat 1 )",,,,,,,,,
Tropical Storm Gordon and Hurricane Florence both pose threats. https://t.co/IicDZTm1Xx,,Florence becomes first major hurricane of Atlantic season https://t.co/rvlnKHZ4Hc https://t.co/y0YseoNTmW,,,,,,,,,
"hurricane Gordon hit me w/ a cold. and Florence is brewing in the Atlantic, ya know what weather, u can just have me https://t.co/pW9bOe1Yqp",,Hurricane Florence is our first major hurricane of the 2018 season in the Atlantic. Where will it go? https://t.co/vAyL3Phqv3,,,,,,,,,
Here’s the rapid intensification of #HurricaneFlorence over past 24 hours. Currently category 3 with winds of 125mph!!! Gif: weather channel! #Florence #extremeweather https://t.co/MB0v7AkVFk,,Hurricane Florence is our first major hurricane of the 2018 season in the Atlantic. Where will it go? https://t.co/V8YkZpanlc,,,,,,,,,
Tropical Storm Gordon and Hurricane Florence both pose threats. https://t.co/reoCLgeqyv,,Don't wait before it's too late! Think Schnell for your tree needs! #HurricaneFlorence https://t.co/kVUBkZsWb3 via @TrackTheTropics,,,,,,,,,
Hurricane Florence Could Hit The Carolinas Next Week https://t.co/WrOBdFxTna,,Cool satellite loop of #HurricaneFlorence this afternoon. @FOXNashville https://t.co/AJPmIfR1Xl,,,,,,,,,
NASA-NOAA's Suomi NPP satellite sees Florence strengthening into a major hurricane https://t.co/MGQ9p7YgCv,,Hurricane Florence is now a major Cat 4 storm but the jury is out on where it goes from here. It’s a storm that merits to be watched.,,,,,,,,,
"Amidst swirling rumors and social media info overload, it can be difficult to abstract out actionable nuggets of knowledge. We’re nearing peak hurricane season — anyone vulnerable to tropical cyclone landfalls can start here, especially if you’re feeling anxious about #Florence https://t.co/Dc7a6lNazL",,I liked a @YouTube video https://t.co/2WvL05M8xF Why we Chose to Sail during Hurricane Season! (Hurricane Gordon &amp; Florence),,,,,,,,,
Tropical Storm Gordon and Hurricane Florence both pose threats. https://t.co/FIvZivme8N,,Florence becomes a hurricane https://t.co/zMG5RB6u7Q,,,,,,,,,
Hurricane Florence is possible threat https://t.co/znBUSdjSPt,,RT:(@NWSmiami)Hurricane Florence has become a Major CAT 4 hurricane in the Central Atlantic. Florence is forecast to remain in the Atlantic waters for the next 5 days and is no threat of South Florida at this time. #flwx https://t.co/VXB8lgjv2u https://t.co/G2PDhPaKfD #doncast…,,,,,,,,,
"NOAA: Hurricane Florence Projected Path, Spaghetti Models https://t.co/V3KcFNU94H",,"New blog: #Florence vaults to Category 4 status, #Gordon weakening inland, #92L expected to develop #tropics https://t.co/NyG8hb5psj",,,,,,,,,
"__ “Florence is the first major Atlantic hurricane of the 2018 season”

https://t.co/PGhXKlRVLn",,Hurricane Florence is a Category 4 storm that could hit the East Coast next week. https://t.co/xcbCZvSZtD,,,,,,,,,
"__ “Florence is the first major Atlantic hurricane of the 2018 season”

https://t.co/0UPwb6nXN1",,"Today’s weather forecast, Hurricane Florence is now Major Hurricane cat 4 storm off west of Bermuda More Details, Cooler temps retreat towards our direction by this weekend. https://t.co/ridtyJQkhi",,,,,,,,,
Here is the latest IR loop using G.O.E.S 16 of #HurricaneFlorence https://t.co/RHbF2JJLZH,,RT @weatherchannel: NEW: #Florence has strengthened into the first major #hurricane of the 2018 Atlantic season. Now a Category 3 with top winds of 120 mph. https://t.co/FLQxA6OFOr,,,,,,,,,
New post: BERMUDA-WEATHER-Florence intensifies to a Category 3 hurricane as it drifts towards Bermuda https://t.co/Cp7dJWhfFn,,"@BrandonCNN you're article on @CNN is titled ""Hurricane Florence, the first major hurricane of the year, could pose a great to the US east coast"". Does Hawaii not matter, or was Hurricane Lane not ""major""?",,,,,,,,,
"Just shows how critical certain factors are for the development of tropical weather systems.. #HurricaneFlorence, #Gordon and perhaps soon #Helene all developing within the space of a week or so now that SSTs have risen, wind shear has reduced and #Saharandust is less pronounced https://t.co/m2kjHEvLjR",,"__ “Florence is the first major Atlantic hurricane of the 2018 season”

https://t.co/ec85OcrCPL",,,,,,,,,
"Hurricane Florence needs to chill out.
#HurricaneFlorence #hurricane",,Florence is a powerful hurricane but looks somewhat insignificant in the middle of the Atlantic Ocean. https://t.co/CImswpW9Fu,,,,,,,,,
"While Gordon has moved onshore &amp; is now weakening, other Tropical Systems are forming way out in the Atlantic Ocean. 

Hurricane Florence is now a Category 3 Hurricane with a well-defined eye. Too early to know if it will impact the U.S. in 7-10 Days. https://t.co/01qtJXaVh3",,Florence becomes the first major hurricane of the 2018 Atlantic hurricane season https://t.co/00srUr2auv https://t.co/VxhTGV8Yx9,,,,,,,,,
Hurricane Florence better stay away from us bc your girl is broke and doesn’t have money to evacuate with __,,"Powerful winds of TS Gordon led to child's death in Pensacola, FL. Hurricane Florence is spinning out in the Atlantic &amp; now cat 3. Typhoon Jebi, worst storm to hit Japan in 25 yrs, has left a trail of death &amp; destruction. #MotherNature is not happy.

 https://t.co/IjvXWDNsNF",,,,,,,,,
#Gordon has been downgraded to a depression and will continue weakening as it moves into Arkansas tonight. #Florence is the first major hurricane of the season and will continue moving west in the Atlantic.... https://t.co/9OZWDI7104,,Hurricane Florence is our first major hurricane of the 2018 season https://t.co/Vnuke2ZGZE,,,,,,,,,
Tropical Storm Gordon and Hurricane Florence both pose threats. https://t.co/5tE40EoR0a,,"Hurricane Florence, the first major hurricane of the year, could pose a threat to the US East Coast - CNN #SmartNews  https://t.co/JrA5X3IKdP",,,,,,,,,
Florence is the first major hurricane (Category 3) of the Atlantic season with maximum sustained winds at 125 mph. Florence currently remains out in the open Atlantic waters but a close eye on Bermuda and U.S. East Coast this weekend and next week. #HurricaneFlorence https://t.co/FrS9xzQdae,,Hurricane Florence https://t.co/OR0XUuIHG6 https://t.co/ElLmWyOalu,,,,,,,,,
"Hurricane #Florence is a storm for the fishes as it spins in the open Atlantic -- no land in sight.

It's a major, Category 3 storm with maximum winds at 125 mph.

It's too early to say right now what, if any, impacts it could bring to the U.S.

Track it: https://t.co/rak4gC6PJk https://t.co/h3rWhf603s",,Hurricane Florence https://t.co/dZflq3vSKX https://t.co/m2vtcSU5RL,,,,,,,,,
"And here __ we go _______! 

#HurricaneFlorence #HurricaneSeason https://t.co/YYXpcE3aEd",,Hurricane Florence https://t.co/iCheZ1caEe https://t.co/c46Znt0xMl,,,,,,,,,
Hurricane Florence could pose a threat to the US East Coast https://t.co/pPHyYwsfJK via @myfox8,,Hurricane Florence https://t.co/d08coWIMkN https://t.co/jP2NpJ427D,,,,,,,,,
"Hurricane Florence now a Category 3, still far from land https://t.co/OfCoqp1Kan",,Hurricane Florence? https://t.co/eGjmeAh8zY,,,,,,,,,
@williemoeday Watching The Weather Channel build dread about Hurricane Florence would probably be more fun.,,Hurricane Florence https://t.co/d08coWIMkN via @@LockedINMag,,,,,,,,,
Hurricane Florence Bears Watching https://t.co/0CD4OtLaVh,,Link to the forecast for this evening. I talk through the timing of the showers tomorrow and update on hurricane Florence which is the strongest storm of the 2018 Atlantic hurricane season so... https://t.co/l97LtlbcAU,,,,,,,,,
@breakingweather @Progressive You cannot miss this opportunity! #Flo #HurricaneFlorence,,@justydodge any predictions about hurricane Florence?,,,,,,,,,
"Florence, 1st major #HURRICANE of Atlantic season, to approach Bermuda and US East Coast next week https://t.co/Y9hLvU2cMI #GPWX",,Hurricane Florence strengthens in Atlantic: Tips to prepare for the storm https://t.co/xq4tq0PV9f https://t.co/NPoLLN4UJH,,,,,,,,,
"Hurricane Florence is slowly moving westward across the Atlantic, a Cat 3 storm with 125mph sustained winds. Still not sure how it will track at this point. https://t.co/AK07H6iUHx",,"Hurricane Florence, first major storm of Atlantic season, could hit East Coast next week https://t.co/DynNmvqnbh https://t.co/bwpUHT7NfK",,,,,,,,,
Florence becomes first major hurricane of Atlantic season https://t.co/jaoaFGqGTc #HurricaneFlorence https://t.co/CnjVVvL2VV,,Hurricane Florence strengthens in Atlantic: Tips to prepare for the storm https://t.co/C7ZdDQhPhP,,,,,,,,,
NEW: Category 3 Hurricane Florence rapidly strengthens and may threaten East Coast next week: https://t.co/eTFa2uGhzy,,No hurricane that passed within 75 miles of the location Florence is expected to be in tomorrow has ever made landfall on the eastern seaboard,,,,,,,,,
'Florence’s intensification into a Category 3 hurricane is a head-scratcher: the 36-hour intensity forecast from NHC from 11 pm EDT Monday called for Florence to... https://t.co/4uLWw7q6Wq,,Hurricane Florence strengthens in Atlantic: Tips to prepare for the storm https://t.co/IxlHyw0KAD https://t.co/uRawGTbtFC,,,,,,,,,
"Lots Going On! Hurricane Florence Hits CAT 3, Could Hit East Coast, Gord... https://t.co/mveSWKcGjN via @YouTube",,Hurricane #Florence could threaten Bermuda early next week.  After Bermuda it remains to be seen if the storm will threaten the U.S. east coast.  Stay tuned. https://t.co/owFGUWrhos,,,,,,,,,
I've been talking about Florence being a threat for four days. I also said she could become a major hurricane.  Well she is now Major Hurricane Florence with max sustained winds of 125 mph.  As I said in... https://t.co/OLpzxld6Xv,,"While we deal with the remnants of TD Gordon, Hurricane Florence is spinning in the Atlantic. Currently a CAT 4 storm 130 mph winds with gusts to 160.  Still too early to say if it'll have any effect on the eastern US but bears watching. https://t.co/HeOkvCEYav",,,,,,,,,
"Group of simulations from European (red) and American (blue) models indicate there is some chance Hurricane #Florence is a problem for the East Coast in 7 or 8 days. It could turn out to sea, too. For now, we just watch. Here's our explainer: https://t.co/eTFa2uGhzy https://t.co/X0dQzcIhl2",,"Latest forecast track for Hurricane #Florence, but no land impact expected for another week @wpdeabc15 https://t.co/HPa73mfPrv",,,,,,,,,
Major Hurricane Florence among 3 tropical systems worth watching https://t.co/dLj7oiQNYW,,"@pppapin @MichaelEMann @FraserMacLeod5 Excuse me. I should have written ""just north of the hurricane"" not over the hurricane un association with wind shear that was supposed to weaken Florence.",,,,,,,,,
Florence becomes major hurricane in Atlantic https://t.co/xcpkmNMXQG https://t.co/nD6i7sMtuB,,Let's all pray and hope that Hurricane Florence doesn't hit Hampton Roads. These new European models don't look so good!,,,,,,,,,
"I liked a @YouTube video https://t.co/wzVmF5XP6f Lots Going On! Hurricane Florence Hits CAT 3, Could Hit East Coast, Gordon To Take",,"Major Hurricane Florence, What, Where and When!  Our Weather Concierge Meteorologists discussed the situation  ...   https://t.co/c7wB5PgFuh",,,,,,,,,
"What a fantastic homecoming parade!! Florence Elementary was once again voted winner of the spirit award in our category - Elementary, Intermediate, and Middle School parade float… https://t.co/FRKP9RtLoj",,#HURRICANE Florence strengthens in Atlantic: Tips to prepare for the storm https://t.co/0EdME6XLgi,,,,,,,,,
"#Florence is officially Major Hurricane for a while now, better idea on track near Sunday, til than, just model back and forth....
Possible outcomes below: https://t.co/RR8Tv2JzuB",,Hurricane Florence is now a Cat 4 hurricane. Wow,,,,,,,,,
Category 3 #HURRICANE Florence rapidly strengthens and may threaten East Coast next week https://t.co/AuMi37dYHW,,FOX NEWS: Hurricane Florence strengthens in Atlantic: Tips to prepare for the storm https://t.co/HLZ6HWPNCA https://t.co/FTlZD3jJ2K,,,,,,,,,
@weatherchannel Thanks for talking about Hurricane Florence. I know you’re a US weather channel but maybe you could have mentioned Bermuda potentially being directly in its path??? #everyoneforgetsus #islandofbermuda #WereImportantToo,,Florence becomes first major hurricane of 2018 Atlantic season https://t.co/kR253tailZ,,,,,,,,,
Hurricane Florence could threaten the East Coast https://t.co/1lQ0uLiBfW,,Florence is Now Category 4!  https://t.co/Gw363kGPDA,,,,,,,,,
Hurricane Florence could threaten the East Coast https://t.co/UBcsUlDJqo,,I added a video to a @YouTube playlist https://t.co/rfPgFZqMjU Tropical Update with J7409 Evening 9/5/18 Hurricane Florence Cat4,,,,,,,,,
Hurricane Florence strengthens on possible path to Bermuda https://t.co/Us9V68LOP7,,Hurricane Florence isn’t playing games,,,,,,,,,
"Hurricane Florence could make a run at the East Coast by early next week — through there's still a great deal of uncertainty
https://t.co/MFn4qcUqLy",,Florence is Now Category 4!  https://t.co/Gw363kGPDA https://t.co/CTUpcAdEDt,,,,,,,,,
Florence Becomes Cat 3 Hurricane In Open Atlantic https://t.co/pVtYE5tAFM,,Is this the Hurricane Florence the news is talking about? @flo_tweet https://t.co/ExcFgtiDfz,,,,,,,,,
Per Dr Jeff Masters: #Florence Intensifies to a Major Hurricane; U.S. East Coast a Potential Target https://t.co/NzQzOzFFIq https://t.co/Q3FhZOmsXw,,Florence becomes first major hurricane of Atlantic season https://t.co/yTdWTheMzS https://t.co/YpgojTKxxn,,,,,,,,,
"I liked a @YouTube video https://t.co/R8aRxE7Aq9 Lots Going On! Hurricane Florence Hits CAT 3, Could Hit East Coast, Gordon To Take",,I liked a @YouTube video https://t.co/dH29UvIzgA Why we Chose to Sail during Hurricane Season! (Hurricane Gordon &amp; Florence),,,,,,,,,
"Hurricane Florence, the first major hurricane of the year, could pose a threat to the US East Coast
https://t.co/w5j0AWMaSh",,"""Florence is the first major Atlantic hurricane of the 2018 season"" #florence https://t.co/hyDyQcGOfd",,,,,,,,,
Hurricane Florence could threaten the East Coast https://t.co/7YE6YIk2Yz,,I liked a @YouTube video https://t.co/Tytmp6ciHd Why we Chose to Sail during Hurricane Season! (Hurricane Gordon &amp; Florence),,,,,,,,,
New: Hurricane Florence Is the Atlantic's First Major Hurricane https://t.co/OCObRZpteB,,"Despite conditions that aren't quite ideal, #Florence has intensified into a C4 hurricane. The storm's core is rather small, which is why it was able to intensify this much. Directional shear should increase soon over the storm, which *should* commence a brief weakening trend. https://t.co/gkawEYSP0Z",,,,,,,,,
"WELCOME TO THE PEAK OF HURRICANE SEASON: Long range forecast models will continue to adjust the daily positioning of Hurricane Florence, but this gives you an idea of how apart the Euro model (left) and the GFS model (right) are now. Stay tuned! @scottsumnerwjcl22 https://t.co/rqbW3OF6nC",,"Quite a large spread of uncertainty on the long term forecast track of Hurricane #Florence. Here's a look at this afternoon's European Ensemble guidance. Florence is unlikely to threaten the Gulf of Mexico. But,... https://t.co/w3ATQJSPJY",,,,,,,,,
Florence Becomes Cat 3 Hurricane In Open Atlantic https://t.co/hDCfKZ31M2,,"Hurricane Florence, the first major hurricane of the year, could pose a threat to the US East Coast

https://t.co/JtMLAtdEDA

Shared from my Google feed",,,,,,,,,
"Lots Going On! Hurricane Florence Hits CAT 3, Could Hit East Coast, Gordon To Take Curved Path https://t.co/h3DGnoN2Nc",,"Hurricane Florence is about 1,295 miles east-southeast of Bermuda and is moving northwest. Experts still don't expect it to make landfall in the U.S., but will be monitoring it closely. #chsnews
https://t.co/hpVRpZFTm9",,,,,,,,,
We have to keep our attention on Hurricane #Florence https://t.co/sfGxAqewju,,"So here’s the deal-this could do nothing, or it could severely impact areas. So what do you do? Prepare for the worst and hope for the best. Get your hurricane kits ready, but not the essentials that easily spoil-we need to wait for impact confirmation to do that. #Florence",,,,,,,,,
Hurricane Florence... https://t.co/BPZboNX0bv,,Hey @j1con super excited about next week! Are there any rain date plans in place in case Hurricane Florence hits the NJ coast?,,,,,,,,,
Suomi NPP satellite sees #Florence strengthening into a major #hurricane @NASAGoddard https://t.co/EMO37wPHck,,FIRST ALERT: Hurricane Florence upgraded to Cat. 4 https://t.co/TJdbMpnZQo https://t.co/RFs0BWuzzr,,,,,,,,,
"Me, preparing for #HurricaneFlorence while everyone else is so relaxed. https://t.co/UTLgh5DkZx",,Hurricane Florence strengthens in Atlantic: Tips to prepare for the storm https://t.co/SnLaRZsdwE https://t.co/l50dh6R6mn,,,,,,,,,
We have to keep our attention on Hurricane #Florence in nc,,Florence becomes first major hurricane of Atlantic season https://t.co/5akSVipuxj https://t.co/3pOnEPazWk,,,,,,,,,
"RT news6wkmg: TRACKING THE TROPICS: Hurricane Florence may be way out in the Atlantic, but the Category 3 storm could threaten the U.S. East Coast by late next week. https://t.co/Yhv7zv7cD1",,"Captain Marvel, Red Sox Vs Braves, Hurricane Florence, ...",,,,,,,,,
A great large-scale of Major #HurricaneFlorence churning up the open waters of the Tropical #Atlantic.  Note the clear eye which has developed and also has been warming further which likely means further intensification. Stay tuned for updates right here at @gwccwx! https://t.co/GTuZmrxcP1,,#Florence is the first major hurricane of the 2018 hurricane season. #tropics https://t.co/Pb953pyQqZ,,,,,,,,,
"Florence continues to intensify - pressure 957mb - down 19 from this am.  Sustained winds of 125 mph and rising.  Track unpredictable with any certainty.  Major hurricane, well defined eye and eyewalls now.",,"Weekly tropical update video discussion for Wednesday PM: #HurricaneFlorence becomes the 1st major hurricane of 2018 and we break down the risks from #Florence, #Invest92L (potential #Helene), and a dangerous steering pattern. Watch it here: https://t.co/fxlDeV6yEc https://t.co/MnzLCW3rZg",,,,,,,,,
Florence is the first major Atlantic hurricane of the 2018 season #florence https://t.co/qmVy6sTFeA,,Prayers to those affected by Hurricane Gordon and those currently set in the path of Florence~,,,,,,,,,
Anyone excited for hurricane Florence to come to Myrtle or is it just me?,,Hurricane #Florence MIGHT be headed towards the East Coast next week. But it also might curve out to sea. Let the Twitter hype begin! https://t.co/0aVAy3gSaf,,,,,,,,,
"@wendyrollins Geeez Wendy, that would scare everyone. Florence Welch is so powerful + energetic people will think a Category 6 is coming",,"Remnants of Gordon causes showers in other states, Hurricane Florence category 4 storm: https://t.co/7Is4NDiUJe via @YouTube",,,,,,,,,
Hurricane season has arrived #HurricaneFlorence https://t.co/iiRsXVSdud,,"Hurricane Florence, the first major hurricane of the year, could pose a threat to the US East Coast @CNN https://t.co/lgyV7vq1AO",,,,,,,,,
"NASAHurricane: RT NOAASatellites: #GOESEast saw Hurricane #Florence spinning in the open Atlantic Ocean this morning. The Cat. 3 storm is the first major #hurricane in the Atlantic this year, but currently not a threat to land. See more: https://t.co/43HQvWwL1I …",,I know every one is having a fab day out there. I do want to tell the eastern seaboard friends they might want to take a peak at Hurricane Florence in the Atlantic Ocean.,,,,,,,,,
Hurricane Florence Is the Atlantic&amp;#39;s First Major Hurricane https://t.co/4bufsz3PIx via @EARTH3R,,Tracking Hurricane Florence and where it moves next https://t.co/NMXHICkr8n https://t.co/I2dIUuU9kq,,,,,,,,,
"okay well sis needs to figure It out , bc I’m getting storms tomorrow and i need to know if a hurricane is right after __ Florence is the first major Atlantic hurricane of the 2018 season #florence https://t.co/wQ8RBzPhXY",,"Meanwhile,...Hurricane Florence is at 130 mph, 953mb, headed NW. https://t.co/mlO2myW3UX",,,,,,,,,
"Hurricane Florence: will the tropical storm affect UK weather and what’s the latest forecast?
https://t.co/lEPyY2uaoH",,MAJOR HURRICANE FLORENCE (5 pm Wednesday): The 1st major hurricane this season. It should continue moving WNW over the next 5 days with fluctuations in intensity &amp; forward speed. Great uncertainty beyond 5 days. Stay tuned. #WLTX https://t.co/5btJglPmnp,,,,,,,,,
Hurricane Florence strengthens on possible path to Bermuda - CBS News https://t.co/mZAHFdRpmM https://t.co/nrd4LZaw4C,,Category 4 Hurricane Florence rapidly strengthens and may threaten East Coast next week - Washington Post https://t.co/JfKVarruAb https://t.co/FvEh24KKvk,,,,,,,,,
"Whether you're covering Gordon, Florence or any other hurricane, we have guidance to help you.
Stylebook Online subscribers can access our archived Topical Guide on hurricanes Harvey and Irma, which includes hurricane categories, names and more:
https://t.co/vafNVFC7Ny",,"Elaborating on this a bit more - Florence could significantly slow down and/or stall without nearby trough &amp; jet stream. Too early to know if it makes landfall, and if so then where. But even a slow moving hurricane offshore can have indirect impacts.",,,,,,,,,
"Dear hurricane Florence,
Please don't hit SC. __________
Thanks. https://t.co/RYlhvZ1pm2",,"Hurricane Florence GFS model 10 day forecast 6pm EST. It shows Florence begins slowing and intensifying, with high pressure building off Africa. The NE U.S high pressure ridge, that interacts with a low pressure area to the east of Florence influences a dip in the ridge. See __ https://t.co/06mmoi53em",,,,,,,,,
"Tropics Update: Hurricane Florence and Tropical Depression Gordon, 9/5/18 https://t.co/uyJHmrsSW9",,Hurricane Florence heads toward the east coast with winds around 120 mph. https://t.co/R6VJkkMhHu,,,,,,,,,
"Tropical Storm Gordon prepares to make landfall and Hurricane Florence strengthens and spins toward the East Coast, it’s a fitting time to revisit your family’s preparedness plans. #NatlPrep month #TropicalStormGordon https://t.co/SBQ2pyBB4K",,"UPDATE 4-Gordon weakens, Hurricane Florence gains strength on path toward Bermuda https://t.co/iETDHSdgN6 #news #reuters",,,,,,,,,
Tbh it would be hilarious if Hurricane #Florence came to SC and hit Florence __ But at the same time it would be really really bad,,"Hurricane Florence, the first major hurricane of the year, could pose a threat to the US East Coast https://t.co/9VyCJjprvP https://t.co/MxerZg08Cc",,,,,,,,,
"Florence is now the first major storm of the 2018 Atlantic hurricane season
https://t.co/XiH4dRv0Hn",,"I am becoming concerned about #HurricaneFlorence. Recent model runs have been showing a setup where the escape route for #Florence is blocked, bringing her closer to the US. We don't know if Florence will effect the US even with this route, but it's worrisome. https://t.co/mPR9D4nxgy",,,,,,,,,
Hurricane Florence lol,,"No hurricane within 100 miles of where major hurricane #Florence is currently has ever made a direct landfall on the United States mainland. Does not mean it can't happen, rather historically it would be a really rare occurance: #wpsdwx https://t.co/AFJ9oQLd5N",,,,,,,,,
hurricane Florence is heading straight for the island and my professor just said “don’t worry the last time there was a hurricane nothing happened except I lost all my bananas”,,"Hurricane Florence, the first major hurricane of the year, could pose a threat to the US East Coast https://t.co/EVOiHIbI8N",,,,,,,,,
"FOX NEWS: Hurricane Florence forms far out over Atlantic, poses no immediate threat to land https://t.co/g5Ehz5yobE",,"Gordon weakens, Hurricane Florence gains strength on path toward Bermuda https://t.co/n0sBNaB9Pz",,,,,,,,,
Be prepared for #hurricaneflorence #Hurricane https://t.co/dcRvTdxQ7I,,"Gordon weakens, Hurricane Florence gains strength on path toward Bermuda https://t.co/mkokl3B69V",,,,,,,,,
Well the hurricane season has started. #florence,,"Gordon weakens, Hurricane Florence gains strength on path toward Bermuda https://t.co/6GHVSTw9a2",,,,,,,,,
Worth noting during this busy September in the #hurricane #season the area behind &amp; to SE of #HurricaneFlorence has high odds of forming https://t.co/ULEJKAiqwA,,"Gordon weakens, Hurricane Florence gains strength on path toward Bermuda https://t.co/ypNbWEVF7H",,,,,,,,,
BERMUDA-Florence intensifies to a Category 3 hurricane as it drifts towards Bermuda https://t.co/mIGHquOqU5 via @antiguanewsroom,,"Gordon weakens, Hurricane Florence gains strength on path toward Bermuda https://t.co/71rhMTXhC7",,,,,,,,,
2018 | Major Hurricane Florence [CAT3] | 125 mph | 957 mb https://t.co/mr9cRvAFTM,,"Hurricane Florence, the first major hurricane of the year, could pose a threat to the US East Coast - CNN https://t.co/SUCtv29zs8",,,,,,,,,
"As Hurricane Florence gains momentum, there have been many projections for this storm. Even though we do not know the path it will go, we all should be prepared. By following this link:... https://t.co/GBs3ync4hf",,"new post Gordon weakens, Hurricane Florence gains strength on path toward...,,https://t.co/lGxH2Rs5aq",,,,,,,,,
Hurricane #Florence ... must now seriously consider this storm a U.S. landfall threat ____ https://t.co/CHhHjf5fK3,,"Gordon weakens, #HURRICANE Florence gains strength on path toward Bermuda https://t.co/p8II9P7g1w #GPWX",,,,,,,,,
"FL Twitterverse
A heads up. 
There is a really well defined hurricane coming our way called Florence

&amp; more worrisome, a little unnamed disturbance on her coat tails

She has been moving differently, which is why Gordon got us over the weekend

Florence is already a hurricane",,"Gordon weakens, #HURRICANE Florence gains strength on path toward Bermuda https://t.co/kX3N2pKZfy",,,,,,,,,
"@Bolwadran Hurricane Florence, the first major hurricane of the year, could pose a threat to the US East Coast - CNN https://t.co/VG7vbJO1CR",,"Gordon weakens, #HURRICANE Florence gains strength on path toward Bermuda https://t.co/qZfbsFCPbV #FWCWeather",,,,,,,,,
"#HurricaneFlorence__ starting ta kick into 2nd gear! #SMDH__ @ Miami, Florida https://t.co/y464eokUqr",,"@NbergWX I looked last night at track history and you are 100% right. But Invest 92 near 10N . Better watch..  All i will say after last hurricane season A rare occurance went out the window. Records broke, Models way off.  Looking at MAPS not models Florence stays off shore.",,,,,,,,,
#HurricaneFlorence 12 hour loop. First major Atlantic hurricane of the season. https://t.co/VjBU311wIL,,Florence becomes first major hurricane of Atlantic season https://t.co/dsFkVY492p https://t.co/iJqrvBd6B7,,,,,,,,,
"Suomi NPP satellite sees Florence strengthening into a major hurricane - +GENERAL PHYSICS LABORATORY (GPL)

NASA-NOAA's Suomi NPP passed over strengthening Hurricane Florence in the Atlantic Ocean and observed powerful thunderstorms within a...

https://t.co/lktdfpA6Bi",,"Hurricane Florence, the first major hurricane of the year, could pose a threat to the US East Coast - CNN https://t.co/AUsKz8Gu38",,,,,,,,,
"Hurricane Florence, the first major hurricane of the year, could pose a threat to the US East Coast
https://t.co/b9ybQ15T2t",,Hurricane Florence: Should Fayetteville worry? https://t.co/ZQH1g2K192,,,,,,,,,
"Keep on eye on #HurricaneFlorence, Florida Bar members. __ https://t.co/0DwBLNa3y8",,I liked a @YouTube video https://t.co/Jqy66eULBc Why we Chose to Sail during Hurricane Season! (Hurricane Gordon &amp; Florence),,,,,,,,,
Here's a another way to visualize the uncertainty with the #Florence storm track. The distance between two outlying model spagehetti noodles is 3/4 of the distance the storm is from the US coast. #HurricaneFlorence #tropics https://t.co/GplWAkdhc7,,I liked a @YouTube video https://t.co/qAFMqihS4W Why we Chose to Sail during Hurricane Season! (Hurricane Gordon &amp; Florence),,,,,,,,,
"@lauraREAgent We are tracking hurricane Florence. Any impacts would happen in the  middle, 2nd half of next week",,Powerful Hurricane Florence Could Menace U.S. East Coast Next Week https://t.co/rbkRPZvwzc,,,,,,,,,
"Hurricane #Florence continues to strengthen today, despite cooler waters and moderate wind shear. She may track precariously close to the USA next week, but considerable uncertainty remains. Latest detailed breakdown: https://t.co/xQCpAEg2sB #tropics https://t.co/SaoaMokNPJ",,#Florence is now the first major hurricane of the year in the central Atlantic -- Wind at 130 mph. Still many days from any potential threat on the east coast... but we'll be watching it.,,,,,,,,,
https://t.co/fdxO88i7tO * Sue Bird * Hurricane Florence * Jeff Bezos * Piper Perabo * Jordan Belliveau * Brett Kavanaugh * Bobby Brown * Nadal * Bob Woodward * Zina Bash * Geoffrey Owens * Jon Kyl * Mayans * Massachusetts primary * Beyonce * College football rankings * Noah…,,Hurricane Florence could threaten the East Coast https://t.co/Ci6Hfh2U7z,,,,,,,,,
"#Florence becomes category 3, first 'major' #hurricane of Atlantic season
https://t.co/TLPbTzT2iT",,"Reuters:  Gordon weakens, Hurricane Florence gains strength on path towards Bermuda https://t.co/TBASEr8PgV",,,,,,,,,
Hurricane Florence has formed in the Atlantic -- as a Category 3 storm it has become the first major storm of the 2018 Hurricane Season. https://t.co/PY7DhnH9ps,,"GORDON FLOODING IN THE GULF STATES, FOCUS NOW ON MAJOR HURRICANE FLORENCE BILL GOODMAN JOINS US: https://t.co/NYssyRByhF via @YouTube",,,,,,,,,
"With increasing social media attention on #Florence, remember that it is still not even at 50 degrees longitude yet. It is more than 2,000 miles from the United States mainland. However, we're at the peak of hurricane season and we should ALWAYS be prepared for anything. #tropics",,"A satellite image shows Hurricane Florence on Wednesday, September 5. https://t.co/1WsEAxsGfA",,,,,,,,,
"Hurricane Florence, the first major hurricane of the year, could pose a threat to the US East Coast

https://t.co/5cGuTCqKLp",,"A great visual message being sent here on the future track of #Hurricane #Florence for the coming days. Thanks for sharing, @CraigSetzer! https://t.co/D9P8GTzEhG",,,,,,,,,
Hurricane Florence Is the Atlantic's First Major Hurricane https://t.co/vNHcl85OhB,,"Gordon weakens, Hurricane Florence gains strength on path toward... https://t.co/Z2yvLMx7LG",,,,,,,,,
"Hurr Florence, in the open Atlantic with winds of 125 mph, is a Category 3. The eye is 16 miles in diameter.  At this point, it does not look like it will enter the gulf, however the verdict is still out on whether or not it affects the East Coast. #12NewsWeatherCenter #12NewsNow https://t.co/0lK8vPRZF7",,"Hurricane Florence, the first major hurricane of the year, could pose a threat to the US... https://t.co/lngYCbo6cY",,,,,,,,,
#HurricaneFlorence could pose threat to East Coast by the middle of next week.,,hurricane florence,,,,,,,,,
#HurricaneFlorence could pose threat to East Coast by the middle of next week.,,"Gordon weakens, Hurricane Florence gains strength on path towards Bermuda: https://t.co/iIQ6idaiGW - https://t.co/rdkdZzYJ4X https://t.co/HWC8XAMomT",,,,,,,,,
#Suomi #NPP satellite sees #Florence strengthening into a major hurricane https://t.co/3yJHSMAuVO https://t.co/aMc07BFUvK,,"Even though #Gordon is no longer a tropical storm, the tropics sure are heating up! #Florence is a Category 4 hurricane in the central Atlantic. Behind that, two strong tropical waves are emerging off the coast of Africa. Both could develop... https://t.co/j8Ihwd0lQo",,,,,,,,,
"Hurricane Florence, the first major hurricane of the year, could pose a threat to the US East Coast
https://t.co/UwH81E9pHM",,"#Florence is a extremely strong CAT 4 Hurricane. 130mph winds, moving NW at 13mph. Still have a long ways to go, but some models show a recurve and OTS, while others bring it close to the E coast. As always, have a hurricane plan! https://t.co/lCQ7PBje27",,,,,,,,,
"__ “Florence is the first major Atlantic hurricane of the 2018 season”

https://t.co/uYdERMFuXM",,"Gordon is out and Florence is in as the next hurricane threat. 
https://t.co/uuLZkmTZth",,,,,,,,,
Category 3 Hurricane Florence rapidly strengthens and may threaten East Coast next week https://t.co/4AHxR4MHCU,,"Hurricane Florence, first major storm of Atlantic season, could hit East Coast next week https://t.co/Qr3Gu2KEbN https://t.co/naNauCBgir",,,,,,,,,
"While Florence is an obvious interest and threat, there are the remnants of Gordon to deal with as well and the potential for flash flooding.  Lot of topics to tackle!",,"Gordon weakens, Hurricane Florence gains strength on path toward Bermuda https://t.co/n9BLyNhcK2",,,,,,,,,
"Category 3 Hurricane Florence rapidly strengthens and may threaten East Coast next week
https://t.co/JWDwLMZSx5 https://t.co/ODSrwA6CWR",,Weather is out! https://t.co/YjwHA4ZQ4G #hurricaneflorence #hurricanemaria,,,,,,,,,
"Watching #Florence? You bet. 

Time to worry? Nope. To put into perspective how far away the hurricane is...it's still not even close to Bermuda 5 days from now. Bermuda should be starting to monitor it closely. https://t.co/efhpzppo9z",,"___ #LALATE ___  
#HurricaneFlorence Projected Path
LIVE! ____  https://t.co/zlaSFzpEoA
""Hurricane Florence"" 
#Florence ""Florence""",,,,,,,,,
"Hurricane Florence, the first major hurricane of the year, could pose a threat to the US East Coast @CNN https://t.co/8NGYbo8xR2",,Tracking the Tropics: Hurricane Florence: https://t.co/ZB2p8PHxnK via @YouTube,,,,,,,,,
"""Given the estimated maximum winds, Florence has been rapidly
 intensifying since yesterday, an event that was not foreseen by any
 intensity models, nor forecasters,"" National Hurricane Center. https://t.co/EWvMOm7CUX",,"Hurricane Florence, the first major hurricane of the year, could pose a threat to the US East Coast
https://t.co/NZJ0K6TRp7",,,,,,,,,
Florence becomes hurricane as it heads towards Bermuda. https://t.co/uamobZN313 https://t.co/zgGSQY8J4O,,I liked a @YouTube video https://t.co/QMdVb0qZvk Why we Chose to Sail during Hurricane Season! (Hurricane Gordon &amp; Florence),,,,,,,,,
"With Gordon moving across Mississippi and Florence in the Atlantic, we are reminded that there's no time like the present to prepare for a hurricane. Where #generators are concerned, remember, proper ventilation is key for a safe and uneventful use. https://t.co/4BU2POGNSC",,"Another storm a lot stronger than #Gordon is Hurricane #Florence, which is thankfully much farther from land! Still a lot of uncertainty in the forecast beyond 72 hours. https://t.co/JBTRLoSozG #WBBJ https://t.co/TFDC87LFEa",,,,,,,,,
"Thursday is looking like (another) active &amp; HOT day in #NEPA. Looking ahead...it may be time to give Hurricane Florence a little more attention. #PAwx #HurricaneSeason 

https://t.co/NgXJBtxVlT",,"Gordon weakens, Hurricane Florence gains strength on path toward Bermuda https://t.co/KXWyAmLlVy",,,,,,,,,
"I liked a @YouTube video https://t.co/lpeSLeEzCq Lots Going On! Hurricane Florence Hits CAT 3, Could Hit East Coast, Gordon To Take",,Great! Now we have our first Category 4 hurricane of this hurricane season in the Atlantic! ~Allen #Hurricane #Florence #HurricaneFlorence https://t.co/HAD6B0Y5n8,,,,,,,,,
"@RareCandace Dear, #HurricaneFlorence ... https://t.co/cV2Vd8TlwK",,I liked a @YouTube video https://t.co/SGQiL0lKBv Why we Chose to Sail during Hurricane Season! (Hurricane Gordon &amp; Florence),,,,,,,,,
#Florence isn't following the Flo of the intensity models. Shear doesn't seems to matter to her. Now a CAT 4 MAJOR HURRICANE. https://t.co/BWpGiyr5e2,,@NHC_Atlantic Is  Florence hurricane coming to  the  United state,,,,,,,,,
"Hurricane Florence, first major storm of Atlantic season, could hit East Coast next week https://t.co/zXYQo9ezmx https://t.co/lOvTrEtqpt",,"""Florence is the first major Atlantic hurricane of the 2018 season"" #florence https://t.co/gvTZ1YHIA2",,,,,,,,,
A satellite altimeter pass this morning confirms that wave heights 12 ft or greater now extend up to 210 nautical miles (NM) north and 120 NM south of the center of Major Hurricane Florence #Florence https://t.co/RZ4TL8yxJY,,Florence is now a major hurricane. ____,,,,,,,,,
"Hurricane Florence, the first major hurricane of the year, could pose a threat to the US East Coast

https://t.co/Ulmjg0lOPb",,"@greenrotgut @RealJamesWoods Will Congressman Hank Johnson lead an effort to move Bermuda out of the path of #HurricaneFlorence?

Without tipping over the island, I mean...",,,,,,,,,
RT wunderground: TONIGHT on #WUTV 5-9pmET the #Atlantic showing no signs of quieting down. TWCAlexWilson reports live from Pensacola for what's left of #Gordon. Meanwhile mikebettes &amp; DrRickKnabb discuss what's in store for Hurricane #Florence. Is it hea… https://t.co/27NzB31QgR,,Hurricane Florence Could Reach US’ East Coast Next Week https://t.co/8sXwAPV0d1 https://t.co/dVaFPud7oo,,,,,,,,,
"The #Atlantic is showing no signs of quieting down.  Meanwhile, what's in store for Hurricane #Florence?  Is it headed toward the U.S.?  Keep an eye on this… https://t.co/zoZ2rOyWci",,I added a video to a @YouTube playlist https://t.co/MTo9ExQVeQ (HD) HURRICANE FLORENCE:(Live Coverage)-TRACKING HURRICANE FLORENCE-The,,,,,,,,,
18Z initialization appears to show a cat 4 MAJOR hurricane in #Florence. Doesn’t seem to care about shear and dry air!,,Bro why is it raining so much SMH Damn  #Hurricane Florence https://t.co/PT8HGMViuD,,,,,,,,,
Florence Strengthens Into Atlantic's First Major Hurricane of 2018 #NewsGrit https://t.co/3GYhOXomIC,,@garyfox5dc Looks like it could be a bad. #TropicalStormFlorence #HurricaneFlorence #Hurricane #Florence,,,,,,,,,
@capitalweather It’s actually nice to see responsible reporting on Hurricane Florence (and not 7 day model runs of the GFS and Euro) so thank you for doing a good job.,,"I hope the #OBX doesnt get it.

#TropicalStormFlorence #HurricaneFlorence #Hurricane #Florence https://t.co/oY2LNp3OYD",,,,,,,,,
Florence is the first major Atlantic hurricane of the 2018 season #florence https://t.co/tnApInBhNo,,Governor Henry McMaster has declared a State Of Emergency for South Carolina ahead of Hurricane Florence. #SCEMD #BVFDDist7 https://t.co/TaKZpkleyi,,,,,,,,,
"Category 3 Hurricane Florence rapidly strengthens and may threaten East Coast next week
https://t.co/QaLuRYsovW",,"H/T to @ggweather for pointing this out... The 00Z ECMWF forecast for 12Z on FRI 14 SEP showed the eye of Hurricane Florence over Florence SC...

https://t.co/QD8ZB3LN6D https://t.co/IJOMMRQJNQ",,,,,,,,,
"Hurricane Florence is still way out in the Atlantic, but the Category 3 storm could threaten the US East Coast by late next week.

The first major hurricane of the 2018 season, Florence on... https://t.co/ZCStufs4t3",,Hurricane Florence is about to destroy Myrtle beach,,,,,,,,,
"Hurricane Florence is still way out in the Atlantic, but the Category 3 storm could threaten East Coast by late next week https://t.co/epB0DzT8LG",,"@OBXPhotos Smart move, I hope everyone stays safe in the #OBX

#TropicalStormFlorence #HurricaneFlorence #Hurricane #Florence",,,,,,,,,
"Hurricane FLORENCE bullying fish and sailors...
https://t.co/Jwmkla58OL
#HurricaneFlorence #StormGordon #seafarers #Atlantic #DauphinIsland #Alabama https://t.co/Sa6KuxApWC",,@Orig_lil_Grif me with hurricane florence. https://t.co/oWAiLF3Ltl,,,,,,,,,
"#Florence is now the first major hurricane of the Atlantic hurricane season. As we keep an eye on her track, @disastersafety explains 9 key areas of your home and how to prepare them for the height of hurricane season. https://t.co/DghdVSjV4c #Vawx #hurricaneprep #Wednesdaywisdom https://t.co/uBUelALqoP",,"Thank you South Carolina and North Carolina for graciously accepting Hurricane Florence.  It is greatly appreciated.  

Sincerely, The rest of the US East Coast.",,,,,,,,,
A moderate amount of Reynolds number symmetrical inflow transporting angular momentum into a hurricane with a properly sized vortex area (not too small or large) might enjoy moderate amounts of warm SST and shear for that balance. It's just an idea. #Florence,,"The National Hurricane Center said the ""risk of direct impact"" to by the storm that could become Hurricane Florence is increasing. https://t.co/OwmwyxVbvD via @HuffPost",,,,,,,,,
Category 3 Hurricane Florence without warning strengthens and might well perchance presumably presum https://t.co/z1AZxz51jp,,#NSWNAlerts #NSWNwx @NWS #HurricanePrep #hurricane #Florence #EastCoast follow @NSWNwx on Discord at https://t.co/meeLr6KSiJ https://t.co/PfcSQ4luPl,,,,,,,,,
The GOES satellite image/loop presentation leads me to believe that major hurricane Florence is now a Cat 4. Has cleared out its eye and has almost a buzzsaw appearance. #Florence #HurricaneSeason https://t.co/TRaiJ46ecA,,"Looks like Hurricane Florence is gonna be a monster. I could leave and hang out with friends but I would have to leave my mother and niece behind. My morals couldn't allow that. So whatever happens next week, I'll do the best I can.",,,,,,,,,
"Hurricane Florence is still way out in the Atlantic, but the Category 3 storm could threaten East Coast by late next week https://t.co/9rvoyL44wl #losangeles #News #RMRealtor #KTLA",,"EVERYONE IN NC LET’S PRAY we don’t get hit by hurricane Florence .. 
Jesus man __",,,,,,,,,
Category 3 Hurricane Florence rapidly strengthens and may threaten East Coast next week https://t.co/RNz4CtN4ID https://t.co/Bm5YCrYS6y,,"Heads up: all Hurricane FLORENCE updates from this point forward will be posted on the New Country 99.3 The Cat page - so please go there, like the page, and watch for updates. #prayhard",,,,,,,,,
"Lots Going On! Hurricane Florence Hits CAT 3, Could Hit East Coast, Gordon To Take Curved Path – DAHBOO77 https://t.co/fYk5hw1eCJ",,I liked a @YouTube video https://t.co/pqeuTejfdq 2pm et TWB is Live! Hurricane Florence Updates and Trivia!,,,,,,,,,
Hurricane Florence is our first major hurricane of the 2018 season in the Atlantic. Where will it go? https://t.co/wwg8Wg0deI https://t.co/PWILLwptPj,,"The National Hurricane Center said the ""risk of direct impact"" to by the storm that could become Hurricane Florence is increasing. https://t.co/NUYg36rWY9 via @HuffPost",,,,,,,,,
Hurricane Florence is our first major hurricane of the 2018 season in the Atlantic. Where will it go? https://t.co/hG0h7ZzF4A,,@iCyclone Hurricane Florence could possibly make history in the U.S.,,,,,,,,,
Hurricane Florence is our first major hurricane of the 2018 season in the Atlantic. Where will it go? https://t.co/JlRw7Oh6uy https://t.co/g64NCCePmu,,New European model run consistent w/ prior runs.  Strong Hurricane Florence approaching Carolinas next week.  Fairly close to Hurricane Center's current forecast https://t.co/EKVBXmFJxX,,,,,,,,,
Hurricane Florence is our first major hurricane of the 2018 season in the Atlantic. Where will it go? https://t.co/bzibmJzP9T,,"@pennstate2014 Yea, hurricane Florence is supposed to hit the east coast. It just said that most of the game will be with rain. We here in Hollidaysburg are under flood warnings. I don't worry about it I am in the 3rd floor of the building.",,,,,,,,,
Hurricane Florence is our first major hurricane of the 2018 season in the Atlantic. Where will it go? https://t.co/4ISaY0ZoeD,,HURRICANE FLORENCE: Please be aware and plan accordingly. https://t.co/atCLPuYN5Y,,,,,,,,,
Hurricane Florence is our first major hurricane of the 2018 season in the Atlantic. Where will it go? https://t.co/5lmPtNAlyZ,,Hurricane Florence prep: Here's how it could impact Greenville https://t.co/zJeandUMLP,,,,,,,,,
Hurricane Florence is our first major hurricane of the 2018 season https://t.co/3jqKKiWd2c https://t.co/O5bCjZ12IP,,South Carolina declares state of emergency to prepare for impact from Hurricane Florence https://t.co/cMX32M5x9g,,,,,,,,,
Hurricane Florence is our first major hurricane of the 2018 season in the Atlantic. Where will it go? https://t.co/jOZZphBQCY,,"#NYC: #Fall preview and Rainy weather through Monday. #Summer begins again Tuesday and lasts through Thursday. #Hurricane #Florence affects us for Friday/Saturday, whatever she may be at that point.",,,,,,,,,
Hurricane Florence is our first major hurricane of the 2018 season https://t.co/rQfhvvkvhA,,I liked a @YouTube video https://t.co/pwfxPhnrcJ Hurricane Florence forces Norwegian Dawn to Canada,,,,,,,,,
Florence is now the first major storm of the 2018 Atlantic hurricane season https://t.co/Y1EU84Hl3u,,"HRW 10th ANNUAL CONFERENCE AND HURRICANE FLORENCE
For now, the conference is going forward as scheduled. HRW will provide conference scheduling updates as the National Weather Service and local public safety authorities assess conditions. #HRWCon10 
https://t.co/NhGTl9DOLn",,,,,,,,,
"Hurricane Florence, first major storm of Atlantic season, could hit East Coast next week https://t.co/rltJ3Gnay9 https://t.co/sm8uOQmqvG",,"I just noticed that a lot of the racers with @Team_Penske live in the Carolinas. With Hurricane Florence headed their way eventually, I hope they'll be all right..",,,,,,,,,
"Hurricane names are pretty weak this year. Tropical Storm Gordan, Hurricane Florence. Hell Joyce is a name to come up.

Why can't we name these be more fear inducing? No one will evacuate for a Hurricane Joyce. People will evacuate for Hurricane Death Spiral Extreme Pain 2",,I liked a @YouTube video https://t.co/HCLSkPRAdZ NEW - Hurricane Florence to be CAT 5 - NHC,,,,,,,,,
#Florence will likely be a Category 4 by the next advisory. #Tropics,,Watching Hurricane Florence. Huge divergence between ECMF and GFS forecasts right now. GFS shows her parking offshore North Carolina for all of next weekend.,,,,,,,,,
Hurricane #Florence is now considered a serious U.S. landfall threat. The models are all over the place but if you live along the eastern seaboard or eastern gulf coast begin preparations now. Here's how: https://t.co/pythSaunK3,,Reboosting as it’s now looking more and more likely that parts of the Gullah/Geechee Cultural Heritage Corridor will experience impacts from Hurricane Florence https://t.co/mWoF8PV3wI,,,,,,,,,
Gordon playing so i need Hurricane Florence to come this way fr cause a nigga got classes I’m not tryna go to,,The Global Forecast System (GFS) which is a computer model used by the US National Weather Service (Shown Below) is showing Hurricane Florence... https://t.co/TpVl8ZXSnZ,,,,,,,,,
Hurricane Florence has become this year's first Major Hurricane. The GOOD NEWS is it is NOT coming towards the Pine Belt or South Mississippi. https://t.co/jCI8pv3bHR,,"It looks like Hurricane Florence is coming my direction.

But I'm not worried at all.  If it's like all past hurricanes, I'll just get a mildly bad storm.  I'm pretty far from the shore.",,,,,,,,,
hurricane-florence-becomes-first-major-storm-2018-atlantic-season. https://t.co/rV5xPKYcn9,,Thank you to @henrymcmaster for recognizing Harvest Hope in today’s press conference live streamed on the internet. We are heeding his advice and preparing for Hurricane Florence. Are you? #BePrepared #SCStrong #HurricaneFlorence #TeamSC @SCEMD @SCGrants https://t.co/tM9JgxGcve,,,,,,,,,
#HURRICANE Florence is our first major hurricane of the 2018 season in the Atlantic. Where will it go? https://t.co/F4D8E6BdG3 #GPWX,,The calm in Edisto before Hurricane Florence.  Beach day with my sisters https://t.co/a16mjwyi0C,,,,,,,,,
Strong Hurricane Florence moving toward Bermuda https://t.co/Fteq1rBipL https://t.co/1Ab152VV0i,,"Hurricane Florence appears to be closing in on America's East Coast:

https://t.co/QmAtD271Pt",,,,,,,,,
__HURRICANE ALERT__ Hurricane Florence is following up right behind Tropical Storm Gordon. We are now directly in the middle of peak hurricane season! Check out https://t.co/DJ7hLnNb5i… https://t.co/w8WxsDN8EG,,Huh. Wasn’t I hearing recently it wasn’t supposed to make landfall? #hurricane #florence @ South Carolina https://t.co/jxqq0aJ1jA,,,,,,,,,
Hurricane Florence heads toward the east coast with winds around 120 mph. https://t.co/WwDnGCfWRs,,"@TheEllenShow Please help save lives prior to Hurricane Florence. Small &amp; medium businesses, houses of worship and families can get #ReadyForIt at https://t.co/Ie3w4qdcVJ in just 10 minutes!!",,,,,,,,,
Hurricane Florence Could Hit The Carolinas Next Week https://t.co/QCm4ZAVgKA,,I liked a @YouTube video https://t.co/1479UHKalx Live Hurricane Florence update + 4 Other Atlantic Systems to watch + Hawaii,,,,,,,,,
"Hurricane Florence, the first major hurricane of the year, could pose a threat to the US East Coast @CNN https://t.co/T6LGDVcJpJ",,Please Share: Here is an update on the @RedCross’s efforts to prepare for the arrival of Hurricane Florence and tips to help you prepare. Visit https://t.co/MRXqY9CaXN for the full list of tips to help you #GetReadyVA ____ https://t.co/1FUc6sZVgu,,,,,,,,,
Florence becomes first major hurricane of Atlantic season https://t.co/WTRIW8fXk3 https://t.co/3lYnmq3OuT,,Hurricane Florence Engineered https://t.co/CgYZeRcaZi,,,,,,,,,
"The big talk in meteorology today is Hurricane Florence, way out in the Atlantic. has defied forecasting!  It intensified rapidly overnight while all our guidance said it would weaken or maintain.

Storms in Florence's... https://t.co/Sh0J12WmfV",,"It might be a beautiful day here in South Carolina, but as Hurricane Florence approaches we urge you to prepare now. Download the SCEMD app for checklist, the 2018 hurricane guide, evacuation routes, and the... https://t.co/RzG6bHGVnx",,,,,,,,,
"@FLO_FR Looks like friendly environment right now in Marseille.  On East Coast of US, they are watching Hurricane Florence to see which way it will go in the great Atlantic ocean.____",,I liked a @YouTube video https://t.co/GZTziFJSjb Hurricane Florence forces Norwegian Dawn to Canada,,,,,,,,,
Shit got real with Hurricane Florence https://t.co/Pq9L34e1rG https://t.co/9PSg3LrEdn,,Latest on #Hurricane Florence https://t.co/QcVd0GoPG1,,,,,,,,,
"LoL When the name of Hurricane __ is Florence (flourishing, flowery __) https://t.co/nG3HkIXy9D",,Carolinas Sr. Postponed Due to Hurricane Florence https://t.co/RuqdHXQXSY https://t.co/djanSjcYKT,,,,,,,,,
"Employer's responsibilities  don't stop at the door. Hurricane-Related Hazards Blow In for Employers — with #HurricaneFlorence tracking toward the East Coast, follow these timely tips from @BethZoller1 of @XpertHR_USA. https://t.co/z7RvSpdMIl https://t.co/wddXUldykL",,@NewsDaytonaBch any news on Hurricane Florence making it to Daytona Beach???  New to the area and I've been trying to follow the models on the weather channel.,,,,,,,,,
"With so much uncertainty in the forecast for Hurricane Florence, we've bumped the threat level up slightly to ""watch it closely.""  No reason for concern, but make sure you keep up with latest forecast track... https://t.co/bMcZN10CJA",,"The National Hurricane Center said the ""risk of direct impact"" to by the storm that could become Hurricane Florence is increasing. https://t.co/8I0xffbqsi via @HuffPost",,,,,,,,,
"Hurricane Florence is coming... maybe. Flo, you finally got something with your name on it!! https://t.co/rWwqx82sHC",,#Hurricane #Florence: massive #flooding in the area if the scenario plays out and hurricane stalls for few days. #NCwx #VAwx #SCwx https://t.co/2beR8SELk7,,,,,,,,,
Hurricane Florence is now the strongest hurricane of the 2018 Atlantic season. Here's the latest track @CBS12 https://t.co/MglgrFpKMm,,"Are you prepared for an event like Hurricane Florence?

Is your household prepared for emergencies? It is never too early to have you and your family prepared for whatever comes our way. 

https://t.co/kcRB1IcKVN https://t.co/I7061uS0u4",,,,,,,,,
Hurricane Florence Might Be Headed For Canada https://t.co/0T3xQdy6wV,,"#ALERT If you live on the US East Coast (especially North Carolina, South Carolina, Georgia, Florida &amp; Virginia), don't panic, but be prepared. #hurricane #florence",,,,,,,,,
"With Hurricane Florence being the first major storm of the 2018 season, please ask yourself, “am I truly prepared?” These #hurricaneharvey photos do little justice in showing how fierce… https://t.co/qtPHn5c1pt",,Crazy hurricane FLORENCE 2018 | News Update | Weather channel live https://t.co/1wuIxMgLTK via @YouTube,,,,,,,,,
"Still 'hoping' for a recurve from Major Hurricane #Florence, but models are still trending farther west.   I'll have the latest and break down the forecast models and what it means for the U.S. east coast live at 4pm. https://t.co/3FL4vKUBkQ",,"Me:  knows all about Hurricane Olivia

Also me: **shocked to discover the Governor of SC has declared a state of emergency in anticipation of Hurricane Florence. ** 

I need to watch more local weather vs. My twitter TL. https://t.co/Brqxw8xvbx",,,,,,,,,
Simply stunning! The NHC will upgrade #Florence to a Category 4 hurricane with the next advisory. https://t.co/0oc1b8KZH4,,Hurricane Florence: State of emergency declared in South Carolina - Myrtle Beach Post https://t.co/HFwlnUvCOR,,,,,,,,,
This is going to be a long week of forecasting. #HurricaneFlorence,,"GEORGETOWN COUNTY, SC (WMBF) — Georgetown and Horry County governments moved to Operating Condition (OPCON) 4 Saturday in preparation for potential impacts related to Hurricane Florence. Both counties ... https://t.co/MF492IYxI9 https://t.co/eMO7ytT8GB",,,,,,,,,
"Before posting photos of #Hurricane model runs, remember that they are NOT forecasts and should never be treated as such. Careless. I’m not posting my thoughts until we get much closer to any possible impacts. #Florence #tropicalwx",,"Hurricane Florence is heading for the East Coast of America, North Carolina already in a state of emergency. https://t.co/x2d9UNGMvn",,,,,,,,,
"@jessepstein Just eating popcorn and watching forecast models track hurricane  #Florence Pretty much just shit show until we get past Sat, then it’s time to get serious or move on. https://t.co/JRpoGexyPr",,Hurricane Florence______. Go the other way.. Dreamville Fest is next weekend sis .,,,,,,,,,
"Simply stunning! The NHC will upgrade #Florence to a Category 4 hurricane with the next advisory. 
Credit: @hurrtrackerapp https://t.co/nh1qGHoMpr",,"Hurricane Florence Grab Bag Sale! 
Sale ends noon Tuesday!

You select your size, we do the rest. (we choose the shirts for you.) 
Order 3 shirts for $35, or 5 shirts for $50. 

Click on the photos for more info. Or visit https://t.co/a1hHOjQyBW and search Grab Bag.",,,,,,,,,
"Hurricane Florence, the first major hurricane of the year, could pose a threat to the US East Coast @CNN https://t.co/HcZnuSISLu",,"Storm Front 

Topic: Hurricane Florence

""If you live anywhere along the East Coast, you want to be paying attention, because even if you (aren't at) the main landfall point, you're still likely to have impacts, including heavy rain and rip currents."" https://t.co/cIqjVUYjWI",,,,,,,,,
Hurricane #Florence and the Machine https://t.co/FVGX26ePNZ,,"East Coast folks, heads up, hurricane #Florence is approaching. __ https://t.co/CKLKNzN7RS",,,,,,,,,
"Florence is still thousands of miles off the coast, but the first major hurricane of the 2018 Atlantic season is gaining strength.
https://t.co/k7y3WmhSkR",,Hurricane Florence 2018,,,,,,,,,
"#mainlandbias or forgot Hurricane Lane already? Other news outlets specify Atlantic season. ""Hurricane Florence, the first major hurricane of the year, could pose a threat to the US East Coast @CNN https://t.co/TwbpDtam8x""",,Lolll I’m in a public area and everyone’s phones emergency alerts are going off letting us know to prepare for hurricane Florence,,,,,,,,,
Hurricane Florence: First Major Hurricane Of The 2018 Atlantic Season https://t.co/ApKdYUrLc5,,Brand new 5:00pm track update from NHC. Major Hurricane #Florence forecast to be approaching the Carolinas on Thursday. https://t.co/pJyNAlXfa1,,,,,,,,,
Category 3 Hurricane Florence rapidly strengthens and may threaten East Coast next week - The Washington Post https://t.co/WoBnjCTrDr,,I liked a @YouTube video https://t.co/N0h7v5HzNC Sep 7th| Hurricane Florence Strengthens For East Coast &amp; Tropical Storms Coming 2018,,,,,,,,,
"And last but not least, our final category was ""Most Original Use of Games as Medium"". And the winner is...

One Hour One Life by @jasonrohrer!

Runners up:
Florence by @mountainsgames 
Cyberpet Graveyard by @alienmelon",,Brand new 5:00pm track update from NHC. Major Hurricane #Florence forecast to be approaching the Carolinas on Thursday. #HurricaneFlorence https://t.co/nOx7mI40Qt,,,,,,,,,
"I liked a @YouTube video https://t.co/tCl37TwQS2 Lots Going On! Hurricane Florence Hits CAT 3, Could Hit East Coast, Gordon To Take",,I’m going to feel some way if Hurricane Florence mess up my upcoming week &amp; weekend.,,,,,,,,,
@ledbetter24 Lots of time (like 10 days) before this lady decides where she will visit... #HurricaneFlorence,,Hurricane Florence could be heading for the East Coast—but she’s a tough storm to track https://t.co/r72yGWNvR4 https://t.co/Ig3IuSwQ4g,,,,,,,,,
Hurricane Florence is gonna make the next 10 days interesting... #GoOutToSeaPlease,,Hurricane Florence could reach US' East Coast next week: https://t.co/Kn7DSPm8pT via @AOL,,,,,,,,,
#Bermudians were upgrading their storm supply kits as Hurricane Florence intensified on Wednesday to a powerful Category 3 storm packing maximum sustained winds of 125 miles per hour (mph) as it continued to drift towards the British Overseas Territory.... https://t.co/j5auYflXRZ,,"@SCmomster Hurricane Florence!  I am telling it to go north straight out to sea,",,,,,,,,,
"It's fair to say, hurricane season is well underway. #hurricaneseason #hurricanerhymes #Gordon #Florence #Helene https://t.co/dUPZ8qPQ3O",,Both North Carolina and South Carolina are under a State of Emergency in anticipation of what will be major Hurricane #Florence. Hurricane preparations should be underway and plans should be made!,,,,,,,,,
"__ “Florence is the first major Atlantic hurricane of the 2018 season”

https://t.co/YB9lalS3Hz",,It's time to start preparing for a possible Hurricane Florence https://t.co/Ggtq5mmNDV,,,,,,,,,
"Hurricane #Florence becomes the first major hurricane of the Atlantic season today with category 3 strength. Florence is projected to head northwest over the next several days, but forecast models are struggling on whether it has a direct U.S impact or not. Stay tuned. https://t.co/P90BWoyqUr",,Keep an eye on these storms folks. They are lining up as we reach the heart of hurricane season. Jacksonville up through the Carolinas should be prepping now for Hurricane Florence. https://t.co/qu84ZSRn3j,,,,,,,,,
"Hurricane Florence, the first major hurricane of the year, could pose a threat to the US East Coast - CNN - https://t.co/n63OZRYNgU",,Hurricane Florence is taking my hurricane virginity,,,,,,,,,
Possible hurricane next week? Come on Florence I need some time off,,"This time last year we were preparing for hurricane Irma. Now we are preparing for hurricane Florence. 
#ThisNotFunny",,,,,,,,,
The latest guidance shows that Hurricane Florence will move to the west in the general direction of the east coast. Way too early for many more details! Will be ironed out over the next week! -&gt; https://t.co/d73scyhU0x,,"Chris Justus, Meteorologist with the latest on Hurricane Florence! https://t.co/47gEDbC2Sf",,,,,,,,,
"__ “Florence is the first major Atlantic hurricane of the 2018 season”

https://t.co/ki7O1tMZ17",,Yeah Hal 9000 got this one wrong for sure. #TropicalStormFlorence #HurricaneFlorence #Hurricane #Florence https://t.co/sexz532wPR,,,,,,,,,
"Hurricane Florence, the first major hurricane of the year, could pose a threat to the US East Coast CNN

Natural disasters are from ALLAH 
Deeds need to be repaired 

Can't blame Muslims for that too
#istaghfar",,Oh definitely. #TropicalStormFlorence #HurricaneFlorence #Hurricane #Florence https://t.co/g8dxCRNOMK,,,,,,,,,
"Just a tropical storm yesterday, Florence becomes major category 3 hurricane in the Atlantic Ocean.",,"""We should take Hurricane Florence and push it somewhere else! https://t.co/RoLlfEhjsI",,,,,,,,,
Atlantic Tropics will stay active over next couple of weeks with Hurricane #Florence in the mid-Atlantic &amp; a couple of waves coming off the African Coast. Might see a new tropical depression identified soon. Florence may be a US East Coast threat down the road. @KATCTV3 #tropics https://t.co/e7orD4CrNW,,This looks serious! #TropicalStormFlorence #HurricaneFlorence #Hurricane #Florence https://t.co/P1jyx2PR69,,,,,,,,,
"https://t.co/EFNUgnecKQ Hurricane Florence, the first major hurricane of the year, could pose a threat to the US East Coast https://t.co/wReYVgU8lO",,Come join us~LIVE NOW- Hurricane Florence Track and Updates https://t.co/CwORfRiSKY via @YouTube,,,,,,,,,
"The first major hurricane of the 2018 season is on it's way, Hurricane Florence. Make sure you are prepared before it hits and your Mega-Catch is sheltered. https://t.co/aeDHCJOVmI",,"Welcome to South Carolina, prep for a hurricane. #Florence",,,,,,,,,
Florence strengthens to category 3 hurricane https://t.co/c1YiOhY63Q,,I liked a @YouTube video https://t.co/0uFuRE6ES7 LIVE - Hurricane Florence Track and Updates,,,,,,,,,
"#HurricaneFlorence #YouCantHandleTheTruth #ShareThisNow
Weather Warfare | Why Hurricane Florence news announced on Sep. 5 +North Carolina / East Coat threat
https://t.co/c8HUzzXyop",,Here is the latest forecast track for soon-to-be Hurricane #Florence  East coast: Get prepared. Be safe; not sorry. #scwx #ncwx https://t.co/kjP5CFfhL4,,,,,,,,,
"#HurricaneFlorence is on a track toward the East Coast. #HR pros and employers should consider these best practices from @XpertHR_USA for preparing for hurricanes, minimizing risk and protecting employees. https://t.co/f40OIVN7nm https://t.co/6UAumzNpvb",,"The risk of Hurricane Florence affecting the Southeast has increased from Florida to the Carolinas, the National Hurricane Center said. https://t.co/JlPgQy7WIy",,,,,,,,,
Hurricane Florence is our first major hurricane of the 2018 season in the Atlantic. Where will it go? https://t.co/5HglyPzS3T,,"Gov. McMaster declared SC in a state of emergency. If you haven’t already, start preparing for Hurricane Florence impacting the state. For more info on hurricane preparedness tips, please visit https://t.co/Ru5jQBPEJB. Stay tuned to our FB and Twitter for updates.",,,,,,,,,
Hurricane #Florence Advisory 26: Florence Strengthens Into a Category 4 Hurricane. https://t.co/VqHn0uj6EM,,"The risk of Hurricane Florence affecting the Southeast has increased from Florida to the Carolinas, the National Hurricane Center said. https://t.co/R4xlfylu1X",,,,,,,,,
Hurricane #Florence ADVISORY 26 issued. #Florence strengthens into a category 4 hurricane. https://t.co/sx3pkQmTL3,,"The risk of Hurricane Florence affecting the Southeast has increased from Florida to the Carolinas, the National Hurricane Center said. https://t.co/v3pZdXQzLA",,,,,,,,,
"Please Refer to official NWS products

500 PM AST Wed Sep 05 2018

...FLORENCE STRENGTHENS INTO A CATEGORY 4 HURRICANE...

SUMMARY OF 500 PM AST...2100 UTC...INFORMATION... https://t.co/M0DMJstCmq",,"The risk of Hurricane Florence affecting the Southeast has increased from Florida to the Carolinas, the National Hurricane Center said. https://t.co/2eg6fDlFyD",,,,,,,,,
Here is the Hurricane Florence forecast for the East Coast from the one and only @bengravyy #dontbelievethehype #dontbelievethehypeitsasequel #surflife #eastcoast https://t.co/a923Coi83E,,"With the approach of Hurricane Florence, South Carolina and North Carolina declare states of emergency https://t.co/37DdAA4Ofn",,,,,,,,,
Hurricane #Florence is now a category 4 hurricane in the open Atlantic. #FirstAlertWX,,Track Hurricane Florence with New ClimateViewer 3D! https://t.co/Hh9dNZMYuE via @YouTube,,,,,,,,,
Hurricane Florence is now a Cat 4 with winds of 130 MPH.,,"The risk of Hurricane Florence affecting the Southeast has increased from Florida to the Carolinas, the National Hurricane Center said. https://t.co/6VUHBp3acF https://t.co/fy0Fy7q5KM",,,,,,,,,
#HurricaneFlorence is now a Cat 4 ________,,"@Ella__Dorsey Hurricane Florence, all hype or storm of the century?",,,,,,,,,
"#BREAKING: Hurricane Florence strengthens to Category 4 status, with winds to 130 mph!",,South Carolina declares state of emergency to prepare for impact from Hurricane Florence - https://t.co/G9FJknOUil,,,,,,,,,
Hurricane Florence Wind Speed Probabilities Number 26 https://t.co/Av9TIrGt0R #ek3tech #ilovejax #stormwatch,,Gov. Cooper declares State of Emergency in NC ahead of Hurricane Florence https://t.co/TYDCiR4R9y | They've already declared a state of emergency.,,,,,,,,,
Hurricane Florence Public Advisory Number 26 https://t.co/qeka3p88YS #ek3tech #ilovejax #stormwatch,,How wide is hurricane Florence?,,,,,,,,,
Hurricane #Florence strengthens Into a Category 4 Hurricane. https://t.co/ikX58S0vVf,,"6:00pm update regarding Tropical Storm (soon to be again Hurricane) Florence. Currently Maryland is not under any tropical storm/hurricane watches or warnings, however now is the time to prepare your residences for the... https://t.co/vsJc16V7n6",,,,,,,,,
#HurricaneFlorence is not a Category 4 Hurricane. Sustained winds of 130 MPH. https://t.co/WtDBWOuWOz,,LIVE - Hurricane Florence Track and Updates https://t.co/cgCR1sz9Yn,,,,,,,,,
Here's the latest on Hurricane Florence that we are tracking. Stay updated by clicking on https://t.co/FHN2k2TDbr and looking in the HURRICANE SEASON 2018 section. #ecarwx https://t.co/2doHRfv1o8,,(UPDATED 4:50PM 9/8/18) Preparations being taken for Hurricane Florence  https://t.co/f9S7EPhewF  #ncwx #hurricaneflorence,,,,,,,,,
#Florence up to Category 4 strength way out there in the Atlantic. Strongest hurricane of the season so far -&gt; https://t.co/HtM7CLnLz1,,"hurricane matthew: 2016
hurricane irma: 2017
hurricane florence: 2018",,,,,,,,,
".@Mike_Clay Here is the 5 pm Advisory on Major Hurricane Florence, now up to a category 4 (based on satellite data). #flwx https://t.co/ZViT0JQC3S",,"@Chuckjagger824 my whole state is in a panic, Hurricane Florence appears to be coming our way",,,,,,,,,
Here's the latest on Hurricane Florence that we are tracking. Stay updated by clicking on https://t.co/FSH3Vgh6pX and looking in the HURRICANE SEASON 2018 section. #ecarwx https://t.co/KalmgfZfzD,,I liked a @YouTube video https://t.co/2CTDG8hWes LIVE - Hurricane Florence Track and Updates,,,,,,,,,
Florence becomes the first major hurricane of the 2018 Atlantic season as two other tropical waves emerge.  #StormTrac #CBS12News #Hurricane https://t.co/yRLAM52LD1,,"Hurricane Florence 2018, TMZ, Georgia football, ...",,,,,,,,,
Keep up with the latest info on Hurricane Florence in this afternoon's @RUtvWW forecast #hurricane #tropics #cyclone #atlantic #tropical #storm https://t.co/3FD1IsT30P,,Me gustó un video de @YouTube https://t.co/D1mayHrF7J Crazy hurricane FLORENCE 2018 | News Update | Weather channel live,,,,,,,,,
Hurricane Florence is now Category 4....let's celebrate https://t.co/T7bYAjeLFH,,This is not good. #TropicalStormFlorence #HurricaneFlorence #Hurricane #Florence #HurricaneStrong #TropicalStormIsaac #TropicalStormHelene https://t.co/3W0ug83Xn6,,,,,,,,,
RT via .NHC_Atlantic: Hurricane #Florence Advisory 26: Florence Strengthens Into a Category 4 Hurricane. https://t.co/ChokS5Mnv8 #HurricaneSeason,,"Hurricane Florence could be ‘full-state event,’ including York Co., S.C. official say https://t.co/ird0VTYcsz",,,,,,,,,
Hurricane Florence Public Advisory Number 26 https://t.co/aLHLfT5T9A,,"grOw/cinema, Episode VIII MAY BE DELAYED in its release (I was hoping for Fri Sept 14, or Sat Sept 15) due to Hurricane Florence. Still days out (so the track could change) and currently showing to come REAL close to me on Thu/Fri Sept 13-14. Power loss will prevent a release.",,,,,,,,,
New: Hurricane #Florence was just upgraded to a category 4 #hurricane.  I've got the updated forecast cone as it moves over the Atlantic in less than 9 minutes on @NBC2. https://t.co/YerSiRxmJ3,,LIVE - Hurricane Florence Track and Updates https://t.co/x4ZRCvUNUI via @YouTube,,,,,,,,,
"__ “Florence is the first major Atlantic hurricane of the 2018 season”

https://t.co/pFnSX2pDhA",,Hurricane Florence odds of striking the east coast are increasingly likely. __,,,,,,,,,
BREAKING:   Hurricane Florence Strengthens Into a Category 4 Hurricane.  Latest @StormFurey @WTNH,,LIVE - Hurricane Florence Track and Updates https://t.co/oMvktQpvc6 via @YouTube,,,,,,,,,
"Florence now a category 4 hurricane, the most intense of the 2018 season (so far).  Still too early to tell U.S./Bermuda impacts, but we'll keep you posted! https://t.co/pUHjB9Phdj",,"Going a little more north.

#TropicalStormFlorence #HurricaneFlorence #Hurricane #Florence #HurricaneStrong #TropicalStormIsaac #TropicalStormHelene https://t.co/HzXJdRRqIX",,,,,,,,,
#Florence upgraded to a Category 4 with winds up to 130 mph #FirstAlertWX @WOKVNews https://t.co/2MCWq4BZ6c,,"Hurricane Florence Tropical Discussion: September 8, 2018 https://t.co/5xBg3vy5oX",,,,,,,,,
"__ “Florence is the first major Atlantic hurricane of the 2018 season”

https://t.co/u0rYlOETlk",,I added a video to a @YouTube playlist https://t.co/t1W8sDeKgB Hurricane Florence Update 2018 Sat 2pm,,,,,,,,,
#firstalertwx Florence upgraded to a Category 4 with winds up to 130 mph @WOKVNews https://t.co/72AzbnpA13,,"Virginia has declared a State of Emergency in preparation for Hurricane Florence. As a precaution, please review the evacuation information to ensure you know your zone should it be necessary: https://t.co/9upcZ91VG3",,,,,,,,,
FLORENCE STRENGTHENS AGAIN Hurricane Florence has strengthened into a category 4 storm with 130 mph winds near the center as it continues to move NW toward Bermuda https://t.co/KXRv9Jmwbd,,"@theESTONphoto Wait, a hurricane Florence is en route to VA?!",,,,,,,,,
Hurricane #Florence now a category 4 storm in Atlantic. Movement is NW 13 mph. https://t.co/zVgN2WzTaF,,"Dear Hurricane Florence, https://t.co/3uXb4lHx78",,,,,,,,,
Hurricane Florence Wind Speed Probabilities Number 26 https://t.co/udUBqMnUEU,,Track Hurricane Florence as she approaches the US East Coast. Contact your cruise line directly for any itinerary or time changes for your upcoming cruises. https://t.co/uZMG38HvoM,,,,,,,,,
Hurricane Florence Forecast Advisory Number 26 https://t.co/4jRyEf3rIg,,"While #Hurricane #Florence is not currently expected to directly hit Alabama, it is a great reminder to prepare ourselves for future storms which may. Find plentiful resources here on how to stay #AlwaysReady: 
https://t.co/cx057vVFk7",,,,,,,,,
Hurricane Florence Public Advisory Number 26 https://t.co/6myPudpbGM,,Hurricane Florence Is Ready To Impact The SE Coast. https://t.co/Tx37Pq5p3N https://t.co/7EVdAQpJhx,,,,,,,,,
Hurricane Florence Forecast Advisory Number 26 https://t.co/3zngMBnAl9,,Looks like Hurricane Florence is probably going to hit the East Coast. A good site to track Florence and other information about it.... https://t.co/E3wqbNG6OP,,,,,,,,,
Hurricane #Florence now a category 4 storm in Atlantic. Movement is NW 13 mph. https://t.co/30pgqxd2w9,,LIVE - Hurricane Florence Track and Updates https://t.co/mbslRlw6oR via @YouTube,,,,,,,,,
Hurricane Florence is a Category 4 https://t.co/BzLDuxXgh7,,__ LIVE - Hurricane Florence Track and Updates https://t.co/QfZwj1XoOX,,,,,,,,,
Hurricane season is now in full swing with Gordon and now Florence brewing in the Atlantic. FEMA's https://t.co/bBPPZw54zy  is an excellent resource for hurricane and disaster preparedness. #LifeSafety  https://t.co/ozsDDHb5GY,,Bracing for Hurricane Florence https://t.co/7bH7wtilZd via @OcracokeObserver,,,,,,,,,
RT NH_HSEM: #Hurricane #Florence could track toward #NH next week. #PrepareNow. Stay tuned to your local news for updates or use an emergency alert notification service like NH Alerts to stay informed.  Go to https://t.co/O7mkP84CWQ for more info.  #Rea… https://t.co/iERQlBKyJ0,,Hurricane Florence Is Ready To Impact The SE Coast. https://t.co/R0pt7CTCXi https://t.co/MgCZBXc18b,,,,,,,,,
BREAKING: Hurricane #Florence reaches Category 4 intensity. Winds now up to 135 mph. @WFLA @StormTeam8WFLA https://t.co/woVwxN51wm,,I liked a @YouTube video https://t.co/AkcMFI7L5s *HURRICANE FLORENCE* STATE OF EMERGENCY! SOUTH &amp; NORTH CAROLINA HELENE &amp; ISAAC Form!,,,,,,,,,
"Hurricane Florence Graphics https://t.co/MRsn5Nj1md 
5-Day Uncertainty Track last updated Wed, 05 Sep 2018 20:33:46 GMT

Wind Speed Probabilities last updated Wed, 05 Sep 2018 20:33:46 GMT",,Well hurricane Florence is getting serious...Dad just got offered paid standby starting now and want him in Alabama on Tuesday...,,,,,,,,,
Hurricane Florence Wind Speed Probabilities Number 26 https://t.co/pMekc5ys77 Issued at 2100 UTC WED SEP 05 2018,,LIVE - Hurricane Florence Track and Updates https://t.co/8Ze1WQ9U7b,,,,,,,,,
"Summary for Hurricane Florence (AT1/AL062018) https://t.co/pQ8abOzCrM 
  ...FLORENCE STRENGTHENS INTO A CATEGORY 4 HURRICANE...
 As of 5:00 PM AST Wed Sep 5
 the center of Florence was located near 22.7, -46.6
 with movement NW at 13 mph.
 The minimum central pressure was 953 m…",,"The National Hurricane Center said the ""risk of direct impact"" to by the storm that could become Hurricane Florence is increasing. https://t.co/sWE7NE2xaz # via @HuffPost",,,,,,,,,
Attention East Coast US: models are starting to depict and Westward shift of Hurricane Florence. Anywhere from North Carolina to Maryland should stay up on the news for the next week or so.__,,I liked a @YouTube video https://t.co/PMaI6ngYie LIVE - Hurricane Florence Track and Updates,,,,,,,,,
Hurricane Florence is our first major hurricane of the 2018 season in the Atlantic. Where will it go? https://t.co/qbUaVqwI7A,,Hurricane Florence Could Be Heading For U.S. East Coast: _ https://t.co/LdLZUPCeym   #EastCoast,,,,,,,,,
"@StormTeam2WCBD Hurricane Florence UPDATE as of 5pm on Wednesday. Florence is now a Category 4 Hurricane, with winds of 130mph.  The storm is moving NW at 13 mph, and is roughly 1300 miles ESE of Bermuda. StormTeam2 is keeping close watch on the Tropics. https://t.co/jza4nKPr99",,"I liked a @YouTube video https://t.co/VVeuPZngXb Hurricane Florence Tropical Discussion: September 8, 2018",,,,,,,,,
_NOAA HURRICANE CENTER Atlantic_Hurricane Florence Forecast Advisory Number 26 https://t.co/hMaimv0EuB,,,,,,,,,,,
_NOAA HURRICANE CENTER Atlantic_Hurricane Florence Wind Speed Probabilities Number 26 https://t.co/HwU8awSIAW,,,,,,,,,,,
"JUST IN: Hurricane Florence strengthens to Category 4 storm with 130 mph winds, NHC says; swells generated by Florence will begin to affect Bermuda on
Friday, ""causing life-threatening surf and rip current conditions.""",,,,,,,,,,,
A look at the 12z UKMET ensembles for what is now category 4 Hurricane #Florence. Still lots of time to watch __ https://t.co/ztwNUgnRvi,,,,,,,,,,,
Hurricane Florence Wind Speed Probabilities Number 26 https://t.co/tfXZfF2uN9 #ek3tech #ilovejax #stormwatch,,,,,,,,,,,
Hurricane Florence Graphics https://t.co/DXj1r1ic4L #ek3tech #ilovejax #stormwatch,,,,,,,,,,,
Summary for Hurricane Florence (AT1/AL062018) https://t.co/qeka3p88YS #ek3tech #ilovejax #stormwatch,,,,,,,,,,,
Hurricane Florence Forecast Discussion Number 26 https://t.co/JJEmUIJ5n1 #ek3tech #ilovejax #stormwatch,,,,,,,,,,,
Category 3 Hurricane Florence rapidly strengthens and may threaten East Coast next week - Washington Post https://t.co/ltNYGvhsYz https://t.co/CMtfIulNiT,,,,,,,,,,,
Category 3 Hurricane Florence rapidly strengthens and may threaten East Coast next week - Washington Post https://t.co/nQovr7jdm4 https://t.co/Ksbc92apRT,,,,,,,,,,,
Category 3 Hurricane Florence rapidly strengthens and may threaten East Coast next week - Washington Post https://t.co/f64zviW5Fd https://t.co/uumqtJl2UH,,,,,,,,,,,
Where have I been.. category 4 didn’t even know Florence existed https://t.co/6tqvWaYDhu,,,,,,,,,,,
The latest The American Restoration Daily! https://t.co/LvDxUnNu50 #fromthearchives #hurricaneflorence,,,,,,,,,,,
damn Hurricane Florence a category 5 already.,,,,,,,,,,,
"FLORENCE NOW CATEGORY 4 HURRICANE

Florence has gained even more strength this afternoon and is now a Cat. 4 hurricane at 130 mph winds.  There's still quite a bit of uncertainty with the track forecast, but we'll give you the first alert to any changes! https://t.co/Su5sGN90TV",,,,,,,,,,,
The models were seriously wrong on Hurricane Florence https://t.co/4d0JdpiUjP https://t.co/qrmIvBC4qY,,,,,,,,,,,
"FLORENCE NOW CATEGORY 4 HURRICANE

Florence has gained even more strength this afternoon and is now a Cat. 4 hurricane at 130 mph winds.  There's still quite a bit of uncertainty with the track forecast, but we'll give you the first alert to any changes! https://t.co/vtc6bbo4YZ",,,,,,,,,,,
Hurricane Florence Graphics https://t.co/ohrn7J3Mgu,,,,,,,,,,,
Hurricane Florence Graphics https://t.co/teZqXT743f,,,,,,,,,,,
RT WeatherNation: #BREAKING Hurricane #Florence now at Category 4 and barreling northwest over the Mid-Atlantic Basin https://t.co/KUmCKJMwWa,,,,,,,,,,,
Latest group of simulations from European model bring Hurricane #Florence uncomfortably close to East Coast next week. Still a week-plus away- which is an eternity in forecasting.  More: https://t.co/eTFa2uGhzy https://t.co/dIc5BKYahB,,,,,,,,,,,
"Florence upgraded to Category 4 Hurricane 

__ https://t.co/NL6NM0AC01",,,,,,,,,,,
"Per the 5 PM update, #Florence is now a category 4 hurricane. The 25 to 30 kt wind shear environment it is traveling through is not even phasing it. We saw the impact wind shear had on #Lane. @weatherguy4life https://t.co/NmGEI6fHZ1",,,,,,,,,,,
_NOAA HURRICANE CENTER Atlantic_Hurricane Florence Graphics https://t.co/8cZD0ggDip,,,,,,,,,,,
_NOAA HURRICANE CENTER Atlantic_Hurricane Florence Wind Speed Probabilities Number 26 https://t.co/13fCfP7QNR,,,,,,,,,,,
_NOAA HURRICANE CENTER Atlantic_Summary for Hurricane Florence (AT1/AL062018) https://t.co/hgm7ynTQQ8,,,,,,,,,,,
Hurricane #Florence upgraded to a Category 4 storm with 130 mph winds. Storm to stay out to sea for the next week...thereafter questions remain on whether it curves into Atlantic or gets blocked by a ridge of high pressure that could shuttle close to the US down the road #tropics https://t.co/NlqTEDcq8V,,,,,,,,,,,
NEW: #Florence now a Category 4 Major Hurricane. Expected to continue tracking northwest over the next few days. Latest: https://t.co/xQCpAEg2sB #tropics https://t.co/8l9dP9BcEz,,,,,,,,,,,
#Florence now a Category 4 hurricane with maximum sustained winds of 130 mph. Movement to the NW at 13 mph. https://t.co/t0hWKlTAZ9,,,,,,,,,,,
"Hurricane Florence: 5-Day Uncertainty Track Image and 34-Knot Wind Speed Probabilities
https://t.co/h5AZlN5sYi https://t.co/yhqn2TdVq6",,,,,,,,,,,
#Florence now a Category 4 Major Hurricane  chugging through the open waters of the Atlantic. Beautiful visible satellite imagery at sunset: https://t.co/cIHHaLZwSu,,,,,,,,,,,
"#Florence is now a Category 4 storm. Still some time to figure out any potential impacts for the east coast, but we're watching it closely. https://t.co/8dVfazLgZ8",,,,,,,,,,,
Boom. Florence now a Category 4 storm.,,,,,,,,,,,
Category 3 Hurricane Florence rapidly strengthens and may threaten East Coast next week https://t.co/tVF5dQpHd3,,,,,,,,,,,
#Florence is the first major hurricane of the 2018 Atlantic Season and continues to strengthen. Currently no threat to U.S. or any other countries. https://t.co/ARZT2Y41EZ,,,,,,,,,,,
Florence is up to a Category 4 storm in the central Atlantic strongest hurricane of the year to date. https://t.co/O1GUSfTgdK,,,,,,,,,,,
"""...far too soon..."" the experts say #Florence #HurricaneFlorence https://t.co/1l0YjFhAzG",,,,,,,,,,,
"Hurricane Florence, the first major hurricane of the year, could pose a threat to the US East Coast - CNN https://t.co/v92wqsn5UI via @GoogleNews",,,,,,,,,,,
"East Coast needs to monitor #Florence ~ if #Sandy taught us anything, it's better to prepare for the worst. #HurricaneFlorence https://t.co/dVknqxP8LV",,,,,,,,,,,
Florence becomes category 3 storm | Tracking the Tropics https://t.co/rf2uwzBfn4,,,,,,,,,,,
#Florence now at Category Four storm in the Atlantic - strongest of the season so far. https://t.co/e83yaQRzqf,,,,,,,,,,,
Hurricane Florence rapidly strengthens and may threaten East Coast next week https://t.co/zPc1dpFQhp,,,,,,,,,,,
"Per the 5 PM update, The NHC has upgraded #Florence to a category 4 hurricane. The 25 to 30 kt environment it is traveling in is not even phasing it. We saw the impact that wind shear has on tropical cyclones with #Lane. Incredible rapid intensification. https://t.co/ekUP6bwEoB",,,,,,,,,,,
"Major Hurricane Florence intensifies into a category 4 storm
https://t.co/1iftyjdJyy",,,,,,,,,,,
"Despite the large uncertainty of #Florence's future path, swells/wave energy from this storm may reach our east coast early next week. #WFTV #EyeOnTheTropics #Florida #FLwx #HurricaneFlorence https://t.co/laymlOosJR",,,,,,,,,,,
Hurricane #Florence has now strengthened to a category 4 storm. @FOXNashville https://t.co/Cg1WvAu6R5,,,,,,,,,,,
"Though no immediate threat to land, #HurricaneFlorence had now become a category 4 storm. #HurricaneSeason #Islandwx #Tropicalwx https://t.co/utRHpfZY8q",,,,,,,,,,,
"Florence is now a major hurricane, and moving in the Atlantic toward Bermuda

https://t.co/NXVZ2RSNWE https://t.co/NXVZ2RSNWE",,,,,,,,,,,
5p Advisory on Major Hurricane #Florence. Expected to remain a Major Hurricane through the weekend and could even strengthen to a Category 5 Hurricane tomorrow. Lurking. https://t.co/DVfZ0haaqM,,,,,,,,,,,
"* #TropicalStorm Gordon: 10-month old killed; East Coast eyes Florence, now Category 3 hurricane  https://t.co/aqrABtcexX * Child in Pensacola is 1st fatality of Tropical Storm Gordon: report  https://t.co/nbIzaOvgnt *… https://t.co/xd5DL4Fxti via https://t.co/nitEnWQLIQ https://t.co/br36SSJreA",,,,,,,,,,,
The latest advisory from #NHC for #HurricaneFlorence has it upgraded to a Category 4 Hurricane #TropicalUpdate https://t.co/MW9S9QWmwt,,,,,,,,,,,
"Earlier today, Hurricane #Florence became the first major hurricane of the Atlantic Hurricane Season as it strengthened to a Cat 3 storm. 

Within the last hour, it's been upgraded to a Cat 4 storm with winds up to 130 mph. Currently not a threat to the U.S. coast. https://t.co/Ul1rPNT0w3",,,,,,,,,,,
"#Florence continues to strengthen, now a Cat 4 Hurricane packing winds of w 130mph and min pressure down to 953mb. Currently 1110mi ENE of the northern #LeewardIslands. Moving NW at 13mph. https://t.co/VsuVwnGFcC",,,,,,,,,,,
Category 3 Hurricane Florence rapidly strengthens and may threaten East Coast next week - Washington Post https://t.co/NBXh178s30,,,,,,,,,,,
Hurricane Florence is our first major hurricane of the 2018 season in the Atlantic. Where will it go? https://t.co/t6TLqccwMz,,,,,,,,,,,
"Meanwhile in the open Atlantic, Florence becomes a category 4 hurricane. East Coast may need to pay attention to this for later next week #HurricaneFlorence https://t.co/vEBxWy6qR0",,,,,,,,,,,
Will Hurricane Florence hit North Carolina?  https://t.co/3TbGOl5b0L,,,,,,,,,,,
Here's the latest on Hurricane Florence that we are tracking. Stay updated by clicking on https://t.co/FHN2k2TDbr and looking in the HURRICANE SEASON 2018 section. #ecarwx https://t.co/phHmasBaGf,,,,,,,,,,,
Here's the latest on Hurricane Florence that we are tracking. Stay updated by clicking on https://t.co/utT5h4pktP and looking in the HURRICANE SEASON 2018 section. #ecarwx https://t.co/TtDYUgZ7kR,,,,,,,,,,,
"Florence now a Cat. 4 storm!  Hopefull this will be the only major storm this season.  First image is the NHC hurricane cone, the other is with the all the forecast models superimposed with it.  Starting to show a trend toward the US in 8 days.",,,,,,,,,,,
RT NHC_Atlantic: Hurricane #Florence Advisory 26: Florence Strengthens Into a Category 4 Hurricane. https://t.co/l0xKTIs2bp,,,,,,,,,,,
@epawawx What are your initial thoughts on hurricane Florence?,,,,,,,,,,,
"Atlantic: Hurricane Florence strengthens into a Category 4 hurricane, 1110MI ENE of Northern Leeward Islands, 1295MI ESE of Bermuda 130MPH",,,,,,,,,,,
#HurricaneFlorence is now a Category 4 https://t.co/t6lq7YYkas,,,,,,,,,,,
Florence has continued to intensity and is now a Category 4 hurricane with 130 mph winds. https://t.co/G7zYbOc6BP,,,,,,,,,,,
Florence is now the strongest hurricane of the 2018 Atlantic season so far! @CBS12 https://t.co/vb16Ucx3ya,,,,,,,,,,,
"#Florence is now a category 4 hurricane with 130mph winds (!) -- still more questions than answers in the long range forecast, still a long way away from land https://t.co/4pYD8akeQJ",,,,,,,,,,,
"Hurricane Florence, the first major hurricane of the year, could pose a threat to the US East Coast https://t.co/UawlsOUftM",,,,,,,,,,,
"I’d say there’s some uncertainty with #Florence!! This is only ONE model, the euro ensembles not discounting any possible track #Florida #flwx #hurricane https://t.co/oNWjMjdC0S",,,,,,,,,,,
"NOW: MIAMI (AP) - Florence has been upgraded to a Category 4 hurricane and is likely to cause ""life-threatening"" surf and rip current conditions in Bermuda later this week.",,,,,,,,,,,
Florence becomes a hurricane https://t.co/auE9SCFAgd,,,,,,,,,,,
We are now tracking hurricane Florence. The earliest Florence could have an impact on the east coast would be next Wednesday with rip currents. #hurricaneflorence #wusa9weather @wusa9 https://t.co/QNie1HlMkz,,,,,,,,,,,
"NEW: Max sustained winds have reached 130 mph in the Atlantic with Hurricane Florence, upgrading it to a Cat 4. Hurricane Florence is still 1200 miles ESE of Bermuda. Movement is northwest at 13 mph. https://t.co/ZrbsH7nMso",,,,,,,,,,,
Hurricane Florence is now a category 4 storm with 130 mph wind moving NW. I'm tracking this live on @wsbtv now. https://t.co/oQvjPOIIRd,,,,,,,,,,,
"While attention is focused on #Gordon &amp; #Florence, take a few minutes to review your hurricane preparedness plans.

Here are some links to get you started:
https://t.co/8dsHEUqJLW
https://t.co/uyPjEn18o6
https://t.co/UHJJCdbjh5

#WeatherReadyNation #HurricaneStrong #encwx #ncwx https://t.co/DqYYmlafi3",,,,,,,,,,,
Major Hurricane Florence intensifies into a category 4 storm https://t.co/voGzjqTusS,,,,,,,,,,,
"Beast-mode. Hurricane #Florence underwent rapid intensification overnight, now a Category 4 Hurricane with max sustained winds of 130mph. The system's long-term future path remains uncertain, with numerous scenarios... https://t.co/JgqRdGOW3W",,,,,,,,,,,
"FIRST ALERT: Florence now a category 4 hurricane, track questions remain &gt;&gt; https://t.co/VR4tINr2Mw https://t.co/j0wE8UdgDa",,,,,,,,,,,
"Florence, heading for Bermuda, now a Category 4 hurricane: NHC https://t.co/i4n0I8xakn",,,,,,,,,,,
"Hurricane Florence is now a category 4 storm with maximum sustained winds of 130 mph. As it tracks NW, please continue to monitor the latest forecast trends from @NWSWakefieldVA and the National Hurricane Center. #vawx #mdwx #ncwx https://t.co/2bxmauzM0g",,,,,,,,,,,
"Sun setting on a very powerful and defying the odds Hurricane #florence. Despite the shear, she’s 130 mph Cat 4. Very well developed eye/eyewall #texasvortex https://t.co/BHNWFdx4v1",,,,,,,,,,,
"Check out this gorgeous infrared satellite loop of Hurricane #Florence (Cat. 4), Invest #92L (soon-to-be #Helene), and a powerful tropical wave that's about to depart Africa. #tropics #busy https://t.co/xWRHOv1O5R",,,,,,,,,,,
Florence is now the strongest hurricane of the 2018 Atlantic season so far! @CBS12 https://t.co/dfhqWFBJhA,,,,,,,,,,,
Florence is now the first major hurricane of the Atlantic season an incredible category 4 storm. It could potential he hit the East Coast of the United States were many people have to keep an eye on Florence closely. https://t.co/VOZJsFhSn4,,,,,,,,,,,
"Updated hurricane predictions from @accuweather. Looks like #Florence might be taking in a tour of the historic Anglican diocese of Newfoundland and Bermuda (1839-1879)

#NLwx https://t.co/787mtc1TgR",,,,,,,,,,,
"Florence has been upgraded to a category four hurricane in the Atlantic. Florence poses no threat to the Gulf coast, but the east coast is yet to be determined. https://t.co/2JlzF3NILp",,,,,,,,,,,
#HurricaneFlorence is now a Category 4 hurricane making it the strongest Atlantic storm of the season. This one will be watched VERY CLOSELY. https://t.co/JZDjMBZ0Cv,,,,,,,,,,,
"#Florence has become a category 4 hurricane with winds sustained at 130 MPH. No threat to land present in the short term, but just past the forecast period Bermuda may see some impacts from this system. The US east coast also has to watch this storm down the road https://t.co/O9wDAP06S3",,,,,,,,,,,
Wow hurricane Florence now in incredible Category 4 Hurricane The first major hurricane of the 2018 Atlantic Hurricane season. The big question is can we at this point make any sort of determination with respect to the US well Florence could have an impact on the East Coast. https://t.co/gm4uzzJwA9,,,,,,,,,,,
Florence strengthens to Category 4 hurricane; tropical waves showing signs of development https://t.co/D1E3nmRbxi via @tcpalm,,,,,,,,,,,
"This morning: Hurricane Florence has a 90% chance of turning. It's not going to be a problem for the east coast.

This afternoon: Watch hurricane Florence closely we're not sure if it will hit the east coast or not.

Stop changing predictions. This is why people don't prepare.",,,,,,,,,,,
Florence now up to a Category 4 hurricane #SocJournLSC https://t.co/0YlGymvgAo,,,,,,,,,,,
"#Florence is now a Category 4 storm. What, if anything, does it mean for the U.S.? 

Here's our latest thoughts. 

DETAILS: https://t.co/SqZomSjbaI https://t.co/OFXMokz1mU",,,,,,,,,,,
Hurricane Florence Public Advisory Number 26 https://t.co/yVnuutADXH,,,,,,,,,,,
Hurricane Florence is now a Cat 4! https://t.co/RSuQWbQ5k8,,,,,,,,,,,
"Check out this video from #weatherchannel https://t.co/7oTwTOihJ6
East Coast
Florence becomes Category 4.",,,,,,,,,,,
"Hurricane Florence is now a category 4 storm. It has rapidly intensified over the last 48 hours. Thankfully, it’s still way out in the Atlantic, but it’s one we’re going to have to keep a close eye on. #TropicalTracker #wymtwx https://t.co/4bdbWJgmKj",,,,,,,,,,,
"Hurricane Florence Wind speed, 900 hPa, 1000 m, 38°N 71°W, 2018/09/13 2:00 PM (UTC_04:00) –  https://t.co/PzzgjuBuAl via @Ventuskycom",,,,,,,,,,,
"Check out this video from #weatherchannel https://t.co/6uTaCAiXV6. Bermuda better get ready in a hurry, Florence Cat 4 hurricane and looks is going straight to them.",,,,,,,,,,,
SIRENS...Florence upgraded to Category 4 hurricane in Atlantic - ABC News https://t.co/SkWKWzaHQv (via @ABC),,,,,,,,,,,
"FIRST ALERT: Florence now a category 4 hurricane, track questions remain https://t.co/J2Apuxwzsl",,,,,,,,,,,
Hurricane Florence is our first major hurricane of the 2018 season in the Atlantic. Where will it go? https://t.co/87u40boqhH,,,,,,,,,,,
Hurricane Florence is our first major hurricane of the 2018 season in the Atlantic. Where will it go? https://t.co/fGB0SYH0Ig https://t.co/maGPNFLfll,,,,,,,,,,,
Key Messages regarding Hurricane #Florence and her potential impact to Bermuda and the U.S. Eastern Coast. https://t.co/b1lKDpA8uH,,,,,,,,,,,
"Hurricane #Florence now a Category 4 storm! Headed towards Bermuda, uncertainty after that. #WECTwx #ILMwx https://t.co/wWEviygBi4",,,,,,,,,,,
TRACKING THE TROPICS | Hurricane Florence now a Category 4 storm https://t.co/hOPEwtnORp https://t.co/YT8E3n78SL,,,,,,,,,,,
@TheSteveCop has started a new discussion @33andrain focused on Hurricane Florence and potential impacts to the East Coast next week. You don't want to miss this! https://t.co/JdFdo05ZmC. #33andrain #tropics #TropicalStorm #HurricaneFlorence https://t.co/HS8q4lBQDA,,,,,,,,,,,
"https://t.co/XLVVLmtkcS updated blog... new thoughts at 5 PM w CAT 4 #HurricaneFlorence far out at sea still but some models bring her towards East Coast. What should you do? Watch, pay attn, watch - wait until we know for sure.  NHC is on it. #BERMUDA seriously needs to watch. https://t.co/XGyus2nAn4",,,,,,,,,,,
From NHC_Atlantic: (@NHC_Atlantic)Hurricane #Florence Advisory 26: Florence Strengthens Into a Category 4 Hurricane. https://t.co/clVtdyU0M7,,,,,,,,,,,
"It’s too early to tell where Hurricane #Florence is heading, but it’s never too early to #prepare.  Visit https://t.co/Rt80WmuLh8 today! https://t.co/apEBzn25NM",,,,,,,,,,,
"#Florence has rapidly intensified and is now a Category 4 #hurricane. Its path beyond this weekend remains highly uncertain, but residents of Bermuda and the U.S. East Coast should pay close attention to the forecast: https://t.co/rdkfHbJp9v https://t.co/bYOZlhCEiQ",,,,,,,,,,,
Hurricane Florence? The Dog Days Are Over... https://t.co/H8E7ex1XLf,,,,,,,,,,,
Im-PURR-tant reminder as #hurricane season ramps up ____ #HurricaneFlorence https://t.co/f93ztBB5tG,,,,,,,,,,,
"LATEST ON #FLORENCE: As you may have heard, there is a major hurricane out in Atlantic. Not unusual near peak of season. Everyone from ME to FL should watch ""Florence"", but it's too early to know if it will have any impact. Check forecasts regularly,  but no hype/panic warranted. https://t.co/hACvGu4QJV",,,,,,,,,,,
"CAT 4 HURRICANE FLORENCE.....
WHAT DO YOU WANT???
SAINTS PRAY!!! — watching The Weather Channel",,,,,,,,,,,
"#Florence is now up to Category 4 strength, but is expected to weaken a bit: https://t.co/eT809LL7mi https://t.co/LW2t2MyC4e",,,,,,,,,,,
FLORENCE STRENGTHENS | Florence is now a category 4 hurricane. https://t.co/BN31D1hnqM,,,,,,,,,,,
Hurricane Florence Forecast Advisory Number 26 https://t.co/KocRWodCQy,,,,,,,,,,,
"...FLORENCE STRENGTHENS INTO A CATEGORY 4 HURRICANE...130 mph____
5:00 PM AST Wed Sep 5
Location: 22.7°N 46.6°W
Moving: NW at 13 mph
Min pressure: 953 mb https://t.co/C3nbKqRFtv",,,,,,,,,,,
Florence strengthens to Category 4 hurricane over the Atlantic https://t.co/y128DXGG86 https://t.co/s6J5JnbXtq https://t.co/aX3kSy9dDS,,,,,,,,,,,
"Category 4 Hurricane Florence rapidly strengthens and may threaten East Coast next week https://t.co/DP0kun5V3F It’s hurricane season!  Make sure you have proper home, business &amp; auto Insurance coverage.  Stay safe this next week!",,,,,,,,,,,
"Parade of systems worth watching in the Eastern Atlantic. #Florence is now a Category 4 Hurricane with max winds of 130mph, Invest 92L has an 90% chance of becoming Tropical Storm #Helene over the next 3-5 days, and a... https://t.co/avD6qMQsio",,,,,,,,,,,
...FLORENCE STRENGTHENS INTO A CATEGORY 4 HURRICANE...130 mph____ https://t.co/7fjCKSKCKL,,,,,,,,,,,
Hurricane Florence now a Category 4 storm - https://t.co/D9MKHrqeqD,,,,,,,,,,,
Tropical Update: Hurricane Florence Information by ATCF XML Prototype https://t.co/lzDa6TWMmg,,,,,,,,,,,
Tropical Update: Hurricane Florence Forecast Information (.shp) https://t.co/QrsYILCNSC,,,,,,,,,,,
Tropical Update: Hurricane Florence Wind Speed Probabilities Number 26 https://t.co/Y2To7qsn4C,,,,,,,,,,,
Tropical Update: Summary for Hurricane Florence (AT1/AL062018) https://t.co/R9TYLbvG9A,,,,,,,,,,,
"#Florence is now a category 4 hurricane with winds of 130 mph. It is expected to continue west through this weekend, possibly approaching Bermuda by the middle of next week. Whether it becomes a threat to the U.S. East Coast or not is still highly... https://t.co/7FHRN49Ctb",,,,,,,,,,,
Florence upgraded to Category 4 hurricane in Atlantic https://t.co/vP4aiHcweP,,,,,,,,,,,
Florence upgraded to Category 4 #HURRICANE in Atlantic https://t.co/yAG2cpJMSG #GPWX,,,,,,,,,,,
"Folks on the East Coast should start watching Cat 4 #Florence. There is a chance the storm could brush the coast, smaller chance of landfall. Still a lot of uncertainty this far out, but best to be vigilant at the height of hurricane season https://t.co/8fmQ90h5hM",,,,,,,,,,,
Florence upgraded to Category 4 #HURRICANE in Atlantic https://t.co/4j7X6bhTlS,,,,,,,,,,,
Stay with the First Alert Weather Team as they track #HurricaneFlorence https://t.co/Csogchalob,,,,,,,,,,,
"BREAKING
Hurricane Florence now category 4, future track is no threat to land. Latest story, plus Track the Tropics: https://t.co/eiGl47bJg3",,,,,,,,,,,
"____4 Hurricane____FLORENCE Is Menacing &amp; Growing ____________er &amp; Will Soon Threaten S/E US Coast.!
__Look Out Florida, __Flo Is Coming &amp; She’s A Handful When She’s__Angry.!
____For Calm____________",,,,,,,,,,,
Florence upgraded to Category 4 hurricane in Atlantic https://t.co/3PhG7OZ4Wk,,,,,,,,,,,
"#Florence has rapidly intensified and is now a Category 4 #hurricane.  Its path beyond this weekend remains highly uncertain, but residents of Bermuda and the… https://t.co/lcvq464fIR",,,,,,,,,,,
"Hurricane Florence has intensified to 
 Category 4 this afternoon. We are keeping a close eye on the forecast as it slowly moves closer to the US. https://t.co/IeilG6jrE9",,,,,,,,,,,
"Hurricane Florence has intensified to 
 Category 4 this afternoon. We are keeping a close eye on the forecast as it slowly moves closer to the US. https://t.co/xbtcWVcKrQ",,,,,,,,,,,
"BREAKING: Florence Now a Cat. 4 Hurricane

From The Weather Channel iPhone App https://t.co/0ahWktOXaV https://t.co/Qxg92AxvRK",,,,,,,,,,,
#HurricaneFlorence video update: https://t.co/GRnDs6qVRz,,,,,,,,,,,
HUGE uncertainty with the track of #HurricaneFlorence #spaghettiplot https://t.co/D18hUAKB4r,,,,,,,,,,,
Hurricane Florence Early Look https://t.co/uUoXKK8IMv,,,,,,,,,,,
"#Florence is now a cat 4 #hurricane, the first major storm of the season. Tracks continue to shift west and it could be a threat to the US East Coast next week. @WPTV https://t.co/8EGb9IJqtg",,,,,,,,,,,
"@JoleeMockler So dam cute. We have the potential for a hurricane next week. Hurricane Florence, which is my mom’s name, is supposedly headed towards the east coast next week.",,,,,,,,,,,
NWS: RT NHC_Atlantic: Hurricane #Florence Advisory 26: Florence Strengthens Into a Category 4 Hurricane. https://t.co/IWIyKhD9FU,,,,,,,,,,,
@MrJDScott @amazon Cloud stirred up by Gordon and soon Hurricane Florence? ____,,,,,,,,,,,
#Florence is now a cat 4 hurricane. the east coast will need to keep an eye as the forecast track after day 5 remeins very uncertain.,,,,,,,,,,,
Excellent visualization here of latest #ECMWF run for #HurricaneFlorence aka #FlorenceTheMachine https://t.co/9Eb32NfaqS,,,,,,,,,,,
The spaghetti monster lives. #Florida #HurricaneFlorence https://t.co/3bBBFT4aNu,,,,,,,,,,,
"A lot of pieces to iron out over next several days, but a few prim. factors to predicting a more definitive track come this wknd. Hopefully high-alt G-IV sampling gets sent out in next few days... Detailed synopsis @accuweatherpro Link- https://t.co/h3FbmM2nTF #HurricaneFlorence https://t.co/Gxb11pliKP",,,,,,,,,,,
5pm WED Hurrican Florence has strengthened into a Category 4 with 130mph winds. Track moves her over Atlantic Ocean generally toward Bermuda. Models entertaining possibility of Florence approaching US East Coast next week. @wxii https://t.co/RlSDOvg1KY https://t.co/zSabDbsFnW,,,,,,,,,,,
5pm WED Hurrican Florence has strengthened into a Category 4 with 130mph winds. Track moves her over Atlantic Ocean generally toward Bermuda. Models entertaining possibility of Florence approaching US East Coast next week. @wxii https://t.co/gXio9141xM https://t.co/bz0Gje77Q9,,,,,,,,,,,
5pm WED Hurrican Florence has strengthened into a Category 4 with 130mph winds. Track moves her over Atlantic Ocean generally toward Bermuda. Models entertaining possibility of Florence approaching US East Coast next week. @wxii https://t.co/804a4q8feJ https://t.co/JPXsolcRXV,,,,,,,,,,,
Which model is right when it comes to #HurricaneFlorence? __,,,,,,,,,,,
"Category 4 Hurricane Florence rapidly strengthens and may threaten East Coast next week - Washington Post: Washington Post Category 4 Hurricane Florence rapidly strengthens and may threaten East Coast next week Washington Post (This article, first… https://t.co/jrFospq6mp",,,,,,,,,,,
Ready for Hurricane Gordon's rain to arrive this week with Hurricane Florence on the horizon? Now is time to review the Disaster Plan Checklist by @owBrotherhoodIns .ly/SYMg30lHxaE https://t.co/0PUWxgTMb0,,,,,,,,,,,
Hurricane #Florence Advisory 26: Florence Strengthens Into a Category 4 Hurricane. The system is currently not an immediate threat to any land mass. - see more: https://t.co/PjC6jOXeVa #Hurricane #Barbados https://t.co/FVB28CevIw,,,,,,,,,,,
Miamicom: The spaghetti monster lives. #Florida #HurricaneFlorence https://t.co/MxwDeVkHB3,,,,,,,,,,,
Everybody keep an eye on #HurricaneFlorence https://t.co/XwrSRSn2Bh,,,,,,,,,,,
Just look at hurricane #Florence! Cat-4 hurricane now @NHC_Atlantic says #nola #tropics #atlantic https://t.co/KxwTZkc5tC https://t.co/hu9fezhW2u,,,,,,,,,,,
"Very Worried about Hurricane #Florence right now, I pray that its not going to come towards virginia at all! Gotta pray, be prepared and stay updated with this bad boy! @WxCarolinas @CristCacewx",,,,,,,,,,,
On #WJZ Florence is a small but strong hurricane that bears watching next week! https://t.co/eOsaJ3rtxL,,,,,,,,,,,
#Florence is now a major Category 4 hurricane. It definitely warrants watching over the next week...but no reason to panic #nbcct https://t.co/IVSDa4G4u2,,,,,,,,,,,
Florence upgraded to Category 4 hurricane in Atlantic https://t.co/szRaG83Y7o,,,,,,,,,,,
"* #TropicalStorm Gordon: 10-month old killed; East Coast eyes Florence, now Category 3 hurricane  https://t.co/aqrABtcexX * Pensacola child killed as Tropical Storm Gordon makes landfall  WJHG-TV * Tropical Storm Gordon Claims… https://t.co/yENWeq5wx7 via https://t.co/nitEnWQLIQ https://t.co/WZZGpQo2IL",,,,,,,,,,,
Hurricane #Florence has strengthened to Category 4! Located out over the Atlantic there are no coastal watches or warnings in effect but the NHC warns that #Bermuda will experience swells beginning on Friday with the potential for life-threatening surf &amp; rip currents. https://t.co/ydpf2JQdjI,,,,,,,,,,,
5PM WED TROPICAL UPDATE: #Florence is now a Category 4 hurricane with 130 mph winds. It's still way out in the Atlantic with no impact on land through early next week. https://t.co/m2DZjlZZ06,,,,,,,,,,,
"#Florence is the strongest hurricane we have seen so far this season. 
https://t.co/Qjj3McAWV1",,,,,,,,,,,
Florence upgraded to Category 4 hurricane in Atlantic https://t.co/Qxo9FXVgGV https://t.co/6l5p4oatUs,,,,,,,,,,,
Powerful Hurricane Florence May Menace U.S. East Coast Next Week https://t.co/Xm8TOtpgaO,,,,,,,,,,,
FOX NEWS: Hurricane Florence strengthens: Tips to prepare for the storm https://t.co/lZM9cdtK1C https://t.co/GmWcefZIkm,,,,,,,,,,,
"Hello everyone here is my  5:00pm blog for Tropical Depression Gordon, Major Hurricane Florence, and Invest 92-L-  attached are... https://t.co/e538NwIIWi",,,,,,,,,,,
Category 4 Hurricane Florence rapidly strengthens and may threaten East Coast next week - Washington Post https://t.co/uZqfYapwoY,,,,,,,,,,,
"Hurricane Florence looking nasty as it continues to rapidly strengthen over the waters of the Atlantic Ocean as of 18:45:35 UTC by using Band 1 as well as Band 13: 10.3 µm (""Clean"" IR Longwave Window Band) #HurricaneFlorence #HurricaneSeason https://t.co/gTkr9ZwhMT",,,,,,,,,,,
"Hurricane Florence, the first major hurricane of the year, could pose a threat to the US East Coast https://t.co/BQFSnBbb3S",,,,,,,,,,,
Category 4 #HurricaneFlorence might threaten #US #EastCoast late next  week,,,,,,,,,,,
"Helene is set to form within the next couple days, and unlike Hurricane Florence, Helene is forecast to head straight for the Leeward Islands and then most likely North into the Florida or Gulf areas... this... https://t.co/XBCdXk0nxq",,,,,,,,,,,
You can pick a model that forecasts the path of Hurricane #Florence anywhere in the highlighted area. There is no reason to be concerned anywhere in the region as yet. https://t.co/cnAxwr4LZH,,,,,,,,,,,
Tropical storm Gordon was a nuisance. Better than a hurricane. Hope florence goes away,,,,,,,,,,,
"Excellent analysis with regard to Hurricane #Florence's future track. The model ensembles are showing a wide variety of possible outcomes, which means the track of Florence is sensitive to very small changes in the environment that aren't currently predictable. https://t.co/jJdH7Yl8OC",,,,,,,,,,,
It might be small but Florence packs a punch __ The first Category 4 of the Atlantic Season is here. No threat to land this week but we shall keep our eye on it very closely. #hurricane #hurricaneflorence #tropical #hurricaneseason #weather #wx #tinybutmighty #science https://t.co/9Oo631Kf1N,,,,,,,,,,,
"Hype vs Reality –– Here's what you REALLY need to know about Hurricane #Florence at this point in time. Our team has put together a detailed article with full analysis breaking down the current threat the storm poses to the eastern seaboard: 
https://t.co/VbXkQpNae4 https://t.co/Zvb05yg5So",,,,,,,,,,,
"TD Gordon is dumping rain on the Gulf Coast, while Florence strengthened to a Category 4. Florence could either stay out to sea or move south of a bend in the jet stream, in which the storm could impact the east coast. Keeping an eye out for developments. https://t.co/CR1wKuWYtr",,,,,,,,,,,
I liked a @YouTube video https://t.co/P5pFvUgLrP Why we Chose to Sail during Hurricane Season! (Hurricane Gordon &amp; Florence),,,,,,,,,,,
"Now a Category 4 hurricane, 130 mph winds, and it no longer looks like a slam dunk that it will spin north. Hope Hurricane Florence doesn't decide to visit a nice little city west of here -- Florence, SC --next week. https://t.co/8ZxrRE5OX7",,,,,,,,,,,
"Hurricane Florence, the first major hurricane of the year, could pose a threat to the US East Coast @CNN https://t.co/st7BdpgzcP",,,,,,,,,,,
Tropical Update with J7409 Evening 9/5/18 Hurricane Florence Cat4: https://t.co/rfPgFZqMjU via @YouTube,,,,,,,,,,,
Tropical Update with J7409 Evening 9/5/18 Hurricane Florence Cat4 https://t.co/F0SZqiSOvh via @YouTube,,,,,,,,,,,
"Hurricane Florence, the first major hurricane of the year, could pose a threat to the US East Coast

https://t.co/Xv3porFMAo",,,,,,,,,,,
"US Gulf dry bulk rates steady despite Gordon, Hurricane Florence | https://t.co/7MrLgjIhLM https://t.co/JNt0YtindV",,,,,,,,,,,
I liked a @YouTube video https://t.co/rfPgFZqMjU Tropical Update with J7409 Evening 9/5/18 Hurricane Florence Cat4,,,,,,,,,,,
Hurricane florence gon be a monster,,,,,,,,,,,
Well #fuck #hurricaneflorence I don’t want #scenario2 https://t.co/cqwiNjYsyR,,,,,,,,,,,
Hurricane Florence could menace the East Coast next week https://t.co/WQkhdKE38q,,,,,,,,,,,
Our first benchmark to pay attention to for Hurricane #Florence is on Monday. If Florence misses this trough connection it will no doubt get trapped near the east coast. Plenty of time to watch.. #CtWx #Florence https://t.co/uJLidOBndp,,,,,,,,,,,
CommerceGov: RT NHC_Atlantic: Hurricane #Florence Advisory 26: Florence Strengthens Into a Category 4 Hurricane. https://t.co/YvaMxP7X2p,,,,,,,,,,,
"RT YourNews15 ""Quite a large spread of uncertainty on the long term forecast track of Hurricane #Florence. Here's a look at this afternoon's European Ensemble guidance. Florence is unlikely to threaten the Gulf of Mexico. But,... https://t.co/gevilsgdYK""",,,,,,,,,,,
"5pm advisory: Cat 4 Hurricane #Florence has 130mph winds and a 953mb pressure. There is strong core convection, and a clear, distinct eye. There is more convection on the north side than the south. https://t.co/SvA0Wso3vx",,,,,,,,,,,
"#Florence becomes the first major #hurricane in the Atlantic since Ophelia last year, as well as the first Category 4 Atlantic hurricane since Maria last year (later peaked as C5). #Gordon weakens to a tropical depression over Mississippi. https://t.co/xLZdzVb5O5",,,,,,,,,,,
This a a GFS Model for Friday September 14th..if it plays out that wat the coast is looking at a Cat 4 monster..its over 2000 miles away...lots can happen. #HurricaneFlorence https://t.co/tTrXjaLzTQ,,,,,,,,,,,
Hurricane Florence strengthens in Atlantic: Tips to prepare for the storm,,,,,,,,,,,
I liked a @YouTube video https://t.co/4Thtmyh1en Why we Chose to Sail during Hurricane Season! (Hurricane Gordon &amp; Florence),,,,,,,,,,,
"At the 5:00 pm update Florence has strengthened to a category 4 hurricane.  Her max sustained winds are 130 mph, with a central pressure of 953 mb. She is moving northwest at 13 mph. Nothing she has done... https://t.co/ToCqhER0mH",,,,,,,,,,,
"» Hurricane Florence, the first major hurricane of the year, could pose a threat to the US East Coast - CNN https://t.co/hsX225EyU4",,,,,,,,,,,
"5Sept18 530pEDT So you've probably seen as many model maps across socialmedia last few days of major Hurricane #Florence (Cat4 currently) eventually nearing US East coast as if we were talking about snow in Atlanta or Miami(yes it has, save it for another day)

What does it mean? https://t.co/YgIijoRmbB",,,,,,,,,,,
"So what's with all the model post then of Hurricane #Florence?
-They're just some of the tons of models out there, again its like posting only certain snow maps in winter. They're just guidance. Trained professionals use them as only part of the equation.

@wxbrad says it best: https://t.co/Qb6byFftNn",,,,,,,,,,,
"A MAJESTIC view of the sun setting on Major #Hurricane #Florence as of a few hours ago. Note the gorgeous symmetry with this storm. Stay tuned for further updates in the coming hours and days! Thanks for sharing, @UWCIMSS! https://t.co/YMPp3WCBht",,,,,,,,,,,
Now that there’s a hurricane named Florence I don’t want to hear any fucking jokes for the rest of the week. I will punch you.,,,,,,,,,,,
"When there's a hurricane approaching from the east, the last thing you want to see is a near-record ridge instead of a trough in SE Canada.

Too soon for track specifics, but it's increasingly hard for me to envision a scenario where Florence doesn't slow down near the E Coast. https://t.co/1bSeWQ5jQv",,,,,,,,,,,
"Hurricane Florence powers up to Category 4, SC not in clear https://t.co/w4njNKLA6i via @postandcourier",,,,,,,,,,,
"That time of year to pull out the tropical “spaghetti plots” as the tropics are heating up we have the remains of tropical storm Gordon bringing heavy rain to the Midwest that’ll eventually spread this way by Monday, next U.S threat is Hurricane Florence in about 7 days",,,,,,,,,,,
Is Hurricane Florence taking aim at the East Coast? Why it's too early… https://t.co/XW1naUllo7 ExcitingAds! Jersey,,,,,,,,,,,
"My house is under construction, we are building up. I really don’t think a hurricane would help. Stay away Florence",,,,,,,,,,,
Hurricane Florence is now a Cat 4. With winds sustained at nearly 130mph. Too soon to tell if it will hit any land. Too far out. But always be prepared. https://t.co/dWk4lVWBbl,,,,,,,,,,,
#Breaking Weather Alert:   Florence becomes first major storm of Atlantic hurricane season  Via @orlandosentinel   https://t.co/dXgixyR6zE,,,,,,,,,,,
@CristCacewx it looks like what the weather channel is showing on the models that Hurricane florence will keep going straight possible be a category 5 hurricane and hit where i'm at in virginia head on. I hope the models change man this is scary!,,,,,,,,,,,
Florence upgraded to Category 4 hurricane in Atlantic   https://t.co/4mfCP77nzb,,,,,,,,,,,
Hurricane Florence is on the move. What that means for your weekend plans https://t.co/c1S7d3V2VP,,,,,,,,,,,
"Florence Rapidly Intensifies Into Atlantic's First Major Hurricane of 2018; Interests in Bermuda and Along U.S. East Coast Should Monitor
Sep 6, 2018, 5:00 AM
Florence has rapidly intensified into the first Atlantic major hurricane of 2018, achieving... https://t.co/uFBIs8LNc5",,,,,,,,,,,
Buckle up #HurricaneFlorence on the way @nellie70390 @SkinnyChick481,,,,,,,,,,,
Hurricane Florence is defying predictions and has blown up into a major hurricane in the far Atlantic. It's WAY too soon to say if it will threaten the east coast later next week but the trends in the upper level... https://t.co/oYjocfVLQH,,,,,,,,,,,
"Florence Was A Disaster For Our Cyclone, Now The Hurricane Named After Her Probably Will To #SaveScorpion",,,,,,,,,,,
Category 4 Hurricane Florence rapidly strengthens and may threaten East Coast next week https://t.co/baQQz9rnRY https://t.co/M8FPHwO84L,,,,,,,,,,,
"Hurricane Florence, the first major hurricane of the year, could pose a threat to the US East Coast @CNN https://t.co/Umcby5cfjG",,,,,,,,,,,
Here’s the latest on Major #HurricaneFlorence  now a cat 4 #Hurricane #Tropics https://t.co/aC0lqMifFT,,,,,,,,,,,
"-  Another run of the #GFS coming out now putting Hurricane #Florence dangerously close to the East Coast later next week!  This is by no means a forecast, but definitely something to keep an eye on going in to the weekend..... https://t.co/Cr4s1zDlcd",,,,,,,,,,,
Category 4 Hurricane Florence rapidly strengthens and may threaten East Coast next week - Washington Post https://t.co/ABocl4oB3I https://t.co/Rqc4BOpgJA,,,,,,,,,,,
I liked a @YouTube video https://t.co/swtyRR1EJm Why we Chose to Sail during Hurricane Season! (Hurricane Gordon &amp; Florence),,,,,,,,,,,
Some thoughts on the unexpected rapid intensification of hurricane Florence and if potential impacts to Canada are possible down the road... https://t.co/F7pG0nuuSy #florence #hurricaneflorence https://t.co/QLUDfMNv0z,,,,,,,,,,,
Active weather in the tropics right now.  What's left of Gordon will fade out over the Midwest and bring some heavy rainfall to them.  Meanwhile Florence has flared up into a Category storm... https://t.co/wLGnuKk09G,,,,,,,,,,,
#HURRICANE Florence strengthens into Category 4 https://t.co/Fi7TZqv8d7,,,,,,,,,,,
"INTENSELY watching Hurricane Florence for the potential landfall near DELMARVA. Current Cat 4, may maintain strength as Cat 4 for poss landfall. Stay tuned!
@yohoster @GaryBrennan10 @MichaelDillman @APSBittner @MrJShupp @Skena3 @mrsbentleybhs @elGuardDuck @HAMcCabe @MrsSteele603 https://t.co/R4Rl9fo0QC",,,,,,,,,,,
"Gordon weakens, Hurricane Florence gains strength on path toward Bermuda https://t.co/dWHbKh9v7S",,,,,,,,,,,
"Gordon weakens, Hurricane Florence gains strength on path toward Bermuda: Tropical Storm Gordon weakened into a depression on Wednesday but was dumping heavy rains that threatened to cause floods across several southern U.S. states while Hurricane… https://t.co/iJcO7KeW8M https://t.co/KwpcJAe8pY",,,,,,,,,,,
The Doomsday scenario something right out of the movies of two major hurricane slamming into the East Coast back to back is now In Living Color on the GFS model #Florence #Helene https://t.co/Ap68ORrxb2,,,,,,,,,,,
Florence becomes first major hurricane of 2018 shocking forecasters https://t.co/n2LHPt9OSP,,,,,,,,,,,
"Gordon weakens, Hurricane Florence gains strength on path toward Bermuda https://t.co/Ces6IsMdE9",,,,,,,,,,,
"Gordon weakens, Hurricane Florence gains strength on path toward Bermuda https://t.co/8K2wP85CxA",,,,,,,,,,,
"While it's way too early to tell what if any impacts Florence may have to the US East Coast, it's not too early to check your hurricane kit &amp; hurricane plan this weekend anywhere from Florida to Maine. Lots of uncertainty and Florence will need to be watched closely. #SetzerSays https://t.co/XjCnf7JAyi",,,,,,,,,,,
"Gordon weakens, Hurricane Florence gains strength on path toward Bermuda https://t.co/IeEyxno4L5 https://t.co/fFAMZ5RjSE",,,,,,,,,,,
"Gordon weakens, Hurricane Florence gains strength on path toward Bermuda https://t.co/w3zPPqZBsv",,,,,,,,,,,
"An Update On 2018 Hurricane Season - Gordon, Florence, and What To Expect Next
https://t.co/S4KUTgYR4V",,,,,,,,,,,
"An Update On 2018 Hurricane Season - Gordon, Florence, and What To Expect Next
https://t.co/6kgMIm4Ee9",,,,,,,,,,,
"An Update On 2018 Hurricane Season - Gordon, Florence, and What To Expect Next
https://t.co/VSZ7mYtgtZ",,,,,,,,,,,
"UPDATE 4-Gordon weakens, Hurricane Florence gains strength on path toward Bermuda | Tropical Storm Gordon
weakened into a depression on Wednesday but was dumping heavy
rains that threatened to cause floods across several... | https://t.co/P3vWTRvBzK https://t.co/w7KXLGkCrc",,,,,,,,,,,
"Flourishing Florence: Hurricane becomes first category 4 storm of 2018
https://t.co/K7yTBJ31o4",,,,,,,,,,,
Hurricane Florence strengthens to Category 4 - 41NBC News | WMGT-DT https://t.co/73LUTiQRvK,,,,,,,,,,,
Florence upgraded to Category 4 hurricane in Atlantic https://t.co/gXacVW7NIN https://t.co/1POTbLadV3,,,,,,,,,,,
"Hurricane Florence strengthens in Atlantic: Tips to prepare for the storm
https://t.co/dKPCyLOFAm https://t.co/xpIQwKyc6P",,,,,,,,,,,
"Hurricane Florence, the first major hurricane of the year, could pose a threat to the US East Coast - CNN https://t.co/egKaQnB0rf",,,,,,,,,,,
Hurricane Florence strengthens into a Category 4 storm as two other tropical waves develop https://t.co/2fjCZLbgIQ,,,,,,,,,,,
"I've gotten a few questions about Hurricane Florence...
Please read and share with your friends.
(From NWS Raleigh)

#5 especially!!!
Anybody can put a weather map on the internet. Make sure you know the source. https://t.co/e8bQTxmKBn",,,,,,,,,,,
"Via Rob Fowler
Here is a quick StormTeam2 Hurricane Florence UPDATE from our 6pm newscast on WCBD News 2 https://t.co/XpEaHp9BsP",,,,,,,,,,,
"____#HurricaneFlorence____ #HeadsUp East Coast - you seem to be up next. #PrepareNow #HurricaneSeason #DisasterPreparedness 

https://t.co/UP35SDb6SW",,,,,,,,,,,
"Hurricane Florence, the first major hurricane of the year, could pose a threat to the US East Coast - CNN https://t.co/CMQX0FfTCC",,,,,,,,,,,
"Special weather update:

This is in regards to major hurricane Florence.  The models are now hinting at a “sandy like scenario” for the area

THIS WILL CHANGE!!!

But we need to keep a very watchful eye on this.... https://t.co/lDGw95a3ug",,,,,,,,,,,
HURRICANE FLORENCE MAJOR 130MPH CAT4! HEADING STRIGHT TO US COAST! Hurri... https://t.co/BzoAe8BSCy via @YouTube,,,,,,,,,,,
Hurricane Florence Becomes First Major Hurricane of the Season  https://t.co/NPpC3JyFNi,,,,,,,,,,,
"$drys
US Gulf dry bulk rates steady despite Gordon, Hurricane Florence 
https://t.co/0swJedbrXC",,,,,,,,,,,
"* #TropicalStorm Gordon: 2-year-old girl killed; East Coast eyes Florence, now Category 3 hurricane  https://t.co/aqrABtcexX * Child in Pensacola is 1st fatality of Tropical Storm Gordon: report  https://t.co/nbIzaOvgnt *… https://t.co/xU7YnsIfzw via https://t.co/nitEnWQLIQ https://t.co/Y501kZyglH",,,,,,,,,,,
"THREAD: Evening model runs are in... 18z GFS brings #Florence through the Delmarva Peninsula, making landfall somewhere between Norfolk and Ocean City, MD as a 952mb hurricane. Euro and CMC runs from earlier keep it offshore.

Where #Florence goes is all about the passing trough.",,,,,,,,,,,
#Florence Oh my__ That's a bit too close. Still have a little over a week to go so let us all hope that this monster turns away. #hurricane @weatherchannel @capitalweather https://t.co/KJv855OXMQ,,,,,,,,,,,
Update: Weakened Gordon Dumps Heavy Rains in Southeast; Hurricane Florence Heads Toward Bermuda https://t.co/797dEjTdXi,,,,,,,,,,,
"Florence has been upgraded to a Category 4 hurricane and is likely to cause ""life-threatening"" surf and rip current conditions in Bermuda later this week. https://t.co/QMQxYCvODG https://t.co/D4zdjXJHvs",,,,,,,,,,,
"Hurricane Florence, the first major hurricane of the year, could pose a threat to the US East Coast - CNN https://t.co/GctgvD2O0I The first of the calendar year, 2018?",,,,,,,,,,,
"Hurricane FLORENCE now a major category 4 hurricane, possible threat to Bermuda, U.S. East Coast next week.  https://t.co/MBw5yWwUvi https://t.co/aeC7WYnisg",,,,,,,,,,,
"As Tropical Storm Gordon moves inland, a Category 4 storm is churning in the Atlantic. Where Hurricane Florence could be headed: https://t.co/XL3c00bwb1 https://t.co/of0GsuysNe",,,,,,,,,,,
Florence upgraded to Category 4 hurricane in Atlantic https://t.co/Tz2PMxvLlv,,,,,,,,,,,
"A couple #TrajectoryModels both put #HurricaneFlorence on track to approach the Chesapeake Bay area, @ryanweather posts. https://t.co/NzCbKsLdBQ",,,,,,,,,,,
Hurricane Florence https://t.co/IrnRL6WRIk via @Ventuskycom,,,,,,,,,,,
@spann The error is so great over 7-10 days out. At best A Drunk Donkey Guess. Just look at last seasons models and the real tracks.  Go look at Past hurricane tracks where Florence is now? None have made landfall. https://t.co/qSWyWnxOVf,,,,,,,,,,,
Hurricane Florence forecast at https://t.co/X8jrrduCHw via @Windyforecast,,,,,,,,,,,
Man Rams Truck Into News Studio; UK Charges 2 Russians For Poisoning; 1 Child Killed by Storm; Florence is 1st Major Hurricane of Season; Stolen Wizard Of Oz Ruby Slippers Found After 13 Years; Navy Officer Arrested For Trying to Have Sex With Deaf Minor https://t.co/9oZ2xlAEbg,,,,,,,,,,,
@AngryBlackLady Hurricane Florence is a Category  4 storm. I'm hoping for a direct hit in one very specific place.,,,,,,,,,,,
Keep an eye on Category 4 Hurricane #Florence now swirling in the mid-Atlantic. It's gaining strength over humid waters and could threaten the East Coast next week. https://t.co/fBpIsAgr73,,,,,,,,,,,
"@wpbf_mike I don’t think #Hurricane #Florence will hit the East Coast. It will move in a northeasterly direction miles east of the East Coast and dissipate once it reaches near Europe, especially Portugal’s Azores Islands.",,,,,,,,,,,
Florence upgraded to Category 4 hurricane in Atlantic: https://t.co/iOLN1vH5gF https://t.co/sWhlAUBVNK,,,,,,,,,,,
"Watch Video Hurricane Florence is still growing, and North Carolina's Outer Banks could be in for quite the storm next week. Florence began as a tropical storm. It achieved hurricane status... https://t.co/8sXwAPDplt",,,,,,,,,,,
@Writer_DG Might be very wet with Hurricane Florence,,,,,,,,,,,
"@henrymcmaster “just like the teams have prepared for the college football games today, @southcarolina residents need to be prepared in case Hurricane Florence stays the course towards landfall!” @SCEmergency @SCNationalGuard @SCEMD @ColaChamber @CityofColumbia https://t.co/3aEVEnBDSk",,,,,,,,,,,
Not good #TropicalStormFlorence #HurricaneFlorence #Hurricane #Florence https://t.co/rMHbgs1uFM,,,,,,,,,,,
@WVUSPORTSGUY @jtoler20 Worried about next week with hurricane Florence potentially hitting the Carolinas,,,,,,,,,,,
"#Charleston may be the bullseye

#TropicalStormFlorence #HurricaneFlorence #Hurricane #Florence https://t.co/RgyjWOUmvC",,,,,,,,,,,
Hurricane Florence could hit East Coast next week https://t.co/CHEomoUM3i,,,,,,,,,,,
Hurricane Florence could slam into East Coast next week https://t.co/FwLFI6xASD via @NBCNews,,,,,,,,,,,
"Not good at all.

#TropicalStormFlorence #HurricaneFlorence #Hurricane #Florence https://t.co/zWuFgKB5eD",,,,,,,,,,,
All SC residents should prepare for possible impacts from Hurricane #Florence. https://t.co/Hzs9B3PwQt,,,,,,,,,,,
"Beware of Flo!

#TropicalStormFlorence #HurricaneFlorence #Hurricane #Florence https://t.co/5GGtgH5fLj",,,,,,,,,,,
@WeaponII How about y’all fight off Hurricane Florence __ https://t.co/NQnp8788fW,,,,,,,,,,,
First bump from Hurricane Florence #WillVogtPhotography #JaxBeachPier #SonyAlpha #VoidLive #AquaTech @surfline @VoidTheMag https://t.co/jHfXo9RJGE,,,,,,,,,,,
"72 and cool in #Kingstowne #AlexandriaVA and the rain/drizzle just started to fall. 

Pitter, Patter.

Thinking about #TropicalStormFlorence #HurricaneFlorence #Hurricane #Florence and if it is going hit us.

@hbwx @MelissaNordWx @TenaciousTopper @wusa9 @MiriWeather",,,,,,,,,,,
Hurricane Florence: Palmetto State In The Crosshairs - https://t.co/614LYWOJa4 https://t.co/uvECpWE1gg,,,,,,,,,,,
@suzjdean @ecl326 Unfortunately the models looks like Charleston is in the middle. #TropicalStormFlorence #HurricaneFlorence #Hurricane #Florence https://t.co/0v3hqFIXMy,,,,,,,,,,,
"Told my friends that I'm about to get hit with hurricane Florence, they send me this.... I love nky https://t.co/PDD0CQG2zx",,,,,,,,,,,
Nature perfection! #Hurricane #Florence #worldweather https://t.co/FvGixFSdf5,,,,,,,,,,,
So it looks like Hurricane Florence is getting ready to come to the US.   Are you ready if she decides to come our way?   #ReadyNC https://t.co/R7nPL4CdPE,,,,,,,,,,,
"CSRA friends - if Hurricane Florence hits the GA/SC coast we’ll likely be sheltering folks here. If so, the Red Cross can use your help!  Stay tuned for updates. Mike Kimball Lynn Reese Patti Evans Leopard Chad Harpley https://t.co/4wuPAgI4VA",,,,,,,,,,,
Hurricane Florence Forecast now trending towards the Southeast https://t.co/YVxyjOTQxE,,,,,,,,,,,
Gov. Cooper declares State of Emergency in NC ahead of Hurricane Florence https://t.co/0RbgOrMkha,,,,,,,,,,,
NASA's GPM peers under the clouds of Hurricane Florence https://t.co/0FrDtGlEva via @physorg_com,,,,,,,,,,,
"Maybe some should ask ""Where should I evacuate?"" or ""What do I need to supply on?"" rather than ""Where is Hurricane Florence going?"" ______ #hurricaneflorence #eastcoast #Floodgang __",,,,,,,,,,,
Hurricane #Florence is going to bring us alot more rain next week ? @BetsyKling  @JasonNweather @WintzWeather,,,,,,,,,,,
Live Update: South Carolina officials discuss Hurricane Florence preparations #scwx: https://t.co/d3ONBjyo0v via @YouTube,,,,,,,,,,,
#NSWNAlerts #NSWNwx @NWS #Flood #flooding #hurricane #Florence #TurnAroundDontDrown follow @NSWNwx on Discord at https://t.co/meeLr6KSiJ https://t.co/2176gx1xsO,,,,,,,,,,,
I liked a @YouTube video https://t.co/536HQlSu9Y Hurricane Florence is set to hit the East Coast &amp; could be the Worst Disaster in USA,,,,,,,,,,,
South Carolina declares state of emergency to prepare for impact from Hurricane Florence https://t.co/KuNEwbCHUy,,,,,,,,,,,
"The National Hurricane Center said the ""risk of direct impact"" to by the storm that could become Hurricane Florence is increasing. https://t.co/xT04LyCorU",,,,,,,,,,,
"Now we wait to see who has stronger ties to God. North Carolinians or South Carolinians.  We South Carolinians are praying that Hurricane Florence heads to NC while North Carolinians are praying she'll hit south of them. If we Carolinians were smart, we'd pray it would hit DC!",,,,,,,,,,,
"Well, thanks to Hurricane Florence I’ll be stuck here even longer. Can’t wait to evacuate to Georgia for a whole fucking week!!!",,,,,,,,,,,
Euro skips north. Stronger storm on this run. Southern North Carolina crush job. #hurricane #florence,,,,,,,,,,,
Hurricane Florence Engineered https://t.co/KHvVtd7yKW https://t.co/jOB6gI0HiW,,,,,,,,,,,
"Hurricane Florence is coming to kick my ass. 

P.S. to Flat Earthers: You're too stupid to live. Track the eye, and be sure to 'be there or be square'. https://t.co/bCzpBoVmM8",,,,,,,,,,,
"#scwx #Hurricane Florence

https://t.co/Wq72AsXSm7",,,,,,,,,,,
Hurricane Florence threatening East Coast. Path is still uncertain. https://t.co/qOJBqbeR1L,,,,,,,,,,,
Florence could threaten East Coast as a major hurricane late next week @CNN https://t.co/NzmlFqBwRw #Hurricane #Florence #Weather #Storm,,,,,,,,,,,
Who is ready for hurricane #Florence #Hurricane #HurricaneFlorence #Northcarolina #Storm #Atlantic #Storms #Weather #Rain #Wind #Power #Speed #Saturday #Caturday #cool #eye #strong #tag #twitter #tweet #tweets #RiseForClimate https://t.co/pm9YlAh0xJ,,,,,,,,,,,
"We at Operation Airdrop are slowly beginning to formulate potential operating plans for a response to Hurricane Florence in the Southeastern United States for late next week. to support any response we may stand up, please email Ryan.Spellman@FlyQIS.com and  Directors@FlyQIS.com",,,,,,,,,,,
"Meet Tropical Storm Florence - expected to become Hurricane Florence tonight and she heading straight for the Carolinas coast... where she will hit anyone's guess right now, but expected by end of next week.  @tata9064 @gail1954 @TVSanjeev ... I think this is quite beautiful... https://t.co/DOA8I5vmw0",,,,,,,,,,,
Governor McMaster issues state of emergency for South Carolina ahead of Hurricane Florence https://t.co/UK7qIeoMKC,,,,,,,,,,,
"@CRUAdjusters Ominous ""Finger of doom"" for the Carolinas in the NHC's latest track projection: little change in track of expected Cat 3 or higher hurricane Florence. Looking at a low-end loss of $20-$50 billion if this comes true...especially when you consider inland flooding. https://t.co/EkEJXl9xiT",,,,,,,,,,,
Tropical Storm or Hurricane? I don't know about you but I'm not taking any chances with Florence stopping by Virginia Beach. Read up on how to get ready.  #McCallInsurance #hurricane #florence #preparedness #VirginiaBeach  https://t.co/9NTvC78XCY,,,,,,,,,,,
@Dove_Wyoming Hangin with the Hoomans. Trying to stay cool and figure out what to do about Hurricane Florence,,,,,,,,,,,
"Ominous ""Finger of doom"" for the Carolinas in the NHC's latest track  projection: little change in track of expected Cat 3 or higher hurricane  Florence. Looking at a low-end loss of $20-$50 billion if this comes  true...especially when you consider inland flooding. https://t.co/6ZEiiLK3pX",,,,,,,,,,,
"Let’s go find a Hurricane !
#Florence #ChilisLove https://t.co/LIDenDqwtX",,,,,,,,,,,
"North Carolina has already declared at State of Emergency for Hurricane Florence?  Praying for all my NC fam and friends, as well as all of us one state up in VA",,,,,,,,,,,
"Hurricane Florence Headed for North Carolina on Friday September 14, 2018 https://t.co/71ScQxEKOL",,,,,,,,,,,
Sitting at home in Washington trying not to worry about my hometown in South Carolina. Hurricane Florence seems to have her eye on the Carolinas and will most likely make landfall while… https://t.co/LtWDMcCuNR,,,,,,,,,,,
"In preparation for hurricane Florence, Henderson NC battens down all the things. https://t.co/CTIveTActV",,,,,,,,,,,
Latest model guidance shows a major hurricane Florence near the Carolinas by Thursday. Stay weather alert! #alwx #ncwx #scwx #gawx @WBRCnews https://t.co/7AsRywTSUI,,,,,,,,,,,
"OK FLO JO
(HURRICANE FLORENCE)
I STOOD MY GROUND WITH YOUR SISTER IRMA AND I AINT SCARED OF YOU BUT I WILL BE PREPARED FOR YOU...",,,,,,,,,,,
"Where, when will Hurricane Florence hit? South Carolina, North Carolina possible landfall targets (models udpate) https://t.co/SR0YsVUnqo https://t.co/RxYmW1RrQw",,,,,,,,,,,
Looks like J and I will be evacuating soon for Tropical Storm/Hurricane Florence(never know which one it is__)__ excited cause we can go see his family but sucks cause we’ll be out of work for a few days,,,,,,,,,,,
i will gladly die in hurricane florence,,,,,,,,,,,
hey east coast buddies! with hurricane florence heading our way don’t forget about your local animal shelters. try and pick up an extra gallon or 2 of water for them if you are able to!!,,,,,,,,,,,
Major Hurricane Florence Forecast to Strike US Coast This Week https://t.co/p49HAigsh6,,,,,,,,,,,
SC under a state of emergency for Hurricane Florence..... great. Hope this doesn’t mess my up shot.,,,,,,,,,,,
Yo hurricane Florence got me scared,,,,,,,,,,,
"@MissKittyQuinn be careful, hurricane Florence is headed towards North Carolina",,,,,,,,,,,
"Folks along SC/NC coast need to pay close attention to soon-to-be Hurricane Florence. She is about to have favorable conditions for rapid intensification w/in the next 2-3 days. May re-curve, but most models showing a landfall along SC/NC coast by Tues/Wed next week. Prepare now! https://t.co/SRrR3o2y7H",,,,,,,,,,,
"Folks along SC/NC coast need to pay close attention to soon-to-be Hurricane Florence. She is about to have favorable conditions for rapid intensification w/in the next 2-3 days. May re-curve, but most models showing a landfall along SC/NC coast by Tues/Wed next week. Prepare now! https://t.co/1IM4FBypYj",,,,,,,,,,,
I liked a @YouTube video https://t.co/PJcjfnH3ah a look at hurricane florence &amp; the Ocean situation,,,,,,,,,,,
"@taylorswift13 Please help get people #ReadyForIt for Hurricane Florence.  Small &amp; medium businesses, houses of worship and families can get #ReadyForIt at https://t.co/Ie3w4qdcVJ in just 10 minutes!!",,,,,,,,,,,
"@justinbieber Please help save lives prior to Hurricane Florence.  Small &amp; medium businesses, houses of worship and families can get #ReadyForIt at https://t.co/Ie3w4qdcVJ in just 10 minutes!!",,,,,,,,,,,
"@Oprah Please help save lives prior to Hurricane Florence. Small &amp; medium businesses, houses of worship and families can get #ReadyForIt at https://t.co/Ie3w4qdcVJ in just 10 minutes!!",,,,,,,,,,,
"@ladygaga Please help save lives prior to Hurricane Florence. Small &amp; medium businesses, houses of worship and families can get #ReadyForIt at https://t.co/Ie3w4qdcVJ in just 10 minutes!!",,,,,,,,,,,
"@jtimberlake Please help save lives prior to Hurricane Florence. Small &amp; medium businesses, houses of worship and families can get #ReadyForIt at https://t.co/Ie3w4qdcVJ in just 10 minutes!!",,,,,,,,,,,
With the forecast track for Hurricane Florence showing that it may make landfall in the Carolinas it's NEVER to early to start to prepare and plan. More information here &gt;&gt; https://t.co/xw5EzHRAnN https://t.co/iwgjK4Wqwu,,,,,,,,,,,
"@KellyannePolls Please help save lives prior to Hurricane Florence. Small &amp; medium businesses, houses of worship and families can get #ReadyForIt at https://t.co/Ie3w4qdcVJ in just 10 minutes!!",,,,,,,,,,,
"Water is gone at Moncks Corner, Walmart in South Carolina ahead of hurricane Florence #hurricaneFlorence  #florence https://t.co/rYF1xXWAYO",,,,,,,,,,,
"@FLOTUS Please help save lives prior to Hurricane Florence. Small &amp; medium businesses, houses of worship and families can get #ReadyForIt at https://t.co/Ie3w4qdcVJ in just 10 minutes!!",,,,,,,,,,,
"@PressSec Please help save lives prior to Hurricane Florence. Small &amp; medium businesses, houses of worship and families can get #ReadyForIt at https://t.co/Ie3w4qdcVJ in just 10 minutes!!",,,,,,,,,,,
"@TuckerCarlson Please help save lives prior to Hurricane Florence. Small &amp; medium businesses, houses of worship and families can get #ReadyForIt at https://t.co/Ie3w4qdcVJ in just 10 minutes!!",,,,,,,,,,,
"@seanhannity Please help save lives prior to Hurricane Florence. Small &amp; medium businesses, houses of worship and families can get #ReadyForIt at https://t.co/Ie3w4qdcVJ in just 10 minutes!!",,,,,,,,,,,
"@maddow Please help save lives prior to Hurricane Florence. Small &amp; medium businesses, houses of worship and families can get #ReadyForIt at https://t.co/Ie3w4qdcVJ in just 10 minutes!!",,,,,,,,,,,
Hurricane Florence ________ https://t.co/9aQgk7nM7i,,,,,,,,,,,
"@KDTrey5 Please help your friends from PG County save lives prior to Hurricane Florence. Small &amp; medium businesses, houses of worship and families can get #ReadyForIt at https://t.co/Ie3w4qdcVJ in just 10 minutes!!",,,,,,,,,,,
"@KingJames Please help save lives prior to Hurricane Florence. Small &amp; medium businesses, houses of worship and families can get #ReadyForIt at https://t.co/Ie3w4qdcVJ in just 10 minutes!!",,,,,,,,,,,
I hope they're in the path of Hurricane Florence https://t.co/KYqmDsHHUL,,,,,,,,,,,
Norfolk News US Fleet Forces prepares to move out for Hurricane Florence - WAVY-TV https://t.co/NMHD7TcDgJ https://t.co/oc8V7CR6T0,,,,,,,,,,,
Be safe during Hurricane Florence @LexiErvinXO,,,,,,,,,,,
@kylegriffin1 Hasn't Hurricane Florence started to rain there yet?,,,,,,,,,,,
Jaguars at home about to be affected by hurricane Florence.   Under right away. Always can hedge,,,,,,,,,,,
South Carolina declares state of emergency to prepare for impact from Hurricane Florence https://t.co/pXt4wTLO3w,,,,,,,,,,,
"If you live on the SC coastline, Hurricane Florence may impact you. This afternoon, Gov. McMaster declared a State of Emergency. 
https://t.co/OcUKlkT8CX",,,,,,,,,,,
Hurricane Florence ECMWF model 10 day forecast 12 pm EST.   High pressure building off Africa initial steers Florence to the WNW. A strong high pressure ridge coming off the N East coast dips down behind Florence from a low pressure trough in the E Central Atlantic.____ https://t.co/AnkQpD1s4b,,,,,,,,,,,
"Virginia Hurricane ""Florence"" (Cat 4) Plan Ahead! #HurricaneFlorence #Periscope #Weather #Virgimia #Hrva #NewportNe… https://t.co/wYRUaelJ9h",,,,,,,,,,,
"@FootballUGA at @GamecockFB just kicked off. Loser gets Hurricane #Florence
https://t.co/2Zcct59364",,,,,,,,,,,
Hurricane Florence is getting mighty close,,,,,,,,,,,
"It might be a beautiful day here in South Carolina, but as Hurricane Florence approaches we urge you to prepare now. __Download the SCEMD app for checklists, the 2018 hurricane guide, evacuation routes, and... https://t.co/DbijkWNzj3",,,,,,,,,,,
"Due to Hurricane Florence, our cruise to Bermuda has been diverted to Nassau, Bahamas... I guess there’s no stopping us from having fun, __ Now the beautiful Grandeur Of The Seas is about… https://t.co/S5SoWboV3S",,,,,,,,,,,
Hurricane Florence heading for East coast ____  https://t.co/35HiOLI3QU,,,,,,,,,,,
Just singlehandedly decreased Charlotte’s hurricane #FLORENCE chances by purchasing this #excusetobuytoys @wxbrad https://t.co/z4l2hA035q,,,,,,,,,,,
So hurricane florence could hit us really hard next week. I'll keep y'all updated.,,,,,,,,,,,
@MatthewIsYa @stefanieGMJ @mggyy @bellahadid @MargotRobbie @simihaze @GalGadot NEW - Hurricane Florence to be CAT 5 - NHC - https://t.co/dGdVaJqosr @stefanieGMJ @simihaze @MargotRobbie @GalGadot @mggyy,,,,,,,,,,,
Massive Hurricane Florence expected to HIT the US next weekend as a cat 4 or 5 https://t.co/GbGWUcJzzX,,,,,,,,,,,
@MatthewIsYa @stefanieGMJ @mggyy @bellahadid @MargotRobbie @simihaze @GalGadot Hurricane Florence could take aim at East Coast - https://t.co/I8aYr5XZpg @stefanieGMJ @simihaze @MargotRobbie @GalGadot @mggyy,,,,,,,,,,,
Huh. Wasn’t I hearing recently it wasn’t supposed to make landfall? #hurricane #florence https://t.co/I4rPlxPG0r https://t.co/JrIdUpZ1JH,,,,,,,,,,,
South Carolina just declared State of Emergency for Hurricane Florence. Latest path shows direct hit to Hilton Head but still early for certainty. Belfair team is preparing for the worst to be safe and prepared.,,,,,,,,,,,
I liked a @YouTube video https://t.co/iGHvkyEhjZ Hurricane Florence is set to hit the East Coast &amp; could be the Worst Disaster in USA,,,,,,,,,,,
@MatthewIsYa @stefanieGMJ @mggyy @bellahadid @MargotRobbie @simihaze @GalGadot Hurricane Florence expected to strengthen as it nears the East Coast - https://t.co/MSK3elUdQO @stefanieGMJ @simihaze @MargotRobbie @GalGadot @mggyy,,,,,,,,,,,
"@ScottAnthonyUSA I really enjoyed you video on Hurricane Florence today, whats your thoughts on Florence catching up to and swallowing invest 94? https://t.co/KUypav2d7m",,,,,,,,,,,
"Hurricane #Florence Prep __
I have enough Diet Coke to last me 12 hours --
In other news, I may have a Diet Coke problem. @CocaCola https://t.co/3FJChsu0it",,,,,,,,,,,
"Preparing for the potential hit from Hurricane Florence. Water, nonperishable food, batteries, flashlights, generator, propane for the grill...I’m ready for you Florence.",,,,,,,,,,,
"https://t.co/vrcecljd5w
Hurricane Florence update",,,,,,,,,,,
Soooooo this hurricane Florence is supposed to hit North Carolina the day before I'm supposed to fly out for Dreamville Fest https://t.co/XZfKJ2cqXL,,,,,,,,,,,
Hurricane Florence is on her way! https://t.co/cwRIPo0bU4 https://t.co/cwRIPo0bU4,,,,,,,,,,,
Looks like South Carolina has a good chance to get by Hurricane Florence hit Thursday 2 am EST.  https://t.co/UdgVnKKOos,,,,,,,,,,,
"Hurricane Florence churns toward Bermuda as Gordon soaks U.S. https://t.co/dYkbcSST13 via @CBSNews: The announcer / presenter of this article just called the president of the United States ""Mr. Trump""(??)--if I understood him correctly. I didn't appreciate that!",,,,,,,,,,,
@KilduffReport $COP $XOM $XLE $CL_F $OIL $WTI $XOP $OIH ConocoPhillips &amp; ExxonMobil Oil Price Bullish as Hurricane Florence Can Effect East Coast Offshore Oil &amp; Gas Rigs &amp; Energy Infrastructures https://t.co/Xyh2wI8PNF @CroftHelima @KristenScholer @petenajarian @TulliiLLC @WSJ,,,,,,,,,,,
"Although it isn't clear yet exactly where potential Hurricane Florence will make landfall next week, the state of South Carolina isn't taking any chances. https://t.co/fkWgUhxLCT https://t.co/BoPZSkSq2l",,,,,,,,,,,
$COP $XOM $XLE $CL_F $OIL $WTI $XOP $OIH ConocoPhillips &amp; ExxonMobil Oil Price Bullish as Hurricane Florence Can Effect East Coast Offshore Oil &amp; Gas Rigs &amp; Energy Infrastructures https://t.co/Xyh2wI8PNF @oilgasTicker @WSJ @LlcBillionaire @ftenergy @bill_baruch @jimiuorio @SethCL,,,,,,,,,,,
"Keeping an eye on Hurricane Florence, especially since my mother-in-law and son are right in its path. Hope you SC/NC/GA residents are stocked up on food, water and yarn. This one is... https://t.co/JF5N1jbX44",,,,,,,,,,,
$COP $XOM $XLE $CL_F $OIL $WTI $XOP $OIH ConocoPhillips &amp; ExxonMobil Oil Price Bullish as Hurricane Florence Can Effect East Coast Offshore Oil &amp; Gas Rigs &amp; Energy Infrastructures https://t.co/Xyh2wI8PNF https://t.co/ujzcvOqpPo,,,,,,,,,,,
"Meteorologists in the USA are keeping a very close eye on hurricane Florence, which may hit the US east coast. The latest ECMWF weather forecast has a full direct hit in the Carolinas. Still 6 days ahead, let's hope this does not become reality. https://t.co/rCc8uilH0O https://t.co/QWwRuPRExE",,,,,,,,,,,
"Hurricane Florence to make landfall soon, prayers for my son, his wife, and his squadron down at Oceanna Naval Air Station",,,,,,,,,,,
"Hurricane Florence 2018, Priyanka Chopra, Bill Daily, ...",,,,,,,,,,,
"Tropical Storm Florence creeps closer to US, to head toward East Coast as major hurricane - USA TODAY #Hurricane Florence 2018 #news
https://t.co/MLpKms8U3n
https://t.co/3zg7ehLPtm https://t.co/HpJFdzsF7V",,,,,,,,,,,
Already making lists for Hurricane Florence because I’m terrified ______ https://t.co/xI1NJRfOHk,,,,,,,,,,,
@WilliamShatner I'm making sure my family is preparing for hurricane Florence.,,,,,,,,,,,
"Tropical Storm (soon to be Hurricane) #Florence News
Follow my lists:
WEATHER https://t.co/nPeMBfdTPL
FLORIDA https://t.co/l2MqWbkBSz
GEORGIA https://t.co/AdQLT9XgNw
SOUTH CAROLINA https://t.co/WWrh1DuriM
NORTH CAROLINA https://t.co/J762QGrE18
VIRGINIA https://t.co/rARikiJ4lS",,,,,,,,,,,
For the Greensboro mania show I don’t want to upset or scare anyone but you need to definitely keep an eye out on the weather! Hurricane Florence could potentially hit and effect Greensboro and the show may end up being cancelled due to safety concerns,,,,,,,,,,,
https://t.co/fdxO88i7tO * Hurricane Florence 2018 * Priyanka Chopra * Bill Daily * George Zimmerman * Nikki Reed * Avicii * Jabari Bird * Nicco Montano * Mac Miller * Cardi B * Elon Musk * Nadal * Sierra Burgess Is A Big Loser * Mexico vs Uruguay * Obama Speech * Botham Shem…,,,,,,,,,,,
#RedCross volunteers and staff are working around-the-clock to prepare for Hurricane #Florence. Now is the time for you to get ready: https://t.co/S9jKXzqexE #scnews #scwx https://t.co/gHWUQPD190,,,,,,,,,,,
"Carolina Coast should be preparing for what will be Hurricane Florence. Most models show a landfalling hurricane (Cat 3 or Cat 4, could be stronger) from the South Carolina Coast north into North Carolina Thursday. https://t.co/0D9uwwz6w0",,,,,,,,,,,
Before Hurricane Florence makes landfall in the outer banks... does anyone wanna admit they got a crush on me,,,,,,,,,,,
Hurricane Florence don't come to SC on the 14th or 15th challenge,,,,,,,,,,,
Hurricane Florence: Palmetto State In The Crosshairs https://t.co/fZGBKOvwBo,,,,,,,,,,,
"Governor Henry McMaster today issued an executive order declaring a state of emergency and, along with the S.C. Emergency Management Division, has urged South Carolinians to prepare for the possibility of Hurricane Florence impacting the state.  https://t.co/yQ6iqOi23W https://t.co/1JwLluuT22",,,,,,,,,,,
"@KimYarnwrangler @RogueUSMint Lucky you.  We have Hurricane Florence headed a bit north of Florida., but they turn on a dime.",,,,,,,,,,,
"What's with the gas prices going up all of a sudden? Let me guess... Hurricane Florence fears? (@ Quik Shop in Lexington Park, MD) https://t.co/SiKG9K7EbD",,,,,,,,,,,
"@valkyr_warrior Hey quick heads up Fey. Hurricane Florence is gonna hit our general area head on around Thursday. Please be safe, ok??",,,,,,,,,,,
Come on hurricane Florence!! Let's shut down work for a week.,,,,,,,,,,,
"5 pm Advisory for Tropical Storm Florence. 

Florence continues to track across the Atlantic. Some dry air still hampering Florence a little bit which is why we haven’t seen Florence become a Hurricane. Florence... https://t.co/kBuvpTeTE2",,,,,,,,,,,
"5 pm Advisory for Tropical Storm Florence. 

Florence continues to track across the Atlantic. Some dry air still hampering Florence a little bit which is why we haven’t seen Florence become a Hurricane. Florence... https://t.co/043VRexqqD",,,,,,,,,,,
We love having Tyra as part of our team — and she’s definitely going to have her work cut out for her as we ramp up for Hurricane Florence. https://t.co/MHnKlFduuR,,,,,,,,,,,
Red Cross Readies for Hurricane Florence; Offers Preparedness Tips #chsnews #BerkeleyCounty https://t.co/HLk6odBtsx,,,,,,,,,,,
Anyone following me from Georgia to NJ should take preparations for the on coming event of Hurricane Florence. Expected to Make landfall as of now between Georgia and Virginia but massive amounts of rain will affect north of there potential flooding is huge.,,,,,,,,,,,
"12Z Euro Ensembles for Hurricane Florence are terrifying. Have to assume a SE US hit. ***As I said earlier today, we've got to start preparing or the people who do end up in the actual track won't have time.*** MORE: https://t.co/fHhUovtued https://t.co/OvqVUqBKRf",,,,,,,,,,,
"Hurricane Florence is coming (@ Kroger Fuel Center in Savannah, GA) https://t.co/Z8GkHRmR7y",,,,,,,,,,,
"Hurricane Florence discussions for folks in the Eastern NC communities of Morehead City, Emerald Isle, and Atlantic Beach. #ncwx #weather #Florence #HurricaneFlorence

https://t.co/gdE9g2pYMW",,,,,,,,,,,
"Not good at all.

#TropicalStormFlorence #HurricaneFlorence #Hurricane #Florence https://t.co/ZeQ2N7Am5J",,,,,,,,,,,
S.C. Governor Henry McMaster declares State of Emergency in light of Hurricane Florence. Says be alert. Not currently mandating evacuations. #SCNews #SCTweets —&gt; https://t.co/pWGrRcOkSC https://t.co/tzy7faY6i7,,,,,,,,,,,
NEW - Hurricane Florence to be CAT 5 - NHC https://t.co/EU0e5Fz9uT via @YouTube   This looks to be a mother. Stay alert.,,,,,,,,,,,
US Navy Orders All Its Ships in VA Area - Be Ready to Put to Sea Monday - Hurricane Florence https://t.co/gQYLrZajfr,,,,,,,,,,,
"Hurricane #Florence may have been downgraded to a tropical storm, but experts are predicting that it will get its second wind over the weekend. https://t.co/lZ0KebHqLe",,,,,,,,,,,
Hurricane Florence Sat Sep 8: https://t.co/vXIFY81TdC via @YouTube,,,,,,,,,,,
"God's Pit Crew, a Danville based non-profit crisis response team, has released a statement saying the organization stands ready to respond to Hurricane Florence.  https://t.co/tc71RrIjZQ",,,,,,,,,,,
South Carolina declares state of emergency to prepare for impact from Hurricane Florence via /r/news https://t.co/l25QwR1baJ,,,,,,,,,,,
"For You All Who Ain't Been Watching Hurricane Florence ..They Just Said She Is Making A Strong Left Turn And Making Landfall Near Jacksonville and Orlando in coming Days
..",,,,,,,,,,,
Its time to hurricane prep! Check out the images below for deals. __ My state has already declared state of emergency due to hurricane Florence. So now is the time to prepare. All earnings from this deal go to hurricane supplies for my family and I. https://t.co/dujjPF4ph2,,,,,,,,,,,
North Carolina issues state of emergency as Hurricane Florence nears https://t.co/GP6kkZIQIS https://t.co/U5aAx9CltR,,,,,,,,,,,
LIVE - Hurricane Florence Track and Updates https://t.co/F325NxeMOf via @YouTube,,,,,,,,,,,
Get Ready For Insane Climate Ambulance Chasing Headlines: Global Warming Causing “Unprecedented Hurricane” Florence!  https://t.co/jmoCVtPHm3,,,,,,,,,,,
@stonesour what is the plan if  hurricane Florence goes over Raleigh next week?,,,,,,,,,,,
"North Carolina Gullah Geechee Family, Are you prepared for hurricane season? Now is the time to review your  plans as Hurricane Florence approaches. Don't get caught https://t.co/0eagsO96W3 gov. declares state of emergency ahead of Florence https://t.co/nlEjtsl2tu",,,,,,,,,,,
"The risk of Hurricane Florence affecting the Southeast has increased from Florida to the Carolinas, the National Hurricane Center said. https://t.co/ATiFwGXbxT",,,,,,,,,,,
"The risk of Hurricane Florence affecting the Southeast has increased from Florida to the Carolinas, the National Hurricane Center said. https://t.co/lGyGfUyxAa",,,,,,,,,,,
U.S. Fleet Forces prepares to move out for Hurricane Florence https://t.co/2XYYnTQTid,,,,,,,,,,,
"The risk of Hurricane Florence affecting the Southeast has increased from Florida to the Carolinas, the National Hurricane Center said. https://t.co/DCU107zIN6",,,,,,,,,,,
"As #hurricane #Florence nears, are you hurricane ready? Make sure you have your #disaster kit ready, know your zone, and know your plan for evacuation. Be prepared. Stay #safe. Head to our website, https://t.co/u9Oi2Ha6g1 for more information on how to be ready. #SCTWEETS",,,,,,,,,,,
"The risk of Hurricane Florence affecting the Southeast has increased from Florida to the Carolinas, the National Hurricane Center said. https://t.co/SWPwwiAN3r",,,,,,,,,,,
Hurricane florence can you fuck off plz don't hit me and rip my house in two,,,,,,,,,,,
Crazy hurricane FLORENCE 2018 | News Update | Weather channel live https://t.co/4PeYT7c6BN,,,,,,,,,,,
"The risk of Hurricane Florence affecting the Southeast has increased from Florida to the Carolinas, the National Hurricane Center said. https://t.co/4HEnIMEm5j",,,,,,,,,,,
"As I’m on the phone changing our hotel reservations due to Hurricane Florence, we take our exit on the highway.... which was named........ Florence.",,,,,,,,,,,
@Dreamvillefest Do y’all think that hurricane Florence will disrupt the festival?,,,,,,,,,,,
"@MikeProtich Raining here too, hurricane Florence...",,,,,,,,,,,
State of emergency declared for Virginia in anticipation of what-will-be hurricane Florence,,,,,,,,,,,
@BillKarins @JanessaWebb Blackdragon can make it happen!!hurricane Florence I see nothing with my minds eye making landfall ;But perhaps Boston should hamper down!?! I got this Blackdragon!,,,,,,,,,,,
Me if Hurricane Florence comes to NC. https://t.co/L5i6i0U3tb,,,,,,,,,,,
Virginia joins North Carolina and South Carolina in declaring a state of emergency ahead of Tropical Storm (soon to be Hurricane) #Florence. https://t.co/yNaNFy2SF0,,,,,,,,,,,
With Hurricane Florence _____ looking like it could potentially be heading our way it is critical that you begin planning now and that you include your pets ____ in your plans. PETS ARE FAMILY and there is... https://t.co/aBWEQUaKaJ,,,,,,,,,,,
"Female Hurricane Florence Means Business:
Governor of South Carolina declared a State of Hysteria.
Buy all the bottled water you can find and fill your RV gas tanks.
Be ready to drive in some random direction for safety.
All lanes will be contra-directional. Ignore hoax signage.",,,,,,,,,,,
"*patricia watching the weather about the potential hurricane*
patty: “nope i’m not doin this. i’m not partaking in this hurricane florence” 

and thus it’s returns the adventures of patty and lexi #PattyAndLexiTakeOnHurricaneFlorence",,,,,,,,,,,
Virginia joins both of the Carolinas in issuing a state of emergency several days ahead of the potential arrival of what is expected to be Hurricane Florence. https://t.co/OJmKteWwqe,,,,,,,,,,,
"Hot Topics: Hurricane Florence 2018, TMZ, Priyanka Chopra, Rafael Nadal, ...",,,,,,,,,,,
@coreygrayy That’s crazy there was already a hurricane Florence I lived through it in MD,,,,,,,,,,,
@BenWhoTravels Who names a hurricane 'Florence'?,,,,,,,,,,,
Three states have declared states of emergency ahead of soon-to-be-Hurricane #Florence. This allows these states to move resources and money around easier to prepare for the hurricane. https://t.co/V9WXLlfes2,,,,,,,,,,,
Three states have declared states of emergency ahead of soon-to-be-Hurricane #Florence. This allows these states to move resources and money around easier to prepare for the hurricane. https://t.co/ivJk7p8qw9,,,,,,,,,,,
It’s a State of Emergency in Va now for Hurricane Florence,,,,,,,,,,,
Pressure on White Helmets for take 57 of fake chemical attack in Idlib to succeed before Hurricane Florence hits US news TV and SAA get them,,,,,,,,,,,
"@theESTONphoto Updates on later on this week??? With hurricane Florence, Virginia has already declared stare of emergency.",,,,,,,,,,,
Greetings from /r/tropicalweather. Hurricane Florence threatens the area. We'd like to invite you to come track with us. https://t.co/2fMzJiijQY https://t.co/fTtaLmZ06C,,,,,,,,,,,
More projections. #TropicalStormFlorence #HurricaneFlorence #Hurricane #Florence #HurricaneStrong #TropicalStormIsaac #TropicalStormHelene https://t.co/1mgdI1rnEV,,,,,,,,,,,
"I pray hurricane Florence doesn’t come inland and stays her ass out in the ocean, far away from my baecation",,,,,,,,,,,
Hurricane Florence GFS model 10 day forecast 6 pm EST. High pressure building off Africa initial steers Florence to the WNW. A strong high pressure ridge coming off the N East coast dips down behind Florence from a low pressure trough in the E Central Atlantic and ____ https://t.co/s1sg5j0waD,,,,,,,,,,,
They really taking this serious! #TropicalStormFlorence #HurricaneFlorence #Hurricane #Florence #HurricaneStrong #TropicalStormIsaac #TropicalStormHelene https://t.co/yFbQwTneE7,,,,,,,,,,,
Pretty funny #TropicalStormFlorence #HurricaneFlorence #Hurricane #Florence #HurricaneStrong #TropicalStormIsaac #TropicalStormHelene https://t.co/IWcVhTDXWJ,,,,,,,,,,,
Glad we have the National Guard #TropicalStormFlorence #HurricaneFlorence #Hurricane #Florence #HurricaneStrong #TropicalStormIsaac #TropicalStormHelene https://t.co/Hep9qNEyM0,,,,,,,,,,,
"Smart, planning early, rather than wait.

#TropicalStormFlorence #HurricaneFlorence #Hurricane #Florence #HurricaneStrong #TropicalStormIsaac #TropicalStormHelene https://t.co/rLlSuPEJYy",,,,,,,,,,,
"Florence Italy must be really confused right now, and this coming week.

#TropicalStormFlorence #HurricaneFlorence #Hurricane #Florence #HurricaneStrong #TropicalStormIsaac #TropicalStormHelene",,,,,,,,,,,
Egad: Latest GFS model shows a category 3-4 Hurricane #Florence parked over mid-Atlatic Coast next weekend &amp; slowly passing up NYC/ NE inland 19-20th as Cat 2 https://t.co/Ffq1ygVsTE https://t.co/xfLqlHMU6X,,,,,,,,,,,
"With hurricane Florence setting it’s target on Myrtle Beach, had make a quick trip to the beach to bring our girl home.  Hanging out with my dad and father in law for the night. ‘Bout time to introduce them to the best Grouper sandwich in SC at Bubba’s L… https://t.co/PIhjvY5vqD https://t.co/tCHpzyPMoX",,,,,,,,,,,
"More information on Hurricane Florence.  Colleton County citizens should continue to prepare and monitor local news, media, and the national weather service. https://t.co/bay9ZAtTDS",,,,,,,,,,,
"Will Hurricane Florence impact Union County? This is unknown currently, but as we get closer to next Sunday, the path of the hurricane should be more evident.",,,,,,,,,,,
@Stephen_Georg please be safe you and your family. Its likely hurricane florence will impact you guys as a startling category 4 hurricane.,,,,,,,,,,,
Here is the latest in the preparations ahead of Hurricane #Florence #scwx #ncwx #vawx https://t.co/o1yoL43XKi,,,,,,,,,,,
"Via The Hurricane Network
Here is the latest in the preparations ahead of Hurricane Florence: 
* States of Emergencies have been declared for North Carolina, South Carolina, and Virginia. 
* Florence is... https://t.co/CiuVTlECxj",,,,,,,,,,,
hurricane Florence 2018: https://t.co/AgzNKyLxxn via @YouTube,,,,,,,,,,,
"The likelihood of Hurricane Florence, for those with Carolina beach vacations next week. https://t.co/vyzhvHxfas",,,,,,,,,,,
"i have a stats test thursday so hurricane florence, plz do ur thing ____",,,,,,,,,,,
Hurricane Florence Update 2018 Sat 2pm: https://t.co/t1W8sDeKgB via @YouTube,,,,,,,,,,,
Why the hell people not talking about soon to be again Hurricane #Florence and it barreling into the Carolinas?!  It's a virtual 100% guarantee on Thursday Night as a  huge major hurricane. I know politics coverage and stuff but this could be their worst storm since Hugo. :| #mlp https://t.co/XextagmAEY,,,,,,,,,,,
Hurricane Florence Sighting Weather Cast https://t.co/EpcAhbNCfT,,,,,,,,,,,
"As Hurricane Florence Nears the US, Here’s What to Know About #Travel #Insurance Coverage  https://t.co/oLGkmNbNqJ https://t.co/fw7IJkSyUm",,,,,,,,,,,
"As Hurricane Florence Nears, Here's What To Know About #Travel #Insurance Coverage  https://t.co/5OmSlxn65d https://t.co/j9LXIwiE82",,,,,,,,,,,
"As Hurricane Florence Nears the US, Here’s What to Know About #Travel #Insurance Coverage  https://t.co/mvmTWExfH4 https://t.co/8SW1rFT9oL",,,,,,,,,,,
"As Hurricane Florence Nears, Here's What To Know About #Travel #Insurance Coverage  https://t.co/0IM5Ld0y7J https://t.co/OunHne8mAj",,,,,,,,,,,
Look at all those storms behind Hurricane Florence rolling off the coast of Africa.   I hate this time of year. https://t.co/ZYsesHp2z2,,,,,,,,,,,
Flooding in neighborhoods into folks front yards in Great Bridge section of Chesapeake! Some worried now before hurricane Florence https://t.co/iiUHwOpwrc,,,,,,,,,,,
*HURRICANE FLORENCE* STATE OF EMERGENCY! SOUTH &amp; NORTH CAROLINA HELENE &amp;... https://t.co/v60F7KAvDO via @YouTube,,,,,,,,,,,
"LOTS GOING ON! HURRICANE FLORENCE HITS CAT.4, COULD HIT EAST COAST, GORDON TO TAKE CURVED PATH - DAHBOO77 REPORTING;) - 

*^*

https://t.co/Axu4NrLTC2",,,,,,,,,,,
Yea sooo about Hurricane Florence....... hummmm,,,,,,,,,,,
Hurricane Florence is just my excuse to go see logan __,,,,,,,,,,,
"We are offering 20% off boarding for pets evacuating due to Hurricane Florence. So if you or someone you know is heading to the Atlanta area with pets and might not have ""pet-friendly"" lodging available, we're... https://t.co/73pyszdzcv",,,,,,,,,,,
LIVE - Hurricane Florence Track and Updates https://t.co/mmMibtWGq4 via @YouTube,,,,,,,,,,,
@PBandJenelley_1 will y’all evacuate for Hurricane Florence or just ride it out at home? We’ll be getting this one here in VA too but not as bad as out on the coast! Stay safe!,,,,,,,,,,,
"Virginia, North and south Carolina declared state of emergencies for Hurricane #Florence The east coast at this time should be ready for large swells and coastal erosion. There is still questions on exact track, does it make land fall, how strong?",,,,,,,,,,,
Preparing For Hurricane Florence like... https://t.co/qHuqAQJ72N,,,,,,,,,,,
"@FlyboyGeo @walstylez __ I won’t give them the time of day, bro.. and hopefully next week Hurricane Florence won’t give us the time day and stay the hell away..__",,,,,,,,,,,
"#Regional – Hurricane Florence, the first major Atlantic hurricane of the season, could be coming our way. N.C. + S.C. are keeping tabs on the category 4 storm, which would hit the coasts on its current trajectory (but is predicted to veer east). __https://t.co/oHT2uaUSDG",,,,,,,,,,,
*HURRICANE FLORENCE* STATE OF EMERGENCY! SOUTH &amp; NORTH CAROLINA HELENE &amp;... https://t.co/NezaSXcReX via @YouTube,,,,,,,,,,,
Hurricane Florence Update &amp; Discussion: https://t.co/Gg2r7fEbXD via @YouTube,,,,,,,,,,,
*HURRICANE FLORENCE* STATE OF EMERGENCY! SOUTH &amp; NORTH CAROLINA HELENE &amp;... https://t.co/lPxKngI3AW via @YouTube,,,,,,,,,,,
@imgutter718 I'm coming to NYC next weekend because category 4 hurricane florence GA can't handle it soooo __ ya soon ______,,,,,,,,,,,